#
# There is insufficient memory for the Java Runtime Environment to continue.
# Native memory allocation (mmap) failed to map 16777216 bytes for Failed to commit area from 0x00000000baf00000 to 0x00000000bbf00000 of length 16777216.
# Possible reasons:
#   The system is out of physical RAM or swap space
#   The process is running with CompressedOops enabled, and the Java Heap may be blocking the growth of the native heap
# Possible solutions:
#   Reduce memory load on the system
#   Increase physical memory or swap space
#   Check if swap backing store is full
#   Decrease Java heap size (-Xmx/-Xms)
#   Decrease number of Java threads
#   Decrease Java thread stack sizes (-Xss)
#   Set larger code cache with -XX:ReservedCodeCacheSize=
#   JVM is running with Unscaled Compressed Oops mode in which the Java heap is
#     placed in the first 4GB address space. The Java Heap base address is the
#     maximum limit for the native heap growth. Please use -XX:HeapBaseMinAddress
#     to set the Java Heap base and to place the Java Heap above 4GB virtual address.
# This output file may be truncated or incomplete.
#
#  Out of Memory Error (os_windows.cpp:3450), pid=16784, tid=11720
#
# JRE version: OpenJDK Runtime Environment Microsoft-13096984 (11.0.30+7) (build 11.0.30+7-LTS)
# Java VM: OpenJDK 64-Bit Server VM Microsoft-13096984 (11.0.30+7-LTS, mixed mode, sharing, tiered, compressed oops, g1 gc, windows-amd64)
# No core dump will be written. Minidumps are not enabled by default on client versions of Windows
#

---------------  S U M M A R Y ------------

Command Line: -Xmx2g -Djava.library.path=C:/hadoop/bin -Dhadoop.home.dir=C:/hadoop -XX:+IgnoreUnrecognizedVMOptions --add-opens=java.base/java.lang=ALL-UNNAMED --add-opens=java.base/java.lang.invoke=ALL-UNNAMED --add-opens=java.base/java.lang.reflect=ALL-UNNAMED --add-opens=java.base/java.io=ALL-UNNAMED --add-opens=java.base/java.net=ALL-UNNAMED --add-opens=java.base/java.nio=ALL-UNNAMED --add-opens=java.base/java.util=ALL-UNNAMED --add-opens=java.base/java.util.concurrent=ALL-UNNAMED --add-opens=java.base/java.util.concurrent.atomic=ALL-UNNAMED --add-opens=java.base/jdk.internal.ref=ALL-UNNAMED --add-opens=java.base/sun.nio.ch=ALL-UNNAMED --add-opens=java.base/sun.nio.cs=ALL-UNNAMED --add-opens=java.base/sun.security.action=ALL-UNNAMED --add-opens=java.base/sun.util.calendar=ALL-UNNAMED --add-opens=java.security.jgss/sun.security.krb5=ALL-UNNAMED -Djdk.reflect.useDirectMethodHandle=false org.apache.spark.deploy.SparkSubmit --conf spark.executor.memory=1g --conf spark.master=local[*] --conf spark.driver.memory=2g --conf spark.jars.packages=io.delta:delta-spark_2.12:3.1.0 --conf spark.sql.catalog.spark_catalog=org.apache.spark.sql.delta.catalog.DeltaCatalog --conf spark.app.name=axa-claims-lakehouse --conf spark.memory.storageFraction=0.3 --conf spark.executor.cores=2 --conf spark.sql.shuffle.partitions=4 --conf spark.hadoop.io.native.lib.available=false --conf spark.sql.extensions=io.delta.sql.DeltaSparkSessionExtension --conf spark.kryo.registrationRequired=false --conf spark.default.parallelism=4 --conf spark.databricks.delta.optimizeWrite.enabled=true --conf spark.sql.adaptive.enabled=true --conf spark.sql.autoBroadcastJoinThreshold=10m --conf spark.sql.adaptive.coalescePartitions.enabled=true --conf spark.serializer=org.apache.spark.serializer.KryoSerializer --conf spark.memory.fraction=0.6 --conf spark.executor.extraJavaOptions=-Djava.library.path=C:/hadoop/bin -Dhadoop.home.dir=C:/hadoop --conf spark.databricks.delta.schema.autoMerge.enabled=true --conf spark.sql.adaptive.skewJoin.enabled=true --conf spark.driver.extraJavaOptions=-Djava.library.path=C:/hadoop/bin -Dhadoop.home.dir=C:/hadoop pyspark-shell

Host: Intel(R) Core(TM) i5-6300U CPU @ 2.40GHz, 4 cores, 7G,  Windows 10 , 64 bit Build 19041 (10.0.19041.5915)
Time: Wed Apr 29 00:10:38 2026 Romance Summer Time elapsed time: 208.449728 seconds (0d 0h 3m 28s)

---------------  T H R E A D  ---------------

Current thread (0x00000210bbe5c000):  JavaThread "Executor task launch worker for task 1.0 in stage 155.0 (TID 1168)" daemon [_thread_in_vm, id=11720, stack(0x00000093dfd00000,0x00000093dfe00000)]

Stack: [0x00000093dfd00000,0x00000093dfe00000]
Native frames: (J=compiled Java code, j=interpreted, Vv=VM code, C=native code)
V  [jvm.dll+0x65984a]
V  [jvm.dll+0x7eb8e8]
V  [jvm.dll+0x7ecfd9]
V  [jvm.dll+0x7ed6e3]
V  [jvm.dll+0x26d045]
V  [jvm.dll+0x656c19]
V  [jvm.dll+0x64aa05]
V  [jvm.dll+0x3342de]
V  [jvm.dll+0x334162]
V  [jvm.dll+0x338d06]
V  [jvm.dll+0x37e217]
V  [jvm.dll+0x37dc82]
V  [jvm.dll+0x30f924]
V  [jvm.dll+0x30b313]
V  [jvm.dll+0x5ebc63]
V  [jvm.dll+0x5eb743]
V  [jvm.dll+0x2117cd]
V  [jvm.dll+0x7c3d4b]
V  [jvm.dll+0x1968f3]
C  0x00000210a1194df7

Java frames: (J=compiled Java code, j=interpreted, Vv=VM code)
v  ~RuntimeStub::new_type_array Runtime1 stub
J 29373 c1 org.apache.spark.unsafe.memory.HeapMemoryAllocator.allocate(J)Lorg/apache/spark/unsafe/memory/MemoryBlock; (242 bytes) @ 0x00000210a4c4d8eb [0x00000210a4c4d0e0+0x000000000000080b]
J 25017 c1 org.apache.spark.memory.TaskMemoryManager.allocatePage(JLorg/apache/spark/memory/MemoryConsumer;)Lorg/apache/spark/unsafe/memory/MemoryBlock; (278 bytes) @ 0x00000210a445f95c [0x00000210a445f4e0+0x000000000000047c]
J 36029 c1 org.apache.spark.memory.MemoryConsumer.allocatePage(J)Lorg/apache/spark/unsafe/memory/MemoryBlock; (51 bytes) @ 0x00000210a5079d04 [0x00000210a5079c60+0x00000000000000a4]
J 27600 c2 org.apache.spark.shuffle.sort.UnsafeShuffleWriter.insertRecordIntoSorter(Lscala/Product2;)V (130 bytes) @ 0x00000210a9d8f7fc [0x00000210a9d8f1e0+0x000000000000061c]
J 33213 c2 org.apache.spark.shuffle.sort.UnsafeShuffleWriter.write(Lscala/collection/Iterator;)V (117 bytes) @ 0x00000210a8e79f54 [0x00000210a8e79e80+0x00000000000000d4]
J 28362 c1 org.apache.spark.shuffle.ShuffleWriteProcessor.write(Lorg/apache/spark/rdd/RDD;Lorg/apache/spark/ShuffleDependency;JLorg/apache/spark/TaskContext;Lorg/apache/spark/Partition;)Lorg/apache/spark/scheduler/MapStatus; (308 bytes) @ 0x00000210a32e6a94 [0x00000210a32e66a0+0x00000000000003f4]
J 25260 c1 org.apache.spark.scheduler.ShuffleMapTask.runTask(Lorg/apache/spark/TaskContext;)Lorg/apache/spark/scheduler/MapStatus; (193 bytes) @ 0x00000210a4555044 [0x00000210a4552ee0+0x0000000000002164]
J 25282 c1 org.apache.spark.scheduler.ShuffleMapTask.runTask(Lorg/apache/spark/TaskContext;)Ljava/lang/Object; (6 bytes) @ 0x00000210a4562fe4 [0x00000210a4562f40+0x00000000000000a4]
J 30610 c1 org.apache.spark.TaskContext.runTaskWithListeners(Lorg/apache/spark/scheduler/Task;)Ljava/lang/Object; (74 bytes) @ 0x00000210a233e89c [0x00000210a233e760+0x000000000000013c]
J 28167 c1 org.apache.spark.scheduler.Task.run(JILorg/apache/spark/metrics/MetricsSystem;ILscala/collection/immutable/Map;Lscala/Option;)Ljava/lang/Object; (356 bytes) @ 0x00000210a313675c [0x00000210a3133d80+0x00000000000029dc]
J 26879 c1 org.apache.spark.executor.Executor$TaskRunner.$anonfun$run$4(Lorg/apache/spark/executor/Executor$TaskRunner;Lscala/runtime/BooleanRef;)Ljava/lang/Object; (54 bytes) @ 0x00000210a3536d2c [0x00000210a3536b00+0x000000000000022c]
J 30608 c1 org.apache.spark.executor.Executor$TaskRunner$$Lambda$1787.apply()Ljava/lang/Object; (12 bytes) @ 0x00000210a3e5ebdc [0x00000210a3e5eb40+0x000000000000009c]
J 18427 c1 org.apache.spark.util.SparkErrorUtils.tryWithSafeFinally(Lscala/Function0;Lscala/Function0;)Ljava/lang/Object; (211 bytes) @ 0x00000210a1dff794 [0x00000210a1dff660+0x0000000000000134]
J 28092 c1 org.apache.spark.executor.Executor$TaskRunner.run()V (2830 bytes) @ 0x00000210a4ac13b4 [0x00000210a4abcc80+0x0000000000004734]
j  java.util.concurrent.ThreadPoolExecutor.runWorker(Ljava/util/concurrent/ThreadPoolExecutor$Worker;)V+92 java.base@11.0.30
j  java.util.concurrent.ThreadPoolExecutor$Worker.run()V+5 java.base@11.0.30
j  java.lang.Thread.run()V+11 java.base@11.0.30
v  ~StubRoutines::call_stub

---------------  P R O C E S S  ---------------

Threads class SMR info:
_java_thread_list=0x00000210c474cdb0, length=244, elements={
0x00000210988ef800, 0x00000210b715d800, 0x00000210b7160800, 0x00000210b717f000,
0x00000210b7180000, 0x00000210b7181000, 0x00000210b7182000, 0x00000210b7195000,
0x00000210b71a0800, 0x00000210b7c55800, 0x00000210bb5c8800, 0x00000210ba218800,
0x00000210b8e47000, 0x00000210bb4f8800, 0x00000210bb809000, 0x00000210ba33d000,
0x00000210ba023000, 0x00000210b9753800, 0x00000210ba561000, 0x00000210bb938000,
0x00000210bb934000, 0x00000210bb936000, 0x00000210bb936800, 0x00000210bb937800,
0x00000210bb935000, 0x00000210bb939000, 0x00000210bb93a000, 0x00000210bb93a800,
0x00000210b9c15800, 0x00000210b9c17000, 0x00000210b9c18000, 0x00000210b9c19800,
0x00000210b9c16800, 0x00000210b9c1a800, 0x00000210b9c1b000, 0x00000210b9c1d000,
0x00000210b9c1e800, 0x00000210b9c1c000, 0x00000210b9c1d800, 0x00000210b9c19000,
0x00000210b9c23800, 0x00000210b9c21000, 0x00000210b9c1f800, 0x00000210b9c20000,
0x00000210b9c24000, 0x00000210b9c21800, 0x00000210b9c22800, 0x00000210bbe59800,
0x00000210bbe58800, 0x00000210bbe5d800, 0x00000210bbe5a800, 0x00000210bbe5b000,
0x00000210bbe58000, 0x00000210bbe60000, 0x00000210bbe61800, 0x00000210bbe61000,
0x00000210bbe5c000, 0x00000210bbe62800, 0x00000210be746800, 0x00000210be743000,
0x00000210b8edc800, 0x00000210b9e16000, 0x00000210c4b2f800, 0x00000210c4b2d800,
0x00000210bbe5e800, 0x00000210c4b3c800, 0x00000210bdd68800, 0x00000210c16f2800,
0x00000210c16f4000, 0x00000210c16f5000, 0x00000210c4b3d000, 0x00000210c4b48000,
0x00000210c4b43800, 0x00000210c16f3800, 0x00000210c1761000, 0x00000210c4b44800,
0x00000210bbfc5800, 0x00000210c1761800, 0x00000210bbfc6000, 0x00000210c175c000,
0x00000210c715d800, 0x00000210c4b3e000, 0x00000210c1762800, 0x00000210c175c800,
0x00000210bbfc4800, 0x00000210bbfc7000, 0x00000210bbfc9800, 0x00000210c4b47000,
0x00000210c715c000, 0x00000210c715b800, 0x00000210bbfc7800, 0x00000210c8297800,
0x00000210c175d800, 0x00000210c175e800, 0x00000210c4b48800, 0x00000210c8298000,
0x00000210c175f000, 0x00000210c8299000, 0x00000210c7162000, 0x00000210c715e800,
0x00000210c4b59000, 0x00000210c4b56000, 0x00000210c4b56800, 0x00000210c4b58800,
0x00000210c4b37800, 0x00000210c4b39000, 0x00000210c4b55000, 0x00000210c4b57800,
0x00000210bbfc8800, 0x00000210bded9000, 0x00000210c4b5a000, 0x00000210c4b54000,
0x00000210c4b2e800, 0x00000210c4b2b000, 0x00000210c4b31800, 0x00000210c4b2c000,
0x00000210c4b38800, 0x00000210c4b5a800, 0x00000210c4b32800, 0x00000210c4b33800,
0x00000210c4b36000, 0x00000210c4b35000, 0x00000210c4b34000, 0x00000210c4b36800,
0x00000210bded3000, 0x00000210c6a14800, 0x00000210c6a13000, 0x00000210bdd66800,
0x00000210bbfc3800, 0x00000210c6a10800, 0x00000210bdd68000, 0x00000210c415e800,
0x00000210c415d000, 0x00000210bded6800, 0x00000210c415d800, 0x00000210c415f800,
0x00000210c21d7000, 0x00000210bded8000, 0x00000210c6a14000, 0x00000210bded5800,
0x00000210c6a15800, 0x00000210c21d8000, 0x00000210c21d9800, 0x00000210bded4800,
0x00000210c6a11800, 0x00000210c8299800, 0x00000210c6a12000, 0x00000210c6a0f800,
0x00000210c21d9000, 0x00000210bde37800, 0x00000210bde3a000, 0x00000210bde38800,
0x00000210bde39800, 0x00000210bded9800, 0x00000210bded7000, 0x00000210bde3b000,
0x00000210bde35000, 0x00000210bde3b800, 0x00000210bded4000, 0x00000210c715d000,
0x00000210bde36000, 0x00000210bde37000, 0x00000210c738e000, 0x00000210c7390800,
0x00000210c6a19800, 0x00000210c715f800, 0x00000210c7161000, 0x00000210c4fd8000,
0x00000210c4fd8800, 0x00000210c82c0000, 0x00000210c82c6800, 0x00000210c7391800,
0x00000210c7392000, 0x00000210b8a02800, 0x00000210c6a1a800, 0x00000210c82c2000,
0x00000210c82c1000, 0x00000210c82c5000, 0x00000210c82c2800, 0x00000210c82c6000,
0x00000210c82c3800, 0x00000210c6a1b000, 0x00000210c6a1c000, 0x00000210c82c4800,
0x00000210c6a16000, 0x00000210b8a03000, 0x00000210b8a05800, 0x00000210c9dba800,
0x00000210c738f800, 0x00000210b8a04800, 0x00000210c9db4800, 0x00000210b8a00000,
0x00000210c6a1d000, 0x00000210c6a18800, 0x00000210c9dbb000, 0x00000210c6a17000,
0x00000210c738c800, 0x00000210b8a04000, 0x00000210b8a06800, 0x00000210b8a00800,
0x00000210c7393000, 0x00000210c6a1d800, 0x00000210c738f000, 0x00000210c738d000,
0x00000210c46f9000, 0x00000210c46fb000, 0x00000210c9db7000, 0x00000210c9db5800,
0x00000210c46f8800, 0x00000210c46fa000, 0x00000210c9db8000, 0x00000210c9db8800,
0x00000210b86cf800, 0x00000210b86ca000, 0x00000210b86d0800, 0x00000210b86ce000,
0x00000210b86ca800, 0x00000210c6a18000, 0x00000210c6a20000, 0x00000210c9db6000,
0x00000210c9db9800, 0x00000210bd83e800, 0x00000210bd83c000, 0x00000210bd83d000,
0x00000210bd83b800, 0x00000210bd83e000, 0x00000210b8a01800, 0x00000210bd83f800,
0x00000210bd840800, 0x00000210bd83a800, 0x00000210c470a800, 0x00000210c4708000,
0x00000210c4709000, 0x00000210c4709800, 0x00000210b86cb800, 0x00000210bbaed800,
0x00000210bbaee800, 0x00000210c6a23800, 0x00000210b86cc800, 0x00000210bbaef000,
0x00000210bd841000, 0x00000210bbaf0000, 0x00000210c6a1f000, 0x00000210bbaf1000
}

Java Threads: ( => current thread )
  0x00000210988ef800 JavaThread "main" [_thread_in_native, id=25892, stack(0x00000093dba00000,0x00000093dbb00000)]
  0x00000210b715d800 JavaThread "Reference Handler" daemon [_thread_blocked, id=21616, stack(0x00000093dc100000,0x00000093dc200000)]
  0x00000210b7160800 JavaThread "Finalizer" daemon [_thread_blocked, id=25708, stack(0x00000093dc200000,0x00000093dc300000)]
  0x00000210b717f000 JavaThread "Signal Dispatcher" daemon [_thread_blocked, id=26064, stack(0x00000093dc300000,0x00000093dc400000)]
  0x00000210b7180000 JavaThread "Attach Listener" daemon [_thread_blocked, id=4588, stack(0x00000093dc400000,0x00000093dc500000)]
  0x00000210b7181000 JavaThread "Service Thread" daemon [_thread_blocked, id=16144, stack(0x00000093dc500000,0x00000093dc600000)]
  0x00000210b7182000 JavaThread "C2 CompilerThread0" daemon [_thread_blocked, id=8220, stack(0x00000093dc600000,0x00000093dc700000)]
  0x00000210b7195000 JavaThread "C1 CompilerThread0" daemon [_thread_blocked, id=12028, stack(0x00000093dc700000,0x00000093dc800000)]
  0x00000210b71a0800 JavaThread "Sweeper thread" daemon [_thread_blocked, id=7604, stack(0x00000093dc800000,0x00000093dc900000)]
  0x00000210b7c55800 JavaThread "Common-Cleaner" daemon [_thread_blocked, id=19172, stack(0x00000093dc900000,0x00000093dca00000)]
  0x00000210bb5c8800 JavaThread "org.apache.hadoop.fs.FileSystem$Statistics$StatisticsDataReferenceCleaner" daemon [_thread_blocked, id=3976, stack(0x00000093dce00000,0x00000093dcf00000)]
  0x00000210ba218800 JavaThread "Thread-2" [_thread_in_native, id=9184, stack(0x00000093dcf00000,0x00000093dd000000)]
  0x00000210b8e47000 JavaThread "Thread-3" [_thread_blocked, id=3512, stack(0x00000093dd000000,0x00000093dd100000)]
  0x00000210bb4f8800 JavaThread "Thread-4" [_thread_in_native, id=10916, stack(0x00000093dd200000,0x00000093dd300000)]
  0x00000210bb809000 JavaThread "rpc-boss-3-1" daemon [_thread_in_native, id=4612, stack(0x00000093dd300000,0x00000093dd400000)]
  0x00000210ba33d000 JavaThread "dispatcher-event-loop-0" daemon [_thread_blocked, id=18512, stack(0x00000093dd400000,0x00000093dd500000)]
  0x00000210ba023000 JavaThread "dispatcher-event-loop-1" daemon [_thread_blocked, id=23828, stack(0x00000093dd500000,0x00000093dd600000)]
  0x00000210b9753800 JavaThread "dispatcher-event-loop-2" daemon [_thread_blocked, id=15972, stack(0x00000093dd600000,0x00000093dd700000)]
  0x00000210ba561000 JavaThread "dispatcher-event-loop-3" daemon [_thread_blocked, id=13128, stack(0x00000093dd700000,0x00000093dd800000)]
  0x00000210bb938000 JavaThread "map-output-dispatcher-0" daemon [_thread_blocked, id=8224, stack(0x00000093dd800000,0x00000093dd900000)]
  0x00000210bb934000 JavaThread "map-output-dispatcher-1" daemon [_thread_blocked, id=25248, stack(0x00000093dd900000,0x00000093dda00000)]
  0x00000210bb936000 JavaThread "map-output-dispatcher-2" daemon [_thread_blocked, id=23040, stack(0x00000093dda00000,0x00000093ddb00000)]
  0x00000210bb936800 JavaThread "map-output-dispatcher-3" daemon [_thread_blocked, id=3376, stack(0x00000093ddb00000,0x00000093ddc00000)]
  0x00000210bb937800 JavaThread "map-output-dispatcher-4" daemon [_thread_blocked, id=9812, stack(0x00000093ddc00000,0x00000093ddd00000)]
  0x00000210bb935000 JavaThread "map-output-dispatcher-5" daemon [_thread_blocked, id=4556, stack(0x00000093ddd00000,0x00000093dde00000)]
  0x00000210bb939000 JavaThread "map-output-dispatcher-6" daemon [_thread_blocked, id=25948, stack(0x00000093dde00000,0x00000093ddf00000)]
  0x00000210bb93a000 JavaThread "map-output-dispatcher-7" daemon [_thread_blocked, id=12672, stack(0x00000093ddf00000,0x00000093de000000)]
  0x00000210bb93a800 JavaThread "dispatcher-BlockManagerMaster" daemon [_thread_blocked, id=1560, stack(0x00000093de000000,0x00000093de100000)]
  0x00000210b9c15800 JavaThread "dispatcher-BlockManagerEndpoint1" daemon [_thread_blocked, id=9372, stack(0x00000093de100000,0x00000093de200000)]
  0x00000210b9c17000 JavaThread "RemoteBlock-temp-file-clean-thread" daemon [_thread_blocked, id=26188, stack(0x00000093de200000,0x00000093de300000)]
  0x00000210b9c18000 JavaThread "refresh progress" daemon [_thread_blocked, id=18480, stack(0x00000093de300000,0x00000093de400000)]
  0x00000210b9c19800 JavaThread "SparkUI-36-acceptor-0@2af15be1-ServerConnector@2436a0cf{HTTP/1.1, (http/1.1)}{0.0.0.0:4040}" daemon [_thread_in_native, id=24752, stack(0x00000093de400000,0x00000093de500000)]
  0x00000210b9c16800 JavaThread "SparkUI-37" daemon [_thread_in_native, id=9952, stack(0x00000093de500000,0x00000093de600000)]
  0x00000210b9c1a800 JavaThread "SparkUI-38" daemon [_thread_in_native, id=23072, stack(0x00000093de600000,0x00000093de700000)]
  0x00000210b9c1b000 JavaThread "SparkUI-39" daemon [_thread_blocked, id=1304, stack(0x00000093de700000,0x00000093de800000)]
  0x00000210b9c1d000 JavaThread "SparkUI-40" daemon [_thread_blocked, id=3864, stack(0x00000093de800000,0x00000093de900000)]
  0x00000210b9c1e800 JavaThread "SparkUI-41" daemon [_thread_blocked, id=22356, stack(0x00000093de900000,0x00000093dea00000)]
  0x00000210b9c1c000 JavaThread "SparkUI-42" daemon [_thread_blocked, id=18956, stack(0x00000093dea00000,0x00000093deb00000)]
  0x00000210b9c1d800 JavaThread "SparkUI-43" daemon [_thread_blocked, id=22028, stack(0x00000093deb00000,0x00000093dec00000)]
  0x00000210b9c19000 JavaThread "dispatcher-HeartbeatReceiver" daemon [_thread_blocked, id=19560, stack(0x00000093dcd00000,0x00000093dce00000)]
  0x00000210b9c23800 JavaThread "heartbeat-receiver-event-loop-thread" daemon [_thread_blocked, id=15112, stack(0x00000093dec00000,0x00000093ded00000)]
  0x00000210b9c21000 JavaThread "netty-rpc-env-timeout" daemon [_thread_blocked, id=23380, stack(0x00000093ded00000,0x00000093dee00000)]
  0x00000210b9c1f800 JavaThread "task-starvation-timer" daemon [_thread_blocked, id=23496, stack(0x00000093dee00000,0x00000093def00000)]
  0x00000210b9c20000 JavaThread "task-abort-timer" daemon [_thread_blocked, id=23324, stack(0x00000093def00000,0x00000093df000000)]
  0x00000210b9c24000 JavaThread "dag-scheduler-event-loop" daemon [_thread_blocked, id=19744, stack(0x00000093df000000,0x00000093df100000)]
  0x00000210b9c21800 JavaThread "driver-heartbeater" daemon [_thread_blocked, id=13452, stack(0x00000093df100000,0x00000093df200000)]
  0x00000210b9c22800 JavaThread "executor-kill-mark-cleanup" daemon [_thread_blocked, id=24992, stack(0x00000093df200000,0x00000093df300000)]
  0x00000210bbe59800 JavaThread "executor-heartbeater" daemon [_thread_blocked, id=19252, stack(0x00000093df300000,0x00000093df400000)]
  0x00000210bbe58800 JavaThread "files-client-5-1" daemon [_thread_in_native, id=15192, stack(0x00000093df400000,0x00000093df500000)]
  0x00000210bbe5d800 JavaThread "rpc-server-4-1" daemon [_thread_in_native, id=4640, stack(0x00000093df600000,0x00000093df700000)]
  0x00000210bbe5a800 JavaThread "shuffle-boss-7-1" daemon [_thread_in_native, id=20512, stack(0x00000093df700000,0x00000093df800000)]
  0x00000210bbe5b000 JavaThread "Spark Context Cleaner" daemon [_thread_blocked, id=19768, stack(0x00000093df800000,0x00000093df900000)]
  0x00000210bbe58000 JavaThread "context-cleaner-periodic-gc" daemon [_thread_blocked, id=26072, stack(0x00000093df900000,0x00000093dfa00000)]
  0x00000210bbe60000 JavaThread "spark-listener-group-appStatus" daemon [_thread_blocked, id=17072, stack(0x00000093dfa00000,0x00000093dfb00000)]
  0x00000210bbe61800 JavaThread "spark-listener-group-executorManagement" daemon [_thread_blocked, id=9252, stack(0x00000093dfb00000,0x00000093dfc00000)]
  0x00000210bbe61000 JavaThread "element-tracking-store-worker" daemon [_thread_blocked, id=24952, stack(0x00000093dfc00000,0x00000093dfd00000)]
=>0x00000210bbe5c000 JavaThread "Executor task launch worker for task 1.0 in stage 155.0 (TID 1168)" daemon [_thread_in_vm, id=11720, stack(0x00000093dfd00000,0x00000093dfe00000)]
  0x00000210bbe62800 JavaThread "task-result-getter-0" daemon [_thread_blocked, id=18504, stack(0x00000093dff00000,0x00000093e0000000)]
  0x00000210be746800 JavaThread "task-result-getter-1" daemon [_thread_blocked, id=18924, stack(0x00000093e0a00000,0x00000093e0b00000)]
  0x00000210be743000 JavaThread "task-result-getter-2" daemon [_thread_blocked, id=12864, stack(0x00000093e0e00000,0x00000093e0f00000)]
  0x00000210b8edc800 JavaThread "task-result-getter-3" daemon [_thread_blocked, id=8648, stack(0x00000093dfe00000,0x00000093dff00000)]
  0x00000210b9e16000 JavaThread "Executor task launch worker for task 17.0 in stage 144.0 (TID 1071)" daemon [_thread_blocked, id=26556, stack(0x00000093e6100000,0x00000093e6200000)]
  0x00000210c4b2f800 JavaThread "Executor task launch worker for task 3.0 in stage 155.0 (TID 1170)" daemon [_thread_blocked, id=16652, stack(0x00000093e7a00000,0x00000093e7b00000)]
  0x00000210c4b2d800 JavaThread "Executor task launch worker for task 49.0 in stage 152.0 (TID 1162)" daemon [_thread_blocked, id=20844, stack(0x00000093e7b00000,0x00000093e7c00000)]
  0x00000210bbe5e800 JavaThread "Executor task launch worker for task 0.0 in stage 155.0 (TID 1167)" daemon [_thread_blocked, id=12656, stack(0x00000093ee100000,0x00000093ee200000)]
  0x00000210c4b3c800 JavaThread "block-manager-storage-async-thread-pool-172" daemon [_thread_blocked, id=22840, stack(0x00000093e1000000,0x00000093e1100000)]
  0x00000210bdd68800 Thread [stack: 0x00000093e1700000,0x00000093e1800000] [id=7468]
  0x00000210c16f2800 JavaThread "QueryStageCreator-26" daemon [_thread_blocked, id=13620, stack(0x00000093e1800000,0x00000093e1900000)]
  0x00000210c16f4000 JavaThread "broadcast-exchange-0" daemon [_thread_blocked, id=15892, stack(0x00000093e1a00000,0x00000093e1b00000)]
  0x00000210c16f5000 JavaThread "QueryStageCreator-27" daemon [_thread_blocked, id=6192, stack(0x00000093e0100000,0x00000093e0200000)]
  0x00000210c4b3d000 JavaThread "block-manager-storage-async-thread-pool-173" daemon [_thread_blocked, id=25736, stack(0x00000093e1c00000,0x00000093e1d00000)]
  0x00000210c4b48000 JavaThread "block-manager-storage-async-thread-pool-174" daemon [_thread_blocked, id=13172, stack(0x00000093e2000000,0x00000093e2100000)]
  0x00000210c4b43800 JavaThread "block-manager-storage-async-thread-pool-175" daemon [_thread_blocked, id=23108, stack(0x00000093e2200000,0x00000093e2300000)]
  0x00000210c16f3800 JavaThread "block-manager-ask-thread-pool-169" daemon [_thread_blocked, id=23820, stack(0x00000093e2300000,0x00000093e2400000)]
  0x00000210c1761000 JavaThread "block-manager-ask-thread-pool-170" daemon [_thread_blocked, id=14716, stack(0x00000093e2500000,0x00000093e2600000)]
  0x00000210c4b44800 JavaThread "block-manager-storage-async-thread-pool-176" daemon [_thread_blocked, id=17660, stack(0x00000093e2a00000,0x00000093e2b00000)]
  0x00000210bbfc5800 JavaThread "block-manager-storage-async-thread-pool-177" daemon [_thread_blocked, id=15996, stack(0x00000093e3000000,0x00000093e3100000)]
  0x00000210c1761800 JavaThread "block-manager-storage-async-thread-pool-178" daemon [_thread_blocked, id=24308, stack(0x00000093e3600000,0x00000093e3700000)]
  0x00000210bbfc6000 JavaThread "block-manager-ask-thread-pool-171" daemon [_thread_blocked, id=12768, stack(0x00000093e3700000,0x00000093e3800000)]
  0x00000210c175c000 JavaThread "QueryStageCreator-28" daemon [_thread_blocked, id=4380, stack(0x00000093e3800000,0x00000093e3900000)]
  0x00000210c715d800 JavaThread "block-manager-ask-thread-pool-172" daemon [_thread_blocked, id=15416, stack(0x00000093e3d00000,0x00000093e3e00000)]
  0x00000210c4b3e000 JavaThread "block-manager-storage-async-thread-pool-179" daemon [_thread_blocked, id=2280, stack(0x00000093e4100000,0x00000093e4200000)]
  0x00000210c1762800 JavaThread "block-manager-storage-async-thread-pool-180" daemon [_thread_blocked, id=18460, stack(0x00000093e4500000,0x00000093e4600000)]
  0x00000210c175c800 JavaThread "block-manager-storage-async-thread-pool-181" daemon [_thread_blocked, id=23132, stack(0x00000093e4a00000,0x00000093e4b00000)]
  0x00000210bbfc4800 JavaThread "block-manager-ask-thread-pool-173" daemon [_thread_blocked, id=12244, stack(0x00000093e4c00000,0x00000093e4d00000)]
  0x00000210bbfc7000 JavaThread "block-manager-ask-thread-pool-174" daemon [_thread_blocked, id=17472, stack(0x00000093e4f00000,0x00000093e5000000)]
  0x00000210bbfc9800 JavaThread "shuffle-client-6-1" daemon [_thread_in_native, id=19788, stack(0x00000093e5100000,0x00000093e5200000)]
  0x00000210c4b47000 JavaThread "shuffle-server-8-1" daemon [_thread_in_native, id=16168, stack(0x00000093e5400000,0x00000093e5500000)]
  0x00000210c715c000 JavaThread "block-manager-storage-async-thread-pool-182" daemon [_thread_blocked, id=12892, stack(0x00000093e5600000,0x00000093e5700000)]
  0x00000210c715b800 JavaThread "block-manager-storage-async-thread-pool-183" daemon [_thread_blocked, id=19832, stack(0x00000093e5800000,0x00000093e5900000)]
  0x00000210bbfc7800 JavaThread "block-manager-storage-async-thread-pool-184" daemon [_thread_blocked, id=8228, stack(0x00000093e5900000,0x00000093e5a00000)]
  0x00000210c8297800 JavaThread "block-manager-storage-async-thread-pool-185" daemon [_thread_blocked, id=14984, stack(0x00000093e5b00000,0x00000093e5c00000)]
  0x00000210c175d800 JavaThread "block-manager-storage-async-thread-pool-186" daemon [_thread_blocked, id=11988, stack(0x00000093e5d00000,0x00000093e5e00000)]
  0x00000210c175e800 JavaThread "block-manager-storage-async-thread-pool-187" daemon [_thread_blocked, id=10164, stack(0x00000093e5f00000,0x00000093e6000000)]
  0x00000210c4b48800 JavaThread "block-manager-ask-thread-pool-175" daemon [_thread_blocked, id=11840, stack(0x00000093e6300000,0x00000093e6400000)]
  0x00000210c8298000 JavaThread "block-manager-ask-thread-pool-176" daemon [_thread_blocked, id=17088, stack(0x00000093e6400000,0x00000093e6500000)]
  0x00000210c175f000 JavaThread "QueryStageCreator-29" daemon [_thread_blocked, id=25960, stack(0x00000093e6800000,0x00000093e6900000)]
  0x00000210c8299000 JavaThread "block-manager-storage-async-thread-pool-188" daemon [_thread_blocked, id=18812, stack(0x00000093e6900000,0x00000093e6a00000)]
  0x00000210c7162000 JavaThread "block-manager-storage-async-thread-pool-189" daemon [_thread_blocked, id=12344, stack(0x00000093e6b00000,0x00000093e6c00000)]
  0x00000210c715e800 JavaThread "block-manager-storage-async-thread-pool-190" daemon [_thread_blocked, id=16500, stack(0x00000093e6c00000,0x00000093e6d00000)]
  0x00000210c4b59000 JavaThread "block-manager-ask-thread-pool-177" daemon [_thread_blocked, id=20884, stack(0x00000093e6e00000,0x00000093e6f00000)]
  0x00000210c4b56000 JavaThread "block-manager-ask-thread-pool-178" daemon [_thread_blocked, id=18040, stack(0x00000093e7200000,0x00000093e7300000)]
  0x00000210c4b56800 JavaThread "QueryStageCreator-30" daemon [_thread_blocked, id=11240, stack(0x00000093db900000,0x00000093dba00000)]
  0x00000210c4b58800 JavaThread "block-manager-storage-async-thread-pool-191" daemon [_thread_blocked, id=18604, stack(0x00000093e1e00000,0x00000093e1f00000)]
  0x00000210c4b37800 JavaThread "block-manager-storage-async-thread-pool-192" daemon [_thread_blocked, id=25764, stack(0x00000093e3e00000,0x00000093e3f00000)]
  0x00000210c4b39000 JavaThread "block-manager-storage-async-thread-pool-193" daemon [_thread_blocked, id=22496, stack(0x00000093e7600000,0x00000093e7700000)]
  0x00000210c4b55000 JavaThread "block-manager-ask-thread-pool-179" daemon [_thread_blocked, id=15076, stack(0x00000093e7700000,0x00000093e7800000)]
  0x00000210c4b57800 JavaThread "block-manager-ask-thread-pool-180" daemon [_thread_blocked, id=25112, stack(0x00000093e7800000,0x00000093e7900000)]
  0x00000210bbfc8800 JavaThread "QueryStageCreator-31" daemon [_thread_blocked, id=2496, stack(0x00000093db700000,0x00000093db800000)]
  0x00000210bded9000 JavaThread "block-manager-storage-async-thread-pool-194" daemon [_thread_blocked, id=11956, stack(0x00000093db800000,0x00000093db900000)]
  0x00000210c4b5a000 JavaThread "block-manager-storage-async-thread-pool-195" daemon [_thread_blocked, id=8348, stack(0x00000093e0000000,0x00000093e0100000)]
  0x00000210c4b54000 JavaThread "block-manager-storage-async-thread-pool-196" daemon [_thread_blocked, id=20836, stack(0x00000093e0200000,0x00000093e0300000)]
  0x00000210c4b2e800 JavaThread "block-manager-ask-thread-pool-181" daemon [_thread_blocked, id=21340, stack(0x00000093e0400000,0x00000093e0500000)]
  0x00000210c4b2b000 JavaThread "block-manager-ask-thread-pool-182" daemon [_thread_blocked, id=3792, stack(0x00000093e0500000,0x00000093e0600000)]
  0x00000210c4b31800 JavaThread "block-manager-storage-async-thread-pool-197" daemon [_thread_blocked, id=25024, stack(0x00000093e0600000,0x00000093e0700000)]
  0x00000210c4b2c000 JavaThread "block-manager-storage-async-thread-pool-198" daemon [_thread_blocked, id=20692, stack(0x00000093e0b00000,0x00000093e0c00000)]
  0x00000210c4b38800 JavaThread "block-manager-storage-async-thread-pool-199" daemon [_thread_blocked, id=23548, stack(0x00000093e0c00000,0x00000093e0d00000)]
  0x00000210c4b5a800 JavaThread "block-manager-ask-thread-pool-183" daemon [_thread_blocked, id=20088, stack(0x00000093e0d00000,0x00000093e0e00000)]
  0x00000210c4b32800 JavaThread "block-manager-ask-thread-pool-184" daemon [_thread_blocked, id=15032, stack(0x00000093e1100000,0x00000093e1200000)]
  0x00000210c4b33800 JavaThread "block-manager-storage-async-thread-pool-200" daemon [_thread_blocked, id=8980, stack(0x00000093e1400000,0x00000093e1500000)]
  0x00000210c4b36000 JavaThread "block-manager-storage-async-thread-pool-201" daemon [_thread_blocked, id=21452, stack(0x00000093e1600000,0x00000093e1700000)]
  0x00000210c4b35000 JavaThread "block-manager-storage-async-thread-pool-202" daemon [_thread_blocked, id=15336, stack(0x00000093e1900000,0x00000093e1a00000)]
  0x00000210c4b34000 JavaThread "block-manager-ask-thread-pool-185" daemon [_thread_blocked, id=13496, stack(0x00000093e1b00000,0x00000093e1c00000)]
  0x00000210c4b36800 JavaThread "block-manager-ask-thread-pool-186" daemon [_thread_blocked, id=12532, stack(0x00000093e1d00000,0x00000093e1e00000)]
  0x00000210bded3000 JavaThread "block-manager-storage-async-thread-pool-203" daemon [_thread_blocked, id=1128, stack(0x00000093e0300000,0x00000093e0400000)]
  0x00000210c6a14800 JavaThread "block-manager-storage-async-thread-pool-204" daemon [_thread_blocked, id=11244, stack(0x00000093e0800000,0x00000093e0900000)]
  0x00000210c6a13000 JavaThread "block-manager-storage-async-thread-pool-205" daemon [_thread_blocked, id=24124, stack(0x00000093e1200000,0x00000093e1300000)]
  0x00000210bdd66800 JavaThread "block-manager-ask-thread-pool-187" daemon [_thread_blocked, id=26132, stack(0x00000093e1500000,0x00000093e1600000)]
  0x00000210bbfc3800 JavaThread "block-manager-ask-thread-pool-188" daemon [_thread_blocked, id=19068, stack(0x00000093e1f00000,0x00000093e2000000)]
  0x00000210c6a10800 JavaThread "block-manager-storage-async-thread-pool-206" daemon [_thread_blocked, id=24076, stack(0x00000093e2100000,0x00000093e2200000)]
  0x00000210bdd68000 JavaThread "block-manager-storage-async-thread-pool-207" daemon [_thread_blocked, id=16768, stack(0x00000093e2400000,0x00000093e2500000)]
  0x00000210c415e800 JavaThread "block-manager-storage-async-thread-pool-208" daemon [_thread_blocked, id=14180, stack(0x00000093e2600000,0x00000093e2700000)]
  0x00000210c415d000 JavaThread "block-manager-ask-thread-pool-189" daemon [_thread_blocked, id=7868, stack(0x00000093e2700000,0x00000093e2800000)]
  0x00000210bded6800 JavaThread "block-manager-ask-thread-pool-190" daemon [_thread_blocked, id=23612, stack(0x00000093e2800000,0x00000093e2900000)]
  0x00000210c415d800 JavaThread "block-manager-storage-async-thread-pool-209" daemon [_thread_blocked, id=11136, stack(0x00000093e2900000,0x00000093e2a00000)]
  0x00000210c415f800 JavaThread "block-manager-storage-async-thread-pool-210" daemon [_thread_blocked, id=13548, stack(0x00000093e2b00000,0x00000093e2c00000)]
  0x00000210c21d7000 JavaThread "block-manager-storage-async-thread-pool-211" daemon [_thread_blocked, id=17008, stack(0x00000093e2c00000,0x00000093e2d00000)]
  0x00000210bded8000 JavaThread "block-manager-ask-thread-pool-191" daemon [_thread_blocked, id=9652, stack(0x00000093e2d00000,0x00000093e2e00000)]
  0x00000210c6a14000 JavaThread "block-manager-ask-thread-pool-192" daemon [_thread_blocked, id=11820, stack(0x00000093e2e00000,0x00000093e2f00000)]
  0x00000210bded5800 JavaThread "QueryStageCreator-32" daemon [_thread_blocked, id=11848, stack(0x00000093e2f00000,0x00000093e3000000)]
  0x00000210c6a15800 JavaThread "block-manager-storage-async-thread-pool-212" daemon [_thread_blocked, id=26496, stack(0x00000093e3100000,0x00000093e3200000)]
  0x00000210c21d8000 JavaThread "block-manager-storage-async-thread-pool-213" daemon [_thread_blocked, id=2136, stack(0x00000093e3200000,0x00000093e3300000)]
  0x00000210c21d9800 JavaThread "block-manager-storage-async-thread-pool-214" daemon [_thread_blocked, id=21672, stack(0x00000093e3300000,0x00000093e3400000)]
  0x00000210bded4800 JavaThread "Executor task launch worker for task 2.0 in stage 155.0 (TID 1169)" daemon [_thread_blocked, id=9948, stack(0x00000093e3400000,0x00000093e3500000)]
  0x00000210c6a11800 JavaThread "block-manager-ask-thread-pool-193" daemon [_thread_blocked, id=20908, stack(0x00000093e3500000,0x00000093e3600000)]
  0x00000210c8299800 JavaThread "block-manager-ask-thread-pool-194" daemon [_thread_blocked, id=25456, stack(0x00000093e3900000,0x00000093e3a00000)]
  0x00000210c6a12000 JavaThread "block-manager-storage-async-thread-pool-215" daemon [_thread_blocked, id=10996, stack(0x00000093e3a00000,0x00000093e3b00000)]
  0x00000210c6a0f800 JavaThread "block-manager-storage-async-thread-pool-216" daemon [_thread_blocked, id=16176, stack(0x00000093e3b00000,0x00000093e3c00000)]
  0x00000210c21d9000 JavaThread "block-manager-storage-async-thread-pool-217" daemon [_thread_blocked, id=11944, stack(0x00000093e3c00000,0x00000093e3d00000)]
  0x00000210bde37800 JavaThread "block-manager-storage-async-thread-pool-218" daemon [_thread_blocked, id=25820, stack(0x00000093e3f00000,0x00000093e4000000)]
  0x00000210bde3a000 JavaThread "block-manager-storage-async-thread-pool-219" daemon [_thread_blocked, id=8052, stack(0x00000093e4200000,0x00000093e4300000)]
  0x00000210bde38800 JavaThread "block-manager-storage-async-thread-pool-220" daemon [_thread_blocked, id=11180, stack(0x00000093e4300000,0x00000093e4400000)]
  0x00000210bde39800 JavaThread "block-manager-storage-async-thread-pool-221" daemon [_thread_blocked, id=17492, stack(0x00000093e4400000,0x00000093e4500000)]
  0x00000210bded9800 JavaThread "block-manager-ask-thread-pool-195" daemon [_thread_blocked, id=5812, stack(0x00000093e4800000,0x00000093e4900000)]
  0x00000210bded7000 JavaThread "block-manager-ask-thread-pool-196" daemon [_thread_blocked, id=4104, stack(0x00000093e4900000,0x00000093e4a00000)]
  0x00000210bde3b000 JavaThread "block-manager-storage-async-thread-pool-222" daemon [_thread_blocked, id=17928, stack(0x00000093e4000000,0x00000093e4100000)]
  0x00000210bde35000 JavaThread "block-manager-storage-async-thread-pool-223" daemon [_thread_blocked, id=4464, stack(0x00000093e4b00000,0x00000093e4c00000)]
  0x00000210bde3b800 JavaThread "block-manager-ask-thread-pool-197" daemon [_thread_blocked, id=17584, stack(0x00000093e4d00000,0x00000093e4e00000)]
  0x00000210bded4000 JavaThread "block-manager-ask-thread-pool-198" daemon [_thread_blocked, id=9364, stack(0x00000093e4e00000,0x00000093e4f00000)]
  0x00000210c715d000 JavaThread "block-manager-ask-thread-pool-199" daemon [_thread_blocked, id=16720, stack(0x00000093e5000000,0x00000093e5100000)]
  0x00000210bde36000 JavaThread "block-manager-ask-thread-pool-200" daemon [_thread_blocked, id=14864, stack(0x00000093e5200000,0x00000093e5300000)]
  0x00000210bde37000 JavaThread "block-manager-storage-async-thread-pool-224" daemon [_thread_blocked, id=23164, stack(0x00000093e5300000,0x00000093e5400000)]
  0x00000210c738e000 JavaThread "block-manager-storage-async-thread-pool-225" daemon [_thread_blocked, id=23812, stack(0x00000093e5500000,0x00000093e5600000)]
  0x00000210c7390800 JavaThread "block-manager-storage-async-thread-pool-226" daemon [_thread_blocked, id=26380, stack(0x00000093e5700000,0x00000093e5800000)]
  0x00000210c6a19800 JavaThread "block-manager-ask-thread-pool-201" daemon [_thread_blocked, id=10436, stack(0x00000093e5a00000,0x00000093e5b00000)]
  0x00000210c715f800 JavaThread "block-manager-ask-thread-pool-202" daemon [_thread_blocked, id=18796, stack(0x00000093e5c00000,0x00000093e5d00000)]
  0x00000210c7161000 JavaThread "block-manager-storage-async-thread-pool-227" daemon [_thread_blocked, id=6056, stack(0x00000093e5e00000,0x00000093e5f00000)]
  0x00000210c4fd8000 JavaThread "block-manager-storage-async-thread-pool-228" daemon [_thread_blocked, id=18156, stack(0x00000093e6000000,0x00000093e6100000)]
  0x00000210c4fd8800 JavaThread "block-manager-storage-async-thread-pool-229" daemon [_thread_blocked, id=19556, stack(0x00000093e6200000,0x00000093e6300000)]
  0x00000210c82c0000 JavaThread "block-manager-storage-async-thread-pool-230" daemon [_thread_blocked, id=2264, stack(0x00000093e6500000,0x00000093e6600000)]
  0x00000210c82c6800 JavaThread "block-manager-ask-thread-pool-203" daemon [_thread_blocked, id=25424, stack(0x00000093e6600000,0x00000093e6700000)]
  0x00000210c7391800 JavaThread "block-manager-storage-async-thread-pool-231" daemon [_thread_blocked, id=9136, stack(0x00000093e6700000,0x00000093e6800000)]
  0x00000210c7392000 JavaThread "block-manager-storage-async-thread-pool-232" daemon [_thread_blocked, id=1700, stack(0x00000093e6a00000,0x00000093e6b00000)]
  0x00000210b8a02800 JavaThread "block-manager-ask-thread-pool-204" daemon [_thread_blocked, id=25432, stack(0x00000093e6d00000,0x00000093e6e00000)]
  0x00000210c6a1a800 JavaThread "block-manager-ask-thread-pool-205" daemon [_thread_blocked, id=6968, stack(0x00000093e6f00000,0x00000093e7000000)]
  0x00000210c82c2000 JavaThread "block-manager-storage-async-thread-pool-233" daemon [_thread_blocked, id=11908, stack(0x00000093e7000000,0x00000093e7100000)]
  0x00000210c82c1000 JavaThread "block-manager-storage-async-thread-pool-234" daemon [_thread_blocked, id=11748, stack(0x00000093e7100000,0x00000093e7200000)]
  0x00000210c82c5000 JavaThread "block-manager-storage-async-thread-pool-235" daemon [_thread_blocked, id=3636, stack(0x00000093e7300000,0x00000093e7400000)]
  0x00000210c82c2800 JavaThread "block-manager-ask-thread-pool-206" daemon [_thread_blocked, id=16716, stack(0x00000093e7400000,0x00000093e7500000)]
  0x00000210c82c6000 JavaThread "block-manager-storage-async-thread-pool-236" daemon [_thread_blocked, id=9868, stack(0x00000093e7500000,0x00000093e7600000)]
  0x00000210c82c3800 JavaThread "block-manager-storage-async-thread-pool-237" daemon [_thread_blocked, id=7080, stack(0x00000093e7900000,0x00000093e7a00000)]
  0x00000210c6a1b000 JavaThread "block-manager-storage-async-thread-pool-238" daemon [_thread_blocked, id=20200, stack(0x00000093e7c00000,0x00000093e7d00000)]
  0x00000210c6a1c000 JavaThread "block-manager-storage-async-thread-pool-239" daemon [_thread_blocked, id=19628, stack(0x00000093e7d00000,0x00000093e7e00000)]
  0x00000210c82c4800 JavaThread "block-manager-ask-thread-pool-208" daemon [_thread_blocked, id=16756, stack(0x00000093e7e00000,0x00000093e7f00000)]
  0x00000210c6a16000 JavaThread "block-manager-ask-thread-pool-207" daemon [_thread_blocked, id=14456, stack(0x00000093e7f00000,0x00000093e8000000)]
  0x00000210b8a03000 JavaThread "block-manager-storage-async-thread-pool-240" daemon [_thread_blocked, id=15312, stack(0x00000093e8000000,0x00000093e8100000)]
  0x00000210b8a05800 JavaThread "block-manager-storage-async-thread-pool-241" daemon [_thread_blocked, id=7496, stack(0x00000093e8100000,0x00000093e8200000)]
  0x00000210c9dba800 JavaThread "block-manager-ask-thread-pool-209" daemon [_thread_blocked, id=20236, stack(0x00000093e8200000,0x00000093e8300000)]
  0x00000210c738f800 JavaThread "block-manager-ask-thread-pool-210" daemon [_thread_blocked, id=22988, stack(0x00000093e8300000,0x00000093e8400000)]
  0x00000210b8a04800 JavaThread "block-manager-ask-thread-pool-211" daemon [_thread_blocked, id=25896, stack(0x00000093e8400000,0x00000093e8500000)]
  0x00000210c9db4800 JavaThread "block-manager-ask-thread-pool-212" daemon [_thread_blocked, id=12468, stack(0x00000093e8500000,0x00000093e8600000)]
  0x00000210b8a00000 JavaThread "block-manager-storage-async-thread-pool-242" daemon [_thread_blocked, id=22460, stack(0x00000093e8600000,0x00000093e8700000)]
  0x00000210c6a1d000 JavaThread "block-manager-storage-async-thread-pool-243" daemon [_thread_blocked, id=16888, stack(0x00000093e8700000,0x00000093e8800000)]
  0x00000210c6a18800 JavaThread "block-manager-storage-async-thread-pool-244" daemon [_thread_blocked, id=24104, stack(0x00000093e8800000,0x00000093e8900000)]
  0x00000210c9dbb000 JavaThread "block-manager-ask-thread-pool-213" daemon [_thread_blocked, id=5724, stack(0x00000093e8900000,0x00000093e8a00000)]
  0x00000210c6a17000 JavaThread "block-manager-ask-thread-pool-214" daemon [_thread_blocked, id=3288, stack(0x00000093e8a00000,0x00000093e8b00000)]
  0x00000210c738c800 JavaThread "block-manager-storage-async-thread-pool-245" daemon [_thread_blocked, id=1076, stack(0x00000093e8b00000,0x00000093e8c00000)]
  0x00000210b8a04000 JavaThread "block-manager-storage-async-thread-pool-246" daemon [_thread_blocked, id=25860, stack(0x00000093e8c00000,0x00000093e8d00000)]
  0x00000210b8a06800 JavaThread "block-manager-storage-async-thread-pool-247" daemon [_thread_blocked, id=22292, stack(0x00000093e8d00000,0x00000093e8e00000)]
  0x00000210b8a00800 JavaThread "block-manager-ask-thread-pool-215" daemon [_thread_blocked, id=24428, stack(0x00000093e8e00000,0x00000093e8f00000)]
  0x00000210c7393000 JavaThread "block-manager-ask-thread-pool-216" daemon [_thread_blocked, id=21640, stack(0x00000093e8f00000,0x00000093e9000000)]
  0x00000210c6a1d800 JavaThread "QueryStageCreator-33" daemon [_thread_blocked, id=21464, stack(0x00000093e4600000,0x00000093e4700000)]
  0x00000210c738f000 JavaThread "QueryStageCreator-34" daemon [_thread_blocked, id=26340, stack(0x00000093e9000000,0x00000093e9100000)]
  0x00000210c738d000 JavaThread "block-manager-storage-async-thread-pool-248" daemon [_thread_blocked, id=5540, stack(0x00000093e9100000,0x00000093e9200000)]
  0x00000210c46f9000 JavaThread "block-manager-storage-async-thread-pool-249" daemon [_thread_blocked, id=26128, stack(0x00000093e9200000,0x00000093e9300000)]
  0x00000210c46fb000 JavaThread "block-manager-storage-async-thread-pool-250" daemon [_thread_blocked, id=10512, stack(0x00000093e9300000,0x00000093e9400000)]
  0x00000210c9db7000 JavaThread "block-manager-ask-thread-pool-217" daemon [_thread_blocked, id=18568, stack(0x00000093e9400000,0x00000093e9500000)]
  0x00000210c9db5800 JavaThread "block-manager-ask-thread-pool-218" daemon [_thread_blocked, id=15896, stack(0x00000093e9500000,0x00000093e9600000)]
  0x00000210c46f8800 JavaThread "block-manager-storage-async-thread-pool-251" daemon [_thread_blocked, id=11932, stack(0x00000093e9600000,0x00000093e9700000)]
  0x00000210c46fa000 JavaThread "block-manager-storage-async-thread-pool-252" daemon [_thread_blocked, id=12736, stack(0x00000093e9700000,0x00000093e9800000)]
  0x00000210c9db8000 JavaThread "block-manager-storage-async-thread-pool-253" daemon [_thread_blocked, id=22996, stack(0x00000093e9800000,0x00000093e9900000)]
  0x00000210c9db8800 JavaThread "block-manager-ask-thread-pool-219" daemon [_thread_blocked, id=15160, stack(0x00000093e9900000,0x00000093e9a00000)]
  0x00000210b86cf800 JavaThread "block-manager-ask-thread-pool-220" daemon [_thread_blocked, id=26612, stack(0x00000093e9a00000,0x00000093e9b00000)]
  0x00000210b86ca000 JavaThread "block-manager-storage-async-thread-pool-254" daemon [_thread_blocked, id=18732, stack(0x00000093e9b00000,0x00000093e9c00000)]
  0x00000210b86d0800 JavaThread "block-manager-storage-async-thread-pool-255" daemon [_thread_blocked, id=6868, stack(0x00000093e9c00000,0x00000093e9d00000)]
  0x00000210b86ce000 JavaThread "block-manager-storage-async-thread-pool-256" daemon [_thread_blocked, id=18588, stack(0x00000093e9d00000,0x00000093e9e00000)]
  0x00000210b86ca800 JavaThread "block-manager-storage-async-thread-pool-257" daemon [_thread_blocked, id=25624, stack(0x00000093e9e00000,0x00000093e9f00000)]
  0x00000210c6a18000 JavaThread "block-manager-ask-thread-pool-221" daemon [_thread_blocked, id=23892, stack(0x00000093e9f00000,0x00000093ea000000)]
  0x00000210c6a20000 JavaThread "block-manager-ask-thread-pool-222" daemon [_thread_blocked, id=13528, stack(0x00000093ea000000,0x00000093ea100000)]
  0x00000210c9db6000 JavaThread "block-manager-storage-async-thread-pool-258" daemon [_thread_blocked, id=23664, stack(0x00000093ea100000,0x00000093ea200000)]
  0x00000210c9db9800 JavaThread "block-manager-storage-async-thread-pool-259" daemon [_thread_blocked, id=17000, stack(0x00000093ea200000,0x00000093ea300000)]
  0x00000210bd83e800 JavaThread "block-manager-ask-thread-pool-223" daemon [_thread_blocked, id=24740, stack(0x00000093ea300000,0x00000093ea400000)]
  0x00000210bd83c000 JavaThread "block-manager-ask-thread-pool-224" daemon [_thread_blocked, id=18572, stack(0x00000093ea400000,0x00000093ea500000)]
  0x00000210bd83d000 JavaThread "block-manager-storage-async-thread-pool-260" daemon [_thread_blocked, id=5484, stack(0x00000093ea500000,0x00000093ea600000)]
  0x00000210bd83b800 JavaThread "block-manager-storage-async-thread-pool-261" daemon [_thread_blocked, id=13212, stack(0x00000093ea600000,0x00000093ea700000)]
  0x00000210bd83e000 JavaThread "block-manager-storage-async-thread-pool-262" daemon [_thread_blocked, id=13124, stack(0x00000093ea700000,0x00000093ea800000)]
  0x00000210b8a01800 JavaThread "block-manager-ask-thread-pool-225" daemon [_thread_blocked, id=8784, stack(0x00000093ea800000,0x00000093ea900000)]
  0x00000210bd83f800 JavaThread "block-manager-ask-thread-pool-226" daemon [_thread_blocked, id=744, stack(0x00000093ea900000,0x00000093eaa00000)]
  0x00000210bd840800 JavaThread "block-manager-storage-async-thread-pool-263" daemon [_thread_blocked, id=12140, stack(0x00000093e4700000,0x00000093e4800000)]
  0x00000210bd83a800 JavaThread "block-manager-storage-async-thread-pool-264" daemon [_thread_blocked, id=11028, stack(0x00000093eaa00000,0x00000093eab00000)]
  0x00000210c470a800 JavaThread "block-manager-storage-async-thread-pool-265" daemon [_thread_blocked, id=760, stack(0x00000093eab00000,0x00000093eac00000)]
  0x00000210c4708000 JavaThread "block-manager-storage-async-thread-pool-266" daemon [_thread_blocked, id=14328, stack(0x00000093eac00000,0x00000093ead00000)]
  0x00000210c4709000 JavaThread "block-manager-storage-async-thread-pool-267" daemon [_thread_blocked, id=5556, stack(0x00000093ead00000,0x00000093eae00000)]
  0x00000210c4709800 JavaThread "block-manager-storage-async-thread-pool-268" daemon [_thread_blocked, id=19516, stack(0x00000093eae00000,0x00000093eaf00000)]
  0x00000210b86cb800 JavaThread "block-manager-ask-thread-pool-227" daemon [_thread_blocked, id=16780, stack(0x00000093eaf00000,0x00000093eb000000)]
  0x00000210bbaed800 JavaThread "block-manager-ask-thread-pool-228" daemon [_thread_blocked, id=25332, stack(0x00000093eb000000,0x00000093eb100000)]
  0x00000210bbaee800 JavaThread "block-manager-ask-thread-pool-230" daemon [_thread_blocked, id=22316, stack(0x00000093eb100000,0x00000093eb200000)]
  0x00000210c6a23800 JavaThread "block-manager-ask-thread-pool-229" daemon [_thread_blocked, id=14680, stack(0x00000093eb200000,0x00000093eb300000)]
  0x00000210b86cc800 JavaThread "block-manager-storage-async-thread-pool-269" daemon [_thread_blocked, id=21204, stack(0x00000093eb300000,0x00000093eb400000)]
  0x00000210bbaef000 JavaThread "block-manager-ask-thread-pool-231" daemon [_thread_blocked, id=17268, stack(0x00000093eb400000,0x00000093eb500000)]
  0x00000210bd841000 JavaThread "block-manager-ask-thread-pool-232" daemon [_thread_blocked, id=12528, stack(0x00000093eb500000,0x00000093eb600000)]
  0x00000210bbaf0000 JavaThread "QueryStageCreator-35" daemon [_thread_blocked, id=6836, stack(0x00000093eb800000,0x00000093eb900000)]
  0x00000210c6a1f000 JavaThread "block-manager-ask-thread-pool-233" daemon [_thread_blocked, id=5744, stack(0x00000093eb900000,0x00000093eba00000)]
  0x00000210bbaf1000 JavaThread "block-manager-ask-thread-pool-234" daemon [_thread_blocked, id=6212, stack(0x00000093eba00000,0x00000093ebb00000)]

Other Threads:
  0x00000210b7159000 VMThread "VM Thread" [stack: 0x00000093dc000000,0x00000093dc100000] [id=24916]
  0x00000210b7af6000 WatcherThread [stack: 0x00000093dca00000,0x00000093dcb00000] [id=24700]
  0x0000021098909000 GCTaskThread "GC Thread#0" [stack: 0x00000093dbb00000,0x00000093dbc00000] [id=16372]
  0x00000210b84cd800 GCTaskThread "GC Thread#1" [stack: 0x00000093dcb00000,0x00000093dcc00000] [id=2584]
  0x00000210b7da8000 GCTaskThread "GC Thread#2" [stack: 0x00000093dcc00000,0x00000093dcd00000] [id=23160]
  0x00000210b940f000 GCTaskThread "GC Thread#3" [stack: 0x00000093dd100000,0x00000093dd200000] [id=19404]
  0x000002109893d000 ConcurrentGCThread "G1 Main Marker" [stack: 0x00000093dbc00000,0x00000093dbd00000] [id=14124]
  0x000002109893e000 ConcurrentGCThread "G1 Conc#0" [stack: 0x00000093dbd00000,0x00000093dbe00000] [id=4732]
  0x00000210989ad000 ConcurrentGCThread "G1 Refine#0" [stack: 0x00000093dbe00000,0x00000093dbf00000] [id=18364]
  0x00000210b9366800 ConcurrentGCThread "G1 Refine#1" [stack: 0x00000093ed300000,0x00000093ed400000] [id=16140]
  0x00000210be67e000 ConcurrentGCThread "G1 Refine#2" [stack: 0x00000093ed400000,0x00000093ed500000] [id=5768]
  0x00000210c6aeb800 ConcurrentGCThread "G1 Refine#3" [stack: 0x00000093ed500000,0x00000093ed600000] [id=16408]
  0x00000210b6ff2800 ConcurrentGCThread "G1 Young RemSet Sampling" [stack: 0x00000093dbf00000,0x00000093dc000000] [id=13168]

Threads with active compile tasks:

VM state:not at safepoint (normal execution)

VM Mutex/Monitor currently owned by a thread:  ([mutex/lock_event])
[0x00000210988edc70] Heap_lock - owner thread: 0x00000210bbe5c000

Heap address: 0x0000000080000000, size: 2048 MB, Compressed Oops mode: 32-bit
Narrow klass base: 0x0000000800000000, Narrow klass shift: 3
Compressed class space size: 1073741824 Address: 0x0000000840000000

Heap:
 garbage-first heap   total 982016K, used 876602K [0x0000000080000000, 0x0000000100000000)
  region size 1024K, 30 young (30720K), 1 survivors (1024K)
 Metaspace       used 183145K, capacity 197103K, committed 198228K, reserved 1216512K
  class space    used 25656K, capacity 31688K, committed 31896K, reserved 1048576K
Heap Regions: E=young(eden), S=young(survivor), O=old, HS=humongous(starts), HC=humongous(continues), CS=collection set, F=free, A=archive, TAMS=top-at-mark-start (previous, next)
|   0|0x0000000080000000, 0x0000000080100000, 0x0000000080100000|100%|HS|  |TAMS 0x0000000080100000, 0x0000000080100000| Complete 
|   1|0x0000000080100000, 0x0000000080200000, 0x0000000080200000|100%|HS|  |TAMS 0x0000000080200000, 0x0000000080200000| Complete 
|   2|0x0000000080200000, 0x0000000080300000, 0x0000000080300000|100%|HC|  |TAMS 0x0000000080300000, 0x0000000080300000| Complete 
|   3|0x0000000080300000, 0x0000000080400000, 0x0000000080400000|100%|HS|  |TAMS 0x0000000080400000, 0x0000000080400000| Complete 
|   4|0x0000000080400000, 0x0000000080500000, 0x0000000080500000|100%|HC|  |TAMS 0x0000000080500000, 0x0000000080500000| Complete 
|   5|0x0000000080500000, 0x0000000080600000, 0x0000000080600000|100%|HC|  |TAMS 0x0000000080600000, 0x0000000080600000| Complete 
|   6|0x0000000080600000, 0x0000000080700000, 0x0000000080700000|100%|HS|  |TAMS 0x0000000080700000, 0x0000000080700000| Complete 
|   7|0x0000000080700000, 0x0000000080800000, 0x0000000080800000|100%|HS|  |TAMS 0x0000000080800000, 0x0000000080800000| Complete 
|   8|0x0000000080800000, 0x0000000080900000, 0x0000000080900000|100%| O|  |TAMS 0x0000000080900000, 0x0000000080900000| Untracked 
|   9|0x0000000080900000, 0x0000000080a00000, 0x0000000080a00000|100%| O|  |TAMS 0x0000000080a00000, 0x0000000080a00000| Untracked 
|  10|0x0000000080a00000, 0x0000000080b00000, 0x0000000080b00000|100%| O|  |TAMS 0x0000000080b00000, 0x0000000080b00000| Untracked 
|  11|0x0000000080b00000, 0x0000000080c00000, 0x0000000080c00000|100%| O|  |TAMS 0x0000000080c00000, 0x0000000080c00000| Untracked 
|  12|0x0000000080c00000, 0x0000000080d00000, 0x0000000080d00000|100%| O|  |TAMS 0x0000000080d00000, 0x0000000080d00000| Untracked 
|  13|0x0000000080d00000, 0x0000000080e00000, 0x0000000080e00000|100%| O|  |TAMS 0x0000000080e00000, 0x0000000080e00000| Untracked 
|  14|0x0000000080e00000, 0x0000000080f00000, 0x0000000080f00000|100%| O|  |TAMS 0x0000000080f00000, 0x0000000080f00000| Untracked 
|  15|0x0000000080f00000, 0x0000000081000000, 0x0000000081000000|100%| O|  |TAMS 0x0000000081000000, 0x0000000081000000| Untracked 
|  16|0x0000000081000000, 0x0000000081100000, 0x0000000081100000|100%| O|  |TAMS 0x0000000081100000, 0x0000000081100000| Untracked 
|  17|0x0000000081100000, 0x0000000081200000, 0x0000000081200000|100%|HS|  |TAMS 0x0000000081200000, 0x0000000081200000| Complete 
|  18|0x0000000081200000, 0x0000000081300000, 0x0000000081300000|100%| O|  |TAMS 0x0000000081300000, 0x0000000081300000| Untracked 
|  19|0x0000000081300000, 0x0000000081400000, 0x0000000081400000|100%| O|  |TAMS 0x0000000081400000, 0x0000000081400000| Untracked 
|  20|0x0000000081400000, 0x0000000081500000, 0x0000000081500000|100%| O|  |TAMS 0x0000000081500000, 0x0000000081500000| Untracked 
|  21|0x0000000081500000, 0x0000000081600000, 0x0000000081600000|100%| O|  |TAMS 0x0000000081600000, 0x0000000081600000| Untracked 
|  22|0x0000000081600000, 0x0000000081700000, 0x0000000081700000|100%| O|  |TAMS 0x0000000081700000, 0x0000000081700000| Untracked 
|  23|0x0000000081700000, 0x0000000081800000, 0x0000000081800000|100%| O|  |TAMS 0x0000000081800000, 0x0000000081800000| Untracked 
|  24|0x0000000081800000, 0x0000000081900000, 0x0000000081900000|100%| O|  |TAMS 0x0000000081900000, 0x0000000081900000| Untracked 
|  25|0x0000000081900000, 0x0000000081a00000, 0x0000000081a00000|100%| O|  |TAMS 0x0000000081a00000, 0x0000000081a00000| Untracked 
|  26|0x0000000081a00000, 0x0000000081b00000, 0x0000000081b00000|100%| O|  |TAMS 0x0000000081b00000, 0x0000000081b00000| Untracked 
|  27|0x0000000081b00000, 0x0000000081c00000, 0x0000000081c00000|100%| O|  |TAMS 0x0000000081c00000, 0x0000000081c00000| Untracked 
|  28|0x0000000081c00000, 0x0000000081d00000, 0x0000000081d00000|100%| O|  |TAMS 0x0000000081d00000, 0x0000000081d00000| Untracked 
|  29|0x0000000081d00000, 0x0000000081e00000, 0x0000000081e00000|100%| O|  |TAMS 0x0000000081e00000, 0x0000000081e00000| Untracked 
|  30|0x0000000081e00000, 0x0000000081f00000, 0x0000000081f00000|100%| O|  |TAMS 0x0000000081f00000, 0x0000000081f00000| Untracked 
|  31|0x0000000081f00000, 0x0000000082000000, 0x0000000082000000|100%| O|  |TAMS 0x0000000082000000, 0x0000000082000000| Untracked 
|  32|0x0000000082000000, 0x0000000082100000, 0x0000000082100000|100%| O|  |TAMS 0x0000000082100000, 0x0000000082100000| Untracked 
|  33|0x0000000082100000, 0x0000000082200000, 0x0000000082200000|100%| O|  |TAMS 0x0000000082200000, 0x0000000082200000| Untracked 
|  34|0x0000000082200000, 0x0000000082300000, 0x0000000082300000|100%| O|  |TAMS 0x0000000082300000, 0x0000000082300000| Untracked 
|  35|0x0000000082300000, 0x0000000082400000, 0x0000000082400000|100%| O|  |TAMS 0x0000000082400000, 0x0000000082400000| Untracked 
|  36|0x0000000082400000, 0x0000000082500000, 0x0000000082500000|100%| O|  |TAMS 0x0000000082500000, 0x0000000082500000| Untracked 
|  37|0x0000000082500000, 0x0000000082600000, 0x0000000082600000|100%| O|  |TAMS 0x0000000082600000, 0x0000000082600000| Untracked 
|  38|0x0000000082600000, 0x0000000082700000, 0x0000000082700000|100%| O|  |TAMS 0x0000000082700000, 0x0000000082700000| Untracked 
|  39|0x0000000082700000, 0x0000000082800000, 0x0000000082800000|100%| O|  |TAMS 0x0000000082800000, 0x0000000082800000| Untracked 
|  40|0x0000000082800000, 0x0000000082900000, 0x0000000082900000|100%| O|  |TAMS 0x0000000082900000, 0x0000000082900000| Untracked 
|  41|0x0000000082900000, 0x0000000082a00000, 0x0000000082a00000|100%| O|  |TAMS 0x0000000082a00000, 0x0000000082a00000| Untracked 
|  42|0x0000000082a00000, 0x0000000082b00000, 0x0000000082b00000|100%| O|  |TAMS 0x0000000082b00000, 0x0000000082b00000| Untracked 
|  43|0x0000000082b00000, 0x0000000082c00000, 0x0000000082c00000|100%| O|  |TAMS 0x0000000082c00000, 0x0000000082c00000| Untracked 
|  44|0x0000000082c00000, 0x0000000082d00000, 0x0000000082d00000|100%| O|  |TAMS 0x0000000082d00000, 0x0000000082d00000| Untracked 
|  45|0x0000000082d00000, 0x0000000082e00000, 0x0000000082e00000|100%| O|  |TAMS 0x0000000082e00000, 0x0000000082e00000| Untracked 
|  46|0x0000000082e00000, 0x0000000082f00000, 0x0000000082f00000|100%| O|  |TAMS 0x0000000082f00000, 0x0000000082f00000| Untracked 
|  47|0x0000000082f00000, 0x0000000083000000, 0x0000000083000000|100%| O|  |TAMS 0x0000000083000000, 0x0000000083000000| Untracked 
|  48|0x0000000083000000, 0x0000000083100000, 0x0000000083100000|100%| O|  |TAMS 0x0000000083100000, 0x0000000083100000| Untracked 
|  49|0x0000000083100000, 0x0000000083200000, 0x0000000083200000|100%| O|  |TAMS 0x0000000083200000, 0x0000000083200000| Untracked 
|  50|0x0000000083200000, 0x0000000083300000, 0x0000000083300000|100%| O|  |TAMS 0x0000000083300000, 0x0000000083300000| Untracked 
|  51|0x0000000083300000, 0x0000000083400000, 0x0000000083400000|100%| O|  |TAMS 0x0000000083400000, 0x0000000083400000| Untracked 
|  52|0x0000000083400000, 0x0000000083500000, 0x0000000083500000|100%| O|  |TAMS 0x0000000083500000, 0x0000000083500000| Untracked 
|  53|0x0000000083500000, 0x0000000083600000, 0x0000000083600000|100%| O|  |TAMS 0x0000000083600000, 0x0000000083600000| Untracked 
|  54|0x0000000083600000, 0x0000000083700000, 0x0000000083700000|100%| O|  |TAMS 0x00000000836c4000, 0x0000000083700000| Untracked 
|  55|0x0000000083700000, 0x0000000083800000, 0x0000000083800000|100%| O|  |TAMS 0x0000000083800000, 0x0000000083800000| Untracked 
|  56|0x0000000083800000, 0x0000000083900000, 0x0000000083900000|100%| O|  |TAMS 0x0000000083900000, 0x0000000083900000| Untracked 
|  57|0x0000000083900000, 0x0000000083a00000, 0x0000000083a00000|100%| O|  |TAMS 0x0000000083a00000, 0x0000000083a00000| Untracked 
|  58|0x0000000083a00000, 0x0000000083b00000, 0x0000000083b00000|100%| O|  |TAMS 0x0000000083b00000, 0x0000000083b00000| Untracked 
|  59|0x0000000083b00000, 0x0000000083be3400, 0x0000000083c00000| 88%| O|  |TAMS 0x0000000083b00000, 0x0000000083be3400| Untracked 
|  60|0x0000000083c00000, 0x0000000083d00000, 0x0000000083d00000|100%| O|  |TAMS 0x0000000083d00000, 0x0000000083d00000| Untracked 
|  61|0x0000000083d00000, 0x0000000083e00000, 0x0000000083e00000|100%| O|  |TAMS 0x0000000083e00000, 0x0000000083e00000| Untracked 
|  62|0x0000000083e00000, 0x0000000083f00000, 0x0000000083f00000|100%| O|  |TAMS 0x0000000083f00000, 0x0000000083f00000| Untracked 
|  63|0x0000000083f00000, 0x0000000084000000, 0x0000000084000000|100%| O|  |TAMS 0x0000000084000000, 0x0000000084000000| Untracked 
|  64|0x0000000084000000, 0x0000000084100000, 0x0000000084100000|100%| O|  |TAMS 0x0000000084100000, 0x0000000084100000| Untracked 
|  65|0x0000000084100000, 0x0000000084200000, 0x0000000084200000|100%| O|  |TAMS 0x0000000084200000, 0x0000000084200000| Untracked 
|  66|0x0000000084200000, 0x0000000084200000, 0x0000000084300000|  0%| F|  |TAMS 0x0000000084200000, 0x0000000084200000| Untracked 
|  67|0x0000000084300000, 0x0000000084400000, 0x0000000084400000|100%| O|  |TAMS 0x0000000084400000, 0x0000000084400000| Untracked 
|  68|0x0000000084400000, 0x0000000084400000, 0x0000000084500000|  0%| F|  |TAMS 0x0000000084400000, 0x0000000084400000| Untracked 
|  69|0x0000000084500000, 0x0000000084600000, 0x0000000084600000|100%| O|  |TAMS 0x0000000084600000, 0x0000000084600000| Untracked 
|  70|0x0000000084600000, 0x0000000084700000, 0x0000000084700000|100%| O|  |TAMS 0x0000000084700000, 0x0000000084700000| Untracked 
|  71|0x0000000084700000, 0x0000000084800000, 0x0000000084800000|100%| O|  |TAMS 0x0000000084800000, 0x0000000084800000| Untracked 
|  72|0x0000000084800000, 0x0000000084900000, 0x0000000084900000|100%| O|  |TAMS 0x0000000084900000, 0x0000000084900000| Untracked 
|  73|0x0000000084900000, 0x0000000084a00000, 0x0000000084a00000|100%| O|  |TAMS 0x0000000084a00000, 0x0000000084a00000| Untracked 
|  74|0x0000000084a00000, 0x0000000084a00000, 0x0000000084b00000|  0%| F|  |TAMS 0x0000000084a00000, 0x0000000084a00000| Untracked 
|  75|0x0000000084b00000, 0x0000000084c00000, 0x0000000084c00000|100%| O|  |TAMS 0x0000000084c00000, 0x0000000084c00000| Untracked 
|  76|0x0000000084c00000, 0x0000000084c00000, 0x0000000084d00000|  0%| F|  |TAMS 0x0000000084c00000, 0x0000000084c00000| Untracked 
|  77|0x0000000084d00000, 0x0000000084e00000, 0x0000000084e00000|100%| O|  |TAMS 0x0000000084e00000, 0x0000000084e00000| Untracked 
|  78|0x0000000084e00000, 0x0000000084e00000, 0x0000000084f00000|  0%| F|  |TAMS 0x0000000084e00000, 0x0000000084e00000| Untracked 
|  79|0x0000000084f00000, 0x0000000085000000, 0x0000000085000000|100%| O|  |TAMS 0x0000000085000000, 0x0000000085000000| Untracked 
|  80|0x0000000085000000, 0x0000000085100000, 0x0000000085100000|100%| O|  |TAMS 0x0000000085100000, 0x0000000085100000| Untracked 
|  81|0x0000000085100000, 0x0000000085200000, 0x0000000085200000|100%| O|  |TAMS 0x0000000085200000, 0x0000000085200000| Untracked 
|  82|0x0000000085200000, 0x0000000085300000, 0x0000000085300000|100%| O|  |TAMS 0x0000000085300000, 0x0000000085300000| Untracked 
|  83|0x0000000085300000, 0x0000000085400000, 0x0000000085400000|100%| O|  |TAMS 0x0000000085400000, 0x0000000085400000| Untracked 
|  84|0x0000000085400000, 0x0000000085400000, 0x0000000085500000|  0%| F|  |TAMS 0x0000000085400000, 0x0000000085400000| Untracked 
|  85|0x0000000085500000, 0x0000000085500000, 0x0000000085600000|  0%| F|  |TAMS 0x0000000085500000, 0x0000000085500000| Untracked 
|  86|0x0000000085600000, 0x0000000085700000, 0x0000000085700000|100%| O|  |TAMS 0x0000000085700000, 0x0000000085700000| Untracked 
|  87|0x0000000085700000, 0x0000000085800000, 0x0000000085800000|100%| O|  |TAMS 0x0000000085800000, 0x0000000085800000| Untracked 
|  88|0x0000000085800000, 0x0000000085900000, 0x0000000085900000|100%| O|  |TAMS 0x0000000085900000, 0x0000000085900000| Untracked 
|  89|0x0000000085900000, 0x0000000085a00000, 0x0000000085a00000|100%| O|  |TAMS 0x0000000085a00000, 0x0000000085a00000| Untracked 
|  90|0x0000000085a00000, 0x0000000085b00000, 0x0000000085b00000|100%| O|  |TAMS 0x0000000085b00000, 0x0000000085b00000| Untracked 
|  91|0x0000000085b00000, 0x0000000085c00000, 0x0000000085c00000|100%| O|  |TAMS 0x0000000085c00000, 0x0000000085c00000| Untracked 
|  92|0x0000000085c00000, 0x0000000085d00000, 0x0000000085d00000|100%| O|  |TAMS 0x0000000085d00000, 0x0000000085d00000| Untracked 
|  93|0x0000000085d00000, 0x0000000085d00000, 0x0000000085e00000|  0%| F|  |TAMS 0x0000000085d00000, 0x0000000085d00000| Untracked 
|  94|0x0000000085e00000, 0x0000000085f00000, 0x0000000085f00000|100%| O|  |TAMS 0x0000000085f00000, 0x0000000085f00000| Untracked 
|  95|0x0000000085f00000, 0x0000000086000000, 0x0000000086000000|100%| O|  |TAMS 0x0000000086000000, 0x0000000086000000| Untracked 
|  96|0x0000000086000000, 0x0000000086100000, 0x0000000086100000|100%| O|  |TAMS 0x0000000086100000, 0x0000000086100000| Untracked 
|  97|0x0000000086100000, 0x0000000086200000, 0x0000000086200000|100%| O|  |TAMS 0x0000000086200000, 0x0000000086200000| Untracked 
|  98|0x0000000086200000, 0x0000000086300000, 0x0000000086300000|100%| O|  |TAMS 0x0000000086300000, 0x0000000086300000| Untracked 
|  99|0x0000000086300000, 0x0000000086400000, 0x0000000086400000|100%| O|  |TAMS 0x0000000086400000, 0x0000000086400000| Untracked 
| 100|0x0000000086400000, 0x0000000086500000, 0x0000000086500000|100%| O|  |TAMS 0x0000000086500000, 0x0000000086500000| Untracked 
| 101|0x0000000086500000, 0x0000000086600000, 0x0000000086600000|100%| O|  |TAMS 0x0000000086600000, 0x0000000086600000| Untracked 
| 102|0x0000000086600000, 0x0000000086700000, 0x0000000086700000|100%| O|  |TAMS 0x0000000086700000, 0x0000000086700000| Untracked 
| 103|0x0000000086700000, 0x0000000086800000, 0x0000000086800000|100%| O|  |TAMS 0x0000000086800000, 0x0000000086800000| Untracked 
| 104|0x0000000086800000, 0x0000000086900000, 0x0000000086900000|100%| O|  |TAMS 0x0000000086900000, 0x0000000086900000| Untracked 
| 105|0x0000000086900000, 0x0000000086a00000, 0x0000000086a00000|100%| O|  |TAMS 0x0000000086a00000, 0x0000000086a00000| Untracked 
| 106|0x0000000086a00000, 0x0000000086b00000, 0x0000000086b00000|100%| O|  |TAMS 0x0000000086b00000, 0x0000000086b00000| Untracked 
| 107|0x0000000086b00000, 0x0000000086c00000, 0x0000000086c00000|100%| O|  |TAMS 0x0000000086c00000, 0x0000000086c00000| Untracked 
| 108|0x0000000086c00000, 0x0000000086d00000, 0x0000000086d00000|100%| O|  |TAMS 0x0000000086d00000, 0x0000000086d00000| Untracked 
| 109|0x0000000086d00000, 0x0000000086e00000, 0x0000000086e00000|100%| O|  |TAMS 0x0000000086e00000, 0x0000000086e00000| Untracked 
| 110|0x0000000086e00000, 0x0000000086e00000, 0x0000000086f00000|  0%| F|  |TAMS 0x0000000086e00000, 0x0000000086e00000| Untracked 
| 111|0x0000000086f00000, 0x0000000087000000, 0x0000000087000000|100%| O|  |TAMS 0x0000000087000000, 0x0000000087000000| Untracked 
| 112|0x0000000087000000, 0x0000000087100000, 0x0000000087100000|100%| O|  |TAMS 0x0000000087100000, 0x0000000087100000| Untracked 
| 113|0x0000000087100000, 0x0000000087100000, 0x0000000087200000|  0%| F|  |TAMS 0x0000000087100000, 0x0000000087100000| Untracked 
| 114|0x0000000087200000, 0x0000000087300000, 0x0000000087300000|100%| O|  |TAMS 0x0000000087300000, 0x0000000087300000| Untracked 
| 115|0x0000000087300000, 0x0000000087400000, 0x0000000087400000|100%| O|  |TAMS 0x0000000087400000, 0x0000000087400000| Untracked 
| 116|0x0000000087400000, 0x0000000087500000, 0x0000000087500000|100%| O|  |TAMS 0x0000000087500000, 0x0000000087500000| Untracked 
| 117|0x0000000087500000, 0x0000000087500000, 0x0000000087600000|  0%| F|  |TAMS 0x0000000087500000, 0x0000000087500000| Untracked 
| 118|0x0000000087600000, 0x0000000087700000, 0x0000000087700000|100%| O|  |TAMS 0x0000000087700000, 0x0000000087700000| Untracked 
| 119|0x0000000087700000, 0x0000000087800000, 0x0000000087800000|100%| O|  |TAMS 0x0000000087800000, 0x0000000087800000| Untracked 
| 120|0x0000000087800000, 0x0000000087900000, 0x0000000087900000|100%| O|  |TAMS 0x0000000087900000, 0x0000000087900000| Untracked 
| 121|0x0000000087900000, 0x0000000087a00000, 0x0000000087a00000|100%| O|  |TAMS 0x0000000087a00000, 0x0000000087a00000| Untracked 
| 122|0x0000000087a00000, 0x0000000087b00000, 0x0000000087b00000|100%| O|  |TAMS 0x0000000087b00000, 0x0000000087b00000| Untracked 
| 123|0x0000000087b00000, 0x0000000087c00000, 0x0000000087c00000|100%| O|  |TAMS 0x0000000087c00000, 0x0000000087c00000| Untracked 
| 124|0x0000000087c00000, 0x0000000087d00000, 0x0000000087d00000|100%| O|  |TAMS 0x0000000087d00000, 0x0000000087d00000| Untracked 
| 125|0x0000000087d00000, 0x0000000087e00000, 0x0000000087e00000|100%| O|  |TAMS 0x0000000087e00000, 0x0000000087e00000| Untracked 
| 126|0x0000000087e00000, 0x0000000087f00000, 0x0000000087f00000|100%| O|  |TAMS 0x0000000087f00000, 0x0000000087f00000| Untracked 
| 127|0x0000000087f00000, 0x0000000088000000, 0x0000000088000000|100%| O|  |TAMS 0x0000000088000000, 0x0000000088000000| Untracked 
| 128|0x0000000088000000, 0x0000000088000000, 0x0000000088100000|  0%| F|  |TAMS 0x0000000088000000, 0x0000000088000000| Untracked 
| 129|0x0000000088100000, 0x0000000088200000, 0x0000000088200000|100%| O|  |TAMS 0x0000000088200000, 0x0000000088200000| Untracked 
| 130|0x0000000088200000, 0x0000000088300000, 0x0000000088300000|100%|HS|  |TAMS 0x0000000088300000, 0x0000000088300000| Complete 
| 131|0x0000000088300000, 0x0000000088400000, 0x0000000088400000|100%|HC|  |TAMS 0x0000000088400000, 0x0000000088400000| Complete 
| 132|0x0000000088400000, 0x0000000088400000, 0x0000000088500000|  0%| F|  |TAMS 0x0000000088400000, 0x0000000088400000| Untracked 
| 133|0x0000000088500000, 0x0000000088600000, 0x0000000088600000|100%| O|  |TAMS 0x0000000088600000, 0x0000000088600000| Untracked 
| 134|0x0000000088600000, 0x0000000088600000, 0x0000000088700000|  0%| F|  |TAMS 0x0000000088600000, 0x0000000088600000| Untracked 
| 135|0x0000000088700000, 0x0000000088800000, 0x0000000088800000|100%| O|  |TAMS 0x0000000088800000, 0x0000000088800000| Untracked 
| 136|0x0000000088800000, 0x0000000088800000, 0x0000000088900000|  0%| F|  |TAMS 0x0000000088800000, 0x0000000088800000| Untracked 
| 137|0x0000000088900000, 0x0000000088a00000, 0x0000000088a00000|100%| O|  |TAMS 0x0000000088a00000, 0x0000000088a00000| Untracked 
| 138|0x0000000088a00000, 0x0000000088b00000, 0x0000000088b00000|100%| O|  |TAMS 0x0000000088b00000, 0x0000000088b00000| Untracked 
| 139|0x0000000088b00000, 0x0000000088c00000, 0x0000000088c00000|100%| O|  |TAMS 0x0000000088c00000, 0x0000000088c00000| Untracked 
| 140|0x0000000088c00000, 0x0000000088d00000, 0x0000000088d00000|100%| O|  |TAMS 0x0000000088d00000, 0x0000000088d00000| Untracked 
| 141|0x0000000088d00000, 0x0000000088e00000, 0x0000000088e00000|100%| O|  |TAMS 0x0000000088e00000, 0x0000000088e00000| Untracked 
| 142|0x0000000088e00000, 0x0000000088f00000, 0x0000000088f00000|100%| O|  |TAMS 0x0000000088f00000, 0x0000000088f00000| Untracked 
| 143|0x0000000088f00000, 0x0000000088f00000, 0x0000000089000000|  0%| F|  |TAMS 0x0000000088f00000, 0x0000000088f00000| Untracked 
| 144|0x0000000089000000, 0x0000000089100000, 0x0000000089100000|100%| O|  |TAMS 0x0000000089100000, 0x0000000089100000| Untracked 
| 145|0x0000000089100000, 0x0000000089200000, 0x0000000089200000|100%| O|  |TAMS 0x0000000089200000, 0x0000000089200000| Untracked 
| 146|0x0000000089200000, 0x0000000089300000, 0x0000000089300000|100%| O|  |TAMS 0x0000000089300000, 0x0000000089300000| Untracked 
| 147|0x0000000089300000, 0x0000000089400000, 0x0000000089400000|100%| O|  |TAMS 0x0000000089400000, 0x0000000089400000| Untracked 
| 148|0x0000000089400000, 0x0000000089500000, 0x0000000089500000|100%| O|  |TAMS 0x0000000089500000, 0x0000000089500000| Untracked 
| 149|0x0000000089500000, 0x0000000089600000, 0x0000000089600000|100%|HS|  |TAMS 0x0000000089600000, 0x0000000089600000| Complete 
| 150|0x0000000089600000, 0x0000000089700000, 0x0000000089700000|100%|HC|  |TAMS 0x0000000089700000, 0x0000000089700000| Complete 
| 151|0x0000000089700000, 0x0000000089800000, 0x0000000089800000|100%| O|  |TAMS 0x0000000089800000, 0x0000000089800000| Untracked 
| 152|0x0000000089800000, 0x0000000089900000, 0x0000000089900000|100%| O|  |TAMS 0x0000000089900000, 0x0000000089900000| Untracked 
| 153|0x0000000089900000, 0x0000000089900000, 0x0000000089a00000|  0%| F|  |TAMS 0x0000000089900000, 0x0000000089900000| Untracked 
| 154|0x0000000089a00000, 0x0000000089b00000, 0x0000000089b00000|100%| O|  |TAMS 0x0000000089b00000, 0x0000000089b00000| Untracked 
| 155|0x0000000089b00000, 0x0000000089c00000, 0x0000000089c00000|100%| O|  |TAMS 0x0000000089c00000, 0x0000000089c00000| Untracked 
| 156|0x0000000089c00000, 0x0000000089d00000, 0x0000000089d00000|100%| O|  |TAMS 0x0000000089d00000, 0x0000000089d00000| Untracked 
| 157|0x0000000089d00000, 0x0000000089e00000, 0x0000000089e00000|100%| O|  |TAMS 0x0000000089e00000, 0x0000000089e00000| Untracked 
| 158|0x0000000089e00000, 0x0000000089f00000, 0x0000000089f00000|100%| O|  |TAMS 0x0000000089f00000, 0x0000000089f00000| Untracked 
| 159|0x0000000089f00000, 0x000000008a000000, 0x000000008a000000|100%|HS|  |TAMS 0x000000008a000000, 0x000000008a000000| Complete 
| 160|0x000000008a000000, 0x000000008a100000, 0x000000008a100000|100%|HC|  |TAMS 0x000000008a100000, 0x000000008a100000| Complete 
| 161|0x000000008a100000, 0x000000008a200000, 0x000000008a200000|100%| O|  |TAMS 0x000000008a200000, 0x000000008a200000| Untracked 
| 162|0x000000008a200000, 0x000000008a300000, 0x000000008a300000|100%| O|  |TAMS 0x000000008a300000, 0x000000008a300000| Untracked 
| 163|0x000000008a300000, 0x000000008a400000, 0x000000008a400000|100%| O|  |TAMS 0x000000008a400000, 0x000000008a400000| Untracked 
| 164|0x000000008a400000, 0x000000008a500000, 0x000000008a500000|100%| O|  |TAMS 0x000000008a500000, 0x000000008a500000| Untracked 
| 165|0x000000008a500000, 0x000000008a500000, 0x000000008a600000|  0%| F|  |TAMS 0x000000008a500000, 0x000000008a500000| Untracked 
| 166|0x000000008a600000, 0x000000008a700000, 0x000000008a700000|100%| O|  |TAMS 0x000000008a700000, 0x000000008a700000| Untracked 
| 167|0x000000008a700000, 0x000000008a800000, 0x000000008a800000|100%| O|  |TAMS 0x000000008a800000, 0x000000008a800000| Untracked 
| 168|0x000000008a800000, 0x000000008a900000, 0x000000008a900000|100%| O|  |TAMS 0x000000008a900000, 0x000000008a900000| Untracked 
| 169|0x000000008a900000, 0x000000008aa00000, 0x000000008aa00000|100%| O|  |TAMS 0x000000008aa00000, 0x000000008aa00000| Untracked 
| 170|0x000000008aa00000, 0x000000008ab00000, 0x000000008ab00000|100%| O|  |TAMS 0x000000008ab00000, 0x000000008ab00000| Untracked 
| 171|0x000000008ab00000, 0x000000008ac00000, 0x000000008ac00000|100%| O|  |TAMS 0x000000008ac00000, 0x000000008ac00000| Untracked 
| 172|0x000000008ac00000, 0x000000008ad00000, 0x000000008ad00000|100%| O|  |TAMS 0x000000008ad00000, 0x000000008ad00000| Untracked 
| 173|0x000000008ad00000, 0x000000008ae00000, 0x000000008ae00000|100%| O|  |TAMS 0x000000008ae00000, 0x000000008ae00000| Untracked 
| 174|0x000000008ae00000, 0x000000008ae00000, 0x000000008af00000|  0%| F|  |TAMS 0x000000008ae00000, 0x000000008ae00000| Untracked 
| 175|0x000000008af00000, 0x000000008b000000, 0x000000008b000000|100%| O|  |TAMS 0x000000008b000000, 0x000000008b000000| Untracked 
| 176|0x000000008b000000, 0x000000008b100000, 0x000000008b100000|100%| O|  |TAMS 0x000000008b100000, 0x000000008b100000| Untracked 
| 177|0x000000008b100000, 0x000000008b200000, 0x000000008b200000|100%| O|  |TAMS 0x000000008b200000, 0x000000008b200000| Untracked 
| 178|0x000000008b200000, 0x000000008b300000, 0x000000008b300000|100%| O|  |TAMS 0x000000008b300000, 0x000000008b300000| Untracked 
| 179|0x000000008b300000, 0x000000008b400000, 0x000000008b400000|100%| O|  |TAMS 0x000000008b400000, 0x000000008b400000| Untracked 
| 180|0x000000008b400000, 0x000000008b500000, 0x000000008b500000|100%| O|  |TAMS 0x000000008b500000, 0x000000008b500000| Untracked 
| 181|0x000000008b500000, 0x000000008b500000, 0x000000008b600000|  0%| F|  |TAMS 0x000000008b500000, 0x000000008b500000| Untracked 
| 182|0x000000008b600000, 0x000000008b700000, 0x000000008b700000|100%| O|  |TAMS 0x000000008b700000, 0x000000008b700000| Untracked 
| 183|0x000000008b700000, 0x000000008b700000, 0x000000008b800000|  0%| F|  |TAMS 0x000000008b700000, 0x000000008b700000| Untracked 
| 184|0x000000008b800000, 0x000000008b900000, 0x000000008b900000|100%| O|  |TAMS 0x000000008b900000, 0x000000008b900000| Untracked 
| 185|0x000000008b900000, 0x000000008b900000, 0x000000008ba00000|  0%| F|  |TAMS 0x000000008b900000, 0x000000008b900000| Untracked 
| 186|0x000000008ba00000, 0x000000008bb00000, 0x000000008bb00000|100%| O|  |TAMS 0x000000008bb00000, 0x000000008bb00000| Untracked 
| 187|0x000000008bb00000, 0x000000008bc00000, 0x000000008bc00000|100%| O|  |TAMS 0x000000008bc00000, 0x000000008bc00000| Untracked 
| 188|0x000000008bc00000, 0x000000008bd00000, 0x000000008bd00000|100%|HS|  |TAMS 0x000000008bd00000, 0x000000008bd00000| Complete 
| 189|0x000000008bd00000, 0x000000008be00000, 0x000000008be00000|100%|HC|  |TAMS 0x000000008be00000, 0x000000008be00000| Complete 
| 190|0x000000008be00000, 0x000000008bf00000, 0x000000008bf00000|100%|HC|  |TAMS 0x000000008bf00000, 0x000000008bf00000| Complete 
| 191|0x000000008bf00000, 0x000000008c000000, 0x000000008c000000|100%|HC|  |TAMS 0x000000008c000000, 0x000000008c000000| Complete 
| 192|0x000000008c000000, 0x000000008c100000, 0x000000008c100000|100%|HC|  |TAMS 0x000000008c100000, 0x000000008c100000| Complete 
| 193|0x000000008c100000, 0x000000008c200000, 0x000000008c200000|100%|HS|  |TAMS 0x000000008c200000, 0x000000008c200000| Complete 
| 194|0x000000008c200000, 0x000000008c300000, 0x000000008c300000|100%|HC|  |TAMS 0x000000008c300000, 0x000000008c300000| Complete 
| 195|0x000000008c300000, 0x000000008c400000, 0x000000008c400000|100%|HS|  |TAMS 0x000000008c400000, 0x000000008c400000| Complete 
| 196|0x000000008c400000, 0x000000008c500000, 0x000000008c500000|100%|HC|  |TAMS 0x000000008c500000, 0x000000008c500000| Complete 
| 197|0x000000008c500000, 0x000000008c600000, 0x000000008c600000|100%|HS|  |TAMS 0x000000008c600000, 0x000000008c600000| Complete 
| 198|0x000000008c600000, 0x000000008c700000, 0x000000008c700000|100%|HC|  |TAMS 0x000000008c700000, 0x000000008c700000| Complete 
| 199|0x000000008c700000, 0x000000008c800000, 0x000000008c800000|100%|HS|  |TAMS 0x000000008c800000, 0x000000008c800000| Complete 
| 200|0x000000008c800000, 0x000000008c900000, 0x000000008c900000|100%|HC|  |TAMS 0x000000008c900000, 0x000000008c900000| Complete 
| 201|0x000000008c900000, 0x000000008ca00000, 0x000000008ca00000|100%|HS|  |TAMS 0x000000008ca00000, 0x000000008ca00000| Complete 
| 202|0x000000008ca00000, 0x000000008cb00000, 0x000000008cb00000|100%|HC|  |TAMS 0x000000008cb00000, 0x000000008cb00000| Complete 
| 203|0x000000008cb00000, 0x000000008cc00000, 0x000000008cc00000|100%|HS|  |TAMS 0x000000008cc00000, 0x000000008cc00000| Complete 
| 204|0x000000008cc00000, 0x000000008cd00000, 0x000000008cd00000|100%|HC|  |TAMS 0x000000008cd00000, 0x000000008cd00000| Complete 
| 205|0x000000008cd00000, 0x000000008ce00000, 0x000000008ce00000|100%|HC|  |TAMS 0x000000008ce00000, 0x000000008ce00000| Complete 
| 206|0x000000008ce00000, 0x000000008cf00000, 0x000000008cf00000|100%|HS|  |TAMS 0x000000008cf00000, 0x000000008cf00000| Complete 
| 207|0x000000008cf00000, 0x000000008d000000, 0x000000008d000000|100%|HC|  |TAMS 0x000000008d000000, 0x000000008d000000| Complete 
| 208|0x000000008d000000, 0x000000008d100000, 0x000000008d100000|100%|HC|  |TAMS 0x000000008d100000, 0x000000008d100000| Complete 
| 209|0x000000008d100000, 0x000000008d200000, 0x000000008d200000|100%|HS|  |TAMS 0x000000008d200000, 0x000000008d200000| Complete 
| 210|0x000000008d200000, 0x000000008d300000, 0x000000008d300000|100%|HC|  |TAMS 0x000000008d300000, 0x000000008d300000| Complete 
| 211|0x000000008d300000, 0x000000008d400000, 0x000000008d400000|100%|HC|  |TAMS 0x000000008d400000, 0x000000008d400000| Complete 
| 212|0x000000008d400000, 0x000000008d500000, 0x000000008d500000|100%|HS|  |TAMS 0x000000008d500000, 0x000000008d500000| Complete 
| 213|0x000000008d500000, 0x000000008d600000, 0x000000008d600000|100%|HC|  |TAMS 0x000000008d600000, 0x000000008d600000| Complete 
| 214|0x000000008d600000, 0x000000008d700000, 0x000000008d700000|100%|HC|  |TAMS 0x000000008d700000, 0x000000008d700000| Complete 
| 215|0x000000008d700000, 0x000000008d800000, 0x000000008d800000|100%|HS|  |TAMS 0x000000008d800000, 0x000000008d800000| Complete 
| 216|0x000000008d800000, 0x000000008d900000, 0x000000008d900000|100%|HC|  |TAMS 0x000000008d900000, 0x000000008d900000| Complete 
| 217|0x000000008d900000, 0x000000008da00000, 0x000000008da00000|100%|HC|  |TAMS 0x000000008da00000, 0x000000008da00000| Complete 
| 218|0x000000008da00000, 0x000000008db00000, 0x000000008db00000|100%|HC|  |TAMS 0x000000008db00000, 0x000000008db00000| Complete 
| 219|0x000000008db00000, 0x000000008dc00000, 0x000000008dc00000|100%|HC|  |TAMS 0x000000008dc00000, 0x000000008dc00000| Complete 
| 220|0x000000008dc00000, 0x000000008dc00000, 0x000000008dd00000|  0%| F|  |TAMS 0x000000008dc00000, 0x000000008dc00000| Untracked 
| 221|0x000000008dd00000, 0x000000008de00000, 0x000000008de00000|100%| O|  |TAMS 0x000000008de00000, 0x000000008de00000| Untracked 
| 222|0x000000008de00000, 0x000000008de00000, 0x000000008df00000|  0%| F|  |TAMS 0x000000008de00000, 0x000000008de00000| Untracked 
| 223|0x000000008df00000, 0x000000008e000000, 0x000000008e000000|100%|HS|  |TAMS 0x000000008e000000, 0x000000008e000000| Complete 
| 224|0x000000008e000000, 0x000000008e100000, 0x000000008e100000|100%|HC|  |TAMS 0x000000008e100000, 0x000000008e100000| Complete 
| 225|0x000000008e100000, 0x000000008e200000, 0x000000008e200000|100%|HC|  |TAMS 0x000000008e200000, 0x000000008e200000| Complete 
| 226|0x000000008e200000, 0x000000008e300000, 0x000000008e300000|100%|HC|  |TAMS 0x000000008e300000, 0x000000008e300000| Complete 
| 227|0x000000008e300000, 0x000000008e400000, 0x000000008e400000|100%|HC|  |TAMS 0x000000008e400000, 0x000000008e400000| Complete 
| 228|0x000000008e400000, 0x000000008e500000, 0x000000008e500000|100%|HC|  |TAMS 0x000000008e500000, 0x000000008e500000| Complete 
| 229|0x000000008e500000, 0x000000008e600000, 0x000000008e600000|100%|HC|  |TAMS 0x000000008e600000, 0x000000008e600000| Complete 
| 230|0x000000008e600000, 0x000000008e700000, 0x000000008e700000|100%|HC|  |TAMS 0x000000008e700000, 0x000000008e700000| Complete 
| 231|0x000000008e700000, 0x000000008e800000, 0x000000008e800000|100%|HC|  |TAMS 0x000000008e800000, 0x000000008e800000| Complete 
| 232|0x000000008e800000, 0x000000008e800000, 0x000000008e900000|  0%| F|  |TAMS 0x000000008e800000, 0x000000008e800000| Untracked 
| 233|0x000000008e900000, 0x000000008e900000, 0x000000008ea00000|  0%| F|  |TAMS 0x000000008e900000, 0x000000008e900000| Untracked 
| 234|0x000000008ea00000, 0x000000008ea00000, 0x000000008eb00000|  0%| F|  |TAMS 0x000000008ea00000, 0x000000008ea00000| Untracked 
| 235|0x000000008eb00000, 0x000000008eb00000, 0x000000008ec00000|  0%| F|  |TAMS 0x000000008eb00000, 0x000000008eb00000| Untracked 
| 236|0x000000008ec00000, 0x000000008ed00000, 0x000000008ed00000|100%|HS|  |TAMS 0x000000008ed00000, 0x000000008ed00000| Complete 
| 237|0x000000008ed00000, 0x000000008ee00000, 0x000000008ee00000|100%|HC|  |TAMS 0x000000008ee00000, 0x000000008ee00000| Complete 
| 238|0x000000008ee00000, 0x000000008ef00000, 0x000000008ef00000|100%|HC|  |TAMS 0x000000008ef00000, 0x000000008ef00000| Complete 
| 239|0x000000008ef00000, 0x000000008f000000, 0x000000008f000000|100%|HC|  |TAMS 0x000000008f000000, 0x000000008f000000| Complete 
| 240|0x000000008f000000, 0x000000008f100000, 0x000000008f100000|100%|HC|  |TAMS 0x000000008f100000, 0x000000008f100000| Complete 
| 241|0x000000008f100000, 0x000000008f200000, 0x000000008f200000|100%|HC|  |TAMS 0x000000008f200000, 0x000000008f200000| Complete 
| 242|0x000000008f200000, 0x000000008f300000, 0x000000008f300000|100%|HC|  |TAMS 0x000000008f300000, 0x000000008f300000| Complete 
| 243|0x000000008f300000, 0x000000008f400000, 0x000000008f400000|100%|HC|  |TAMS 0x000000008f400000, 0x000000008f400000| Complete 
| 244|0x000000008f400000, 0x000000008f500000, 0x000000008f500000|100%|HC|  |TAMS 0x000000008f500000, 0x000000008f500000| Complete 
| 245|0x000000008f500000, 0x000000008f600000, 0x000000008f600000|100%|HC|  |TAMS 0x000000008f600000, 0x000000008f600000| Complete 
| 246|0x000000008f600000, 0x000000008f700000, 0x000000008f700000|100%|HC|  |TAMS 0x000000008f700000, 0x000000008f700000| Complete 
| 247|0x000000008f700000, 0x000000008f800000, 0x000000008f800000|100%|HC|  |TAMS 0x000000008f800000, 0x000000008f800000| Complete 
| 248|0x000000008f800000, 0x000000008f900000, 0x000000008f900000|100%|HC|  |TAMS 0x000000008f900000, 0x000000008f900000| Complete 
| 249|0x000000008f900000, 0x000000008fa00000, 0x000000008fa00000|100%|HC|  |TAMS 0x000000008fa00000, 0x000000008fa00000| Complete 
| 250|0x000000008fa00000, 0x000000008fb00000, 0x000000008fb00000|100%|HC|  |TAMS 0x000000008fb00000, 0x000000008fb00000| Complete 
| 251|0x000000008fb00000, 0x000000008fc00000, 0x000000008fc00000|100%|HC|  |TAMS 0x000000008fc00000, 0x000000008fc00000| Complete 
| 252|0x000000008fc00000, 0x000000008fd00000, 0x000000008fd00000|100%|HS|  |TAMS 0x000000008fd00000, 0x000000008fd00000| Complete 
| 253|0x000000008fd00000, 0x000000008fe00000, 0x000000008fe00000|100%|HC|  |TAMS 0x000000008fe00000, 0x000000008fe00000| Complete 
| 254|0x000000008fe00000, 0x000000008ff00000, 0x000000008ff00000|100%|HC|  |TAMS 0x000000008ff00000, 0x000000008ff00000| Complete 
| 255|0x000000008ff00000, 0x0000000090000000, 0x0000000090000000|100%|HC|  |TAMS 0x0000000090000000, 0x0000000090000000| Complete 
| 256|0x0000000090000000, 0x0000000090100000, 0x0000000090100000|100%|HC|  |TAMS 0x0000000090100000, 0x0000000090100000| Complete 
| 257|0x0000000090100000, 0x0000000090200000, 0x0000000090200000|100%|HC|  |TAMS 0x0000000090200000, 0x0000000090200000| Complete 
| 258|0x0000000090200000, 0x0000000090300000, 0x0000000090300000|100%|HC|  |TAMS 0x0000000090300000, 0x0000000090300000| Complete 
| 259|0x0000000090300000, 0x0000000090400000, 0x0000000090400000|100%|HC|  |TAMS 0x0000000090400000, 0x0000000090400000| Complete 
| 260|0x0000000090400000, 0x0000000090500000, 0x0000000090500000|100%|HC|  |TAMS 0x0000000090500000, 0x0000000090500000| Complete 
| 261|0x0000000090500000, 0x0000000090600000, 0x0000000090600000|100%|HC|  |TAMS 0x0000000090600000, 0x0000000090600000| Complete 
| 262|0x0000000090600000, 0x0000000090700000, 0x0000000090700000|100%|HC|  |TAMS 0x0000000090700000, 0x0000000090700000| Complete 
| 263|0x0000000090700000, 0x0000000090800000, 0x0000000090800000|100%|HC|  |TAMS 0x0000000090800000, 0x0000000090800000| Complete 
| 264|0x0000000090800000, 0x0000000090900000, 0x0000000090900000|100%|HC|  |TAMS 0x0000000090900000, 0x0000000090900000| Complete 
| 265|0x0000000090900000, 0x0000000090a00000, 0x0000000090a00000|100%|HC|  |TAMS 0x0000000090a00000, 0x0000000090a00000| Complete 
| 266|0x0000000090a00000, 0x0000000090b00000, 0x0000000090b00000|100%|HC|  |TAMS 0x0000000090b00000, 0x0000000090b00000| Complete 
| 267|0x0000000090b00000, 0x0000000090c00000, 0x0000000090c00000|100%|HC|  |TAMS 0x0000000090c00000, 0x0000000090c00000| Complete 
| 268|0x0000000090c00000, 0x0000000090d00000, 0x0000000090d00000|100%|HS|  |TAMS 0x0000000090d00000, 0x0000000090d00000| Complete 
| 269|0x0000000090d00000, 0x0000000090e00000, 0x0000000090e00000|100%|HC|  |TAMS 0x0000000090e00000, 0x0000000090e00000| Complete 
| 270|0x0000000090e00000, 0x0000000090f00000, 0x0000000090f00000|100%|HC|  |TAMS 0x0000000090f00000, 0x0000000090f00000| Complete 
| 271|0x0000000090f00000, 0x0000000091000000, 0x0000000091000000|100%|HC|  |TAMS 0x0000000091000000, 0x0000000091000000| Complete 
| 272|0x0000000091000000, 0x0000000091100000, 0x0000000091100000|100%|HC|  |TAMS 0x0000000091100000, 0x0000000091100000| Complete 
| 273|0x0000000091100000, 0x0000000091200000, 0x0000000091200000|100%|HC|  |TAMS 0x0000000091200000, 0x0000000091200000| Complete 
| 274|0x0000000091200000, 0x0000000091300000, 0x0000000091300000|100%|HC|  |TAMS 0x0000000091300000, 0x0000000091300000| Complete 
| 275|0x0000000091300000, 0x0000000091400000, 0x0000000091400000|100%|HC|  |TAMS 0x0000000091400000, 0x0000000091400000| Complete 
| 276|0x0000000091400000, 0x0000000091500000, 0x0000000091500000|100%|HC|  |TAMS 0x0000000091500000, 0x0000000091500000| Complete 
| 277|0x0000000091500000, 0x0000000091600000, 0x0000000091600000|100%|HC|  |TAMS 0x0000000091600000, 0x0000000091600000| Complete 
| 278|0x0000000091600000, 0x0000000091700000, 0x0000000091700000|100%|HC|  |TAMS 0x0000000091700000, 0x0000000091700000| Complete 
| 279|0x0000000091700000, 0x0000000091800000, 0x0000000091800000|100%|HC|  |TAMS 0x0000000091800000, 0x0000000091800000| Complete 
| 280|0x0000000091800000, 0x0000000091900000, 0x0000000091900000|100%|HC|  |TAMS 0x0000000091900000, 0x0000000091900000| Complete 
| 281|0x0000000091900000, 0x0000000091a00000, 0x0000000091a00000|100%|HC|  |TAMS 0x0000000091a00000, 0x0000000091a00000| Complete 
| 282|0x0000000091a00000, 0x0000000091b00000, 0x0000000091b00000|100%|HC|  |TAMS 0x0000000091b00000, 0x0000000091b00000| Complete 
| 283|0x0000000091b00000, 0x0000000091c00000, 0x0000000091c00000|100%|HC|  |TAMS 0x0000000091c00000, 0x0000000091c00000| Complete 
| 284|0x0000000091c00000, 0x0000000091d00000, 0x0000000091d00000|100%|HS|  |TAMS 0x0000000091d00000, 0x0000000091d00000| Complete 
| 285|0x0000000091d00000, 0x0000000091e00000, 0x0000000091e00000|100%|HC|  |TAMS 0x0000000091e00000, 0x0000000091e00000| Complete 
| 286|0x0000000091e00000, 0x0000000091f00000, 0x0000000091f00000|100%|HC|  |TAMS 0x0000000091f00000, 0x0000000091f00000| Complete 
| 287|0x0000000091f00000, 0x0000000092000000, 0x0000000092000000|100%|HC|  |TAMS 0x0000000092000000, 0x0000000092000000| Complete 
| 288|0x0000000092000000, 0x0000000092100000, 0x0000000092100000|100%|HC|  |TAMS 0x0000000092100000, 0x0000000092100000| Complete 
| 289|0x0000000092100000, 0x0000000092200000, 0x0000000092200000|100%|HC|  |TAMS 0x0000000092200000, 0x0000000092200000| Complete 
| 290|0x0000000092200000, 0x0000000092300000, 0x0000000092300000|100%|HC|  |TAMS 0x0000000092300000, 0x0000000092300000| Complete 
| 291|0x0000000092300000, 0x0000000092400000, 0x0000000092400000|100%|HC|  |TAMS 0x0000000092400000, 0x0000000092400000| Complete 
| 292|0x0000000092400000, 0x0000000092500000, 0x0000000092500000|100%|HC|  |TAMS 0x0000000092500000, 0x0000000092500000| Complete 
| 293|0x0000000092500000, 0x0000000092600000, 0x0000000092600000|100%|HC|  |TAMS 0x0000000092600000, 0x0000000092600000| Complete 
| 294|0x0000000092600000, 0x0000000092700000, 0x0000000092700000|100%|HC|  |TAMS 0x0000000092700000, 0x0000000092700000| Complete 
| 295|0x0000000092700000, 0x0000000092800000, 0x0000000092800000|100%|HC|  |TAMS 0x0000000092800000, 0x0000000092800000| Complete 
| 296|0x0000000092800000, 0x0000000092900000, 0x0000000092900000|100%|HC|  |TAMS 0x0000000092900000, 0x0000000092900000| Complete 
| 297|0x0000000092900000, 0x0000000092a00000, 0x0000000092a00000|100%|HC|  |TAMS 0x0000000092a00000, 0x0000000092a00000| Complete 
| 298|0x0000000092a00000, 0x0000000092b00000, 0x0000000092b00000|100%|HC|  |TAMS 0x0000000092b00000, 0x0000000092b00000| Complete 
| 299|0x0000000092b00000, 0x0000000092c00000, 0x0000000092c00000|100%|HC|  |TAMS 0x0000000092c00000, 0x0000000092c00000| Complete 
| 300|0x0000000092c00000, 0x0000000092d00000, 0x0000000092d00000|100%|HS|  |TAMS 0x0000000092d00000, 0x0000000092d00000| Complete 
| 301|0x0000000092d00000, 0x0000000092e00000, 0x0000000092e00000|100%|HC|  |TAMS 0x0000000092e00000, 0x0000000092e00000| Complete 
| 302|0x0000000092e00000, 0x0000000092f00000, 0x0000000092f00000|100%|HC|  |TAMS 0x0000000092f00000, 0x0000000092f00000| Complete 
| 303|0x0000000092f00000, 0x0000000093000000, 0x0000000093000000|100%|HC|  |TAMS 0x0000000093000000, 0x0000000093000000| Complete 
| 304|0x0000000093000000, 0x0000000093100000, 0x0000000093100000|100%|HC|  |TAMS 0x0000000093100000, 0x0000000093100000| Complete 
| 305|0x0000000093100000, 0x0000000093200000, 0x0000000093200000|100%|HS|  |TAMS 0x0000000093200000, 0x0000000093200000| Complete 
| 306|0x0000000093200000, 0x0000000093300000, 0x0000000093300000|100%|HC|  |TAMS 0x0000000093300000, 0x0000000093300000| Complete 
| 307|0x0000000093300000, 0x0000000093400000, 0x0000000093400000|100%|HC|  |TAMS 0x0000000093400000, 0x0000000093400000| Complete 
| 308|0x0000000093400000, 0x0000000093500000, 0x0000000093500000|100%|HC|  |TAMS 0x0000000093500000, 0x0000000093500000| Complete 
| 309|0x0000000093500000, 0x0000000093600000, 0x0000000093600000|100%|HC|  |TAMS 0x0000000093600000, 0x0000000093600000| Complete 
| 310|0x0000000093600000, 0x0000000093700000, 0x0000000093700000|100%|HS|  |TAMS 0x0000000093700000, 0x0000000093700000| Complete 
| 311|0x0000000093700000, 0x0000000093800000, 0x0000000093800000|100%|HC|  |TAMS 0x0000000093800000, 0x0000000093800000| Complete 
| 312|0x0000000093800000, 0x0000000093900000, 0x0000000093900000|100%|HC|  |TAMS 0x0000000093900000, 0x0000000093900000| Complete 
| 313|0x0000000093900000, 0x0000000093a00000, 0x0000000093a00000|100%|HC|  |TAMS 0x0000000093a00000, 0x0000000093a00000| Complete 
| 314|0x0000000093a00000, 0x0000000093b00000, 0x0000000093b00000|100%|HC|  |TAMS 0x0000000093b00000, 0x0000000093b00000| Complete 
| 315|0x0000000093b00000, 0x0000000093c00000, 0x0000000093c00000|100%|HC|  |TAMS 0x0000000093c00000, 0x0000000093c00000| Complete 
| 316|0x0000000093c00000, 0x0000000093d00000, 0x0000000093d00000|100%|HC|  |TAMS 0x0000000093d00000, 0x0000000093d00000| Complete 
| 317|0x0000000093d00000, 0x0000000093e00000, 0x0000000093e00000|100%|HC|  |TAMS 0x0000000093e00000, 0x0000000093e00000| Complete 
| 318|0x0000000093e00000, 0x0000000093f00000, 0x0000000093f00000|100%|HC|  |TAMS 0x0000000093f00000, 0x0000000093f00000| Complete 
| 319|0x0000000093f00000, 0x0000000094000000, 0x0000000094000000|100%|HC|  |TAMS 0x0000000094000000, 0x0000000094000000| Complete 
| 320|0x0000000094000000, 0x0000000094100000, 0x0000000094100000|100%|HC|  |TAMS 0x0000000094100000, 0x0000000094100000| Complete 
| 321|0x0000000094100000, 0x0000000094200000, 0x0000000094200000|100%|HC|  |TAMS 0x0000000094200000, 0x0000000094200000| Complete 
| 322|0x0000000094200000, 0x0000000094300000, 0x0000000094300000|100%|HC|  |TAMS 0x0000000094300000, 0x0000000094300000| Complete 
| 323|0x0000000094300000, 0x0000000094400000, 0x0000000094400000|100%|HC|  |TAMS 0x0000000094400000, 0x0000000094400000| Complete 
| 324|0x0000000094400000, 0x0000000094500000, 0x0000000094500000|100%|HC|  |TAMS 0x0000000094500000, 0x0000000094500000| Complete 
| 325|0x0000000094500000, 0x0000000094600000, 0x0000000094600000|100%|HC|  |TAMS 0x0000000094600000, 0x0000000094600000| Complete 
| 326|0x0000000094600000, 0x0000000094600000, 0x0000000094700000|  0%| F|  |TAMS 0x0000000094600000, 0x0000000094600000| Untracked 
| 327|0x0000000094700000, 0x0000000094700000, 0x0000000094800000|  0%| F|  |TAMS 0x0000000094700000, 0x0000000094700000| Untracked 
| 328|0x0000000094800000, 0x0000000094800000, 0x0000000094900000|  0%| F|  |TAMS 0x0000000094800000, 0x0000000094800000| Untracked 
| 329|0x0000000094900000, 0x0000000094900000, 0x0000000094a00000|  0%| F|  |TAMS 0x0000000094900000, 0x0000000094900000| Untracked 
| 330|0x0000000094a00000, 0x0000000094b00000, 0x0000000094b00000|100%| O|  |TAMS 0x0000000094b00000, 0x0000000094b00000| Untracked 
| 331|0x0000000094b00000, 0x0000000094c00000, 0x0000000094c00000|100%|HS|  |TAMS 0x0000000094c00000, 0x0000000094c00000| Complete 
| 332|0x0000000094c00000, 0x0000000094d00000, 0x0000000094d00000|100%|HC|  |TAMS 0x0000000094d00000, 0x0000000094d00000| Complete 
| 333|0x0000000094d00000, 0x0000000094e00000, 0x0000000094e00000|100%|HC|  |TAMS 0x0000000094e00000, 0x0000000094e00000| Complete 
| 334|0x0000000094e00000, 0x0000000094f00000, 0x0000000094f00000|100%|HC|  |TAMS 0x0000000094f00000, 0x0000000094f00000| Complete 
| 335|0x0000000094f00000, 0x0000000095000000, 0x0000000095000000|100%|HC|  |TAMS 0x0000000095000000, 0x0000000095000000| Complete 
| 336|0x0000000095000000, 0x0000000095100000, 0x0000000095100000|100%|HC|  |TAMS 0x0000000095100000, 0x0000000095100000| Complete 
| 337|0x0000000095100000, 0x0000000095200000, 0x0000000095200000|100%|HC|  |TAMS 0x0000000095200000, 0x0000000095200000| Complete 
| 338|0x0000000095200000, 0x0000000095300000, 0x0000000095300000|100%|HC|  |TAMS 0x0000000095300000, 0x0000000095300000| Complete 
| 339|0x0000000095300000, 0x0000000095400000, 0x0000000095400000|100%|HC|  |TAMS 0x0000000095400000, 0x0000000095400000| Complete 
| 340|0x0000000095400000, 0x0000000095500000, 0x0000000095500000|100%|HC|  |TAMS 0x0000000095500000, 0x0000000095500000| Complete 
| 341|0x0000000095500000, 0x0000000095600000, 0x0000000095600000|100%|HC|  |TAMS 0x0000000095600000, 0x0000000095600000| Complete 
| 342|0x0000000095600000, 0x0000000095700000, 0x0000000095700000|100%|HC|  |TAMS 0x0000000095700000, 0x0000000095700000| Complete 
| 343|0x0000000095700000, 0x0000000095800000, 0x0000000095800000|100%|HC|  |TAMS 0x0000000095800000, 0x0000000095800000| Complete 
| 344|0x0000000095800000, 0x0000000095900000, 0x0000000095900000|100%|HC|  |TAMS 0x0000000095900000, 0x0000000095900000| Complete 
| 345|0x0000000095900000, 0x0000000095a00000, 0x0000000095a00000|100%|HC|  |TAMS 0x0000000095a00000, 0x0000000095a00000| Complete 
| 346|0x0000000095a00000, 0x0000000095b00000, 0x0000000095b00000|100%|HC|  |TAMS 0x0000000095b00000, 0x0000000095b00000| Complete 
| 347|0x0000000095b00000, 0x0000000095c00000, 0x0000000095c00000|100%|HS|  |TAMS 0x0000000095c00000, 0x0000000095c00000| Complete 
| 348|0x0000000095c00000, 0x0000000095d00000, 0x0000000095d00000|100%|HC|  |TAMS 0x0000000095d00000, 0x0000000095d00000| Complete 
| 349|0x0000000095d00000, 0x0000000095e00000, 0x0000000095e00000|100%|HC|  |TAMS 0x0000000095e00000, 0x0000000095e00000| Complete 
| 350|0x0000000095e00000, 0x0000000095f00000, 0x0000000095f00000|100%|HC|  |TAMS 0x0000000095f00000, 0x0000000095f00000| Complete 
| 351|0x0000000095f00000, 0x0000000096000000, 0x0000000096000000|100%|HC|  |TAMS 0x0000000096000000, 0x0000000096000000| Complete 
| 352|0x0000000096000000, 0x0000000096100000, 0x0000000096100000|100%|HC|  |TAMS 0x0000000096100000, 0x0000000096100000| Complete 
| 353|0x0000000096100000, 0x0000000096200000, 0x0000000096200000|100%|HC|  |TAMS 0x0000000096200000, 0x0000000096200000| Complete 
| 354|0x0000000096200000, 0x0000000096300000, 0x0000000096300000|100%|HC|  |TAMS 0x0000000096300000, 0x0000000096300000| Complete 
| 355|0x0000000096300000, 0x0000000096400000, 0x0000000096400000|100%|HC|  |TAMS 0x0000000096400000, 0x0000000096400000| Complete 
| 356|0x0000000096400000, 0x0000000096500000, 0x0000000096500000|100%|HC|  |TAMS 0x0000000096500000, 0x0000000096500000| Complete 
| 357|0x0000000096500000, 0x0000000096600000, 0x0000000096600000|100%|HC|  |TAMS 0x0000000096600000, 0x0000000096600000| Complete 
| 358|0x0000000096600000, 0x0000000096700000, 0x0000000096700000|100%|HC|  |TAMS 0x0000000096700000, 0x0000000096700000| Complete 
| 359|0x0000000096700000, 0x0000000096800000, 0x0000000096800000|100%|HC|  |TAMS 0x0000000096800000, 0x0000000096800000| Complete 
| 360|0x0000000096800000, 0x0000000096900000, 0x0000000096900000|100%|HC|  |TAMS 0x0000000096900000, 0x0000000096900000| Complete 
| 361|0x0000000096900000, 0x0000000096a00000, 0x0000000096a00000|100%|HC|  |TAMS 0x0000000096a00000, 0x0000000096a00000| Complete 
| 362|0x0000000096a00000, 0x0000000096b00000, 0x0000000096b00000|100%|HC|  |TAMS 0x0000000096b00000, 0x0000000096b00000| Complete 
| 363|0x0000000096b00000, 0x0000000096b00000, 0x0000000096c00000|  0%| F|  |TAMS 0x0000000096b00000, 0x0000000096b00000| Untracked 
| 364|0x0000000096c00000, 0x0000000096c00000, 0x0000000096d00000|  0%| F|  |TAMS 0x0000000096c00000, 0x0000000096c00000| Untracked 
| 365|0x0000000096d00000, 0x0000000096d00000, 0x0000000096e00000|  0%| F|  |TAMS 0x0000000096d00000, 0x0000000096d00000| Untracked 
| 366|0x0000000096e00000, 0x0000000096e00000, 0x0000000096f00000|  0%| F|  |TAMS 0x0000000096e00000, 0x0000000096e00000| Untracked 
| 367|0x0000000096f00000, 0x0000000096f00000, 0x0000000097000000|  0%| F|  |TAMS 0x0000000096f00000, 0x0000000096f00000| Untracked 
| 368|0x0000000097000000, 0x0000000097100000, 0x0000000097100000|100%|HS|  |TAMS 0x0000000097100000, 0x0000000097100000| Complete 
| 369|0x0000000097100000, 0x0000000097200000, 0x0000000097200000|100%|HC|  |TAMS 0x0000000097200000, 0x0000000097200000| Complete 
| 370|0x0000000097200000, 0x0000000097300000, 0x0000000097300000|100%|HC|  |TAMS 0x0000000097300000, 0x0000000097300000| Complete 
| 371|0x0000000097300000, 0x0000000097400000, 0x0000000097400000|100%|HC|  |TAMS 0x0000000097400000, 0x0000000097400000| Complete 
| 372|0x0000000097400000, 0x0000000097500000, 0x0000000097500000|100%|HC|  |TAMS 0x0000000097500000, 0x0000000097500000| Complete 
| 373|0x0000000097500000, 0x0000000097600000, 0x0000000097600000|100%|HC|  |TAMS 0x0000000097600000, 0x0000000097600000| Complete 
| 374|0x0000000097600000, 0x0000000097700000, 0x0000000097700000|100%|HC|  |TAMS 0x0000000097700000, 0x0000000097700000| Complete 
| 375|0x0000000097700000, 0x0000000097800000, 0x0000000097800000|100%|HC|  |TAMS 0x0000000097800000, 0x0000000097800000| Complete 
| 376|0x0000000097800000, 0x0000000097900000, 0x0000000097900000|100%|HC|  |TAMS 0x0000000097900000, 0x0000000097900000| Complete 
| 377|0x0000000097900000, 0x0000000097a00000, 0x0000000097a00000|100%|HS|  |TAMS 0x0000000097a00000, 0x0000000097a00000| Complete 
| 378|0x0000000097a00000, 0x0000000097b00000, 0x0000000097b00000|100%|HC|  |TAMS 0x0000000097b00000, 0x0000000097b00000| Complete 
| 379|0x0000000097b00000, 0x0000000097c00000, 0x0000000097c00000|100%|HC|  |TAMS 0x0000000097c00000, 0x0000000097c00000| Complete 
| 380|0x0000000097c00000, 0x0000000097d00000, 0x0000000097d00000|100%|HC|  |TAMS 0x0000000097d00000, 0x0000000097d00000| Complete 
| 381|0x0000000097d00000, 0x0000000097e00000, 0x0000000097e00000|100%|HC|  |TAMS 0x0000000097e00000, 0x0000000097e00000| Complete 
| 382|0x0000000097e00000, 0x0000000097f00000, 0x0000000097f00000|100%|HC|  |TAMS 0x0000000097f00000, 0x0000000097f00000| Complete 
| 383|0x0000000097f00000, 0x0000000098000000, 0x0000000098000000|100%|HC|  |TAMS 0x0000000098000000, 0x0000000098000000| Complete 
| 384|0x0000000098000000, 0x0000000098100000, 0x0000000098100000|100%|HC|  |TAMS 0x0000000098100000, 0x0000000098100000| Complete 
| 385|0x0000000098100000, 0x0000000098200000, 0x0000000098200000|100%|HC|  |TAMS 0x0000000098200000, 0x0000000098200000| Complete 
| 386|0x0000000098200000, 0x0000000098300000, 0x0000000098300000|100%|HS|  |TAMS 0x0000000098300000, 0x0000000098300000| Complete 
| 387|0x0000000098300000, 0x0000000098400000, 0x0000000098400000|100%|HC|  |TAMS 0x0000000098400000, 0x0000000098400000| Complete 
| 388|0x0000000098400000, 0x0000000098500000, 0x0000000098500000|100%|HC|  |TAMS 0x0000000098500000, 0x0000000098500000| Complete 
| 389|0x0000000098500000, 0x0000000098600000, 0x0000000098600000|100%|HC|  |TAMS 0x0000000098600000, 0x0000000098600000| Complete 
| 390|0x0000000098600000, 0x0000000098700000, 0x0000000098700000|100%|HC|  |TAMS 0x0000000098700000, 0x0000000098700000| Complete 
| 391|0x0000000098700000, 0x0000000098800000, 0x0000000098800000|100%|HC|  |TAMS 0x0000000098800000, 0x0000000098800000| Complete 
| 392|0x0000000098800000, 0x0000000098900000, 0x0000000098900000|100%|HC|  |TAMS 0x0000000098900000, 0x0000000098900000| Complete 
| 393|0x0000000098900000, 0x0000000098a00000, 0x0000000098a00000|100%|HC|  |TAMS 0x0000000098a00000, 0x0000000098a00000| Complete 
| 394|0x0000000098a00000, 0x0000000098b00000, 0x0000000098b00000|100%|HC|  |TAMS 0x0000000098b00000, 0x0000000098b00000| Complete 
| 395|0x0000000098b00000, 0x0000000098c00000, 0x0000000098c00000|100%|HS|  |TAMS 0x0000000098c00000, 0x0000000098c00000| Complete 
| 396|0x0000000098c00000, 0x0000000098d00000, 0x0000000098d00000|100%|HC|  |TAMS 0x0000000098d00000, 0x0000000098d00000| Complete 
| 397|0x0000000098d00000, 0x0000000098e00000, 0x0000000098e00000|100%|HC|  |TAMS 0x0000000098e00000, 0x0000000098e00000| Complete 
| 398|0x0000000098e00000, 0x0000000098f00000, 0x0000000098f00000|100%|HC|  |TAMS 0x0000000098f00000, 0x0000000098f00000| Complete 
| 399|0x0000000098f00000, 0x0000000099000000, 0x0000000099000000|100%|HC|  |TAMS 0x0000000099000000, 0x0000000099000000| Complete 
| 400|0x0000000099000000, 0x0000000099100000, 0x0000000099100000|100%|HC|  |TAMS 0x0000000099100000, 0x0000000099100000| Complete 
| 401|0x0000000099100000, 0x0000000099200000, 0x0000000099200000|100%|HC|  |TAMS 0x0000000099200000, 0x0000000099200000| Complete 
| 402|0x0000000099200000, 0x0000000099300000, 0x0000000099300000|100%|HC|  |TAMS 0x0000000099300000, 0x0000000099300000| Complete 
| 403|0x0000000099300000, 0x0000000099400000, 0x0000000099400000|100%|HC|  |TAMS 0x0000000099400000, 0x0000000099400000| Complete 
| 404|0x0000000099400000, 0x0000000099500000, 0x0000000099500000|100%|HC|  |TAMS 0x0000000099500000, 0x0000000099500000| Complete 
| 405|0x0000000099500000, 0x0000000099600000, 0x0000000099600000|100%|HC|  |TAMS 0x0000000099600000, 0x0000000099600000| Complete 
| 406|0x0000000099600000, 0x0000000099700000, 0x0000000099700000|100%|HC|  |TAMS 0x0000000099700000, 0x0000000099700000| Complete 
| 407|0x0000000099700000, 0x0000000099800000, 0x0000000099800000|100%|HC|  |TAMS 0x0000000099800000, 0x0000000099800000| Complete 
| 408|0x0000000099800000, 0x0000000099900000, 0x0000000099900000|100%|HC|  |TAMS 0x0000000099900000, 0x0000000099900000| Complete 
| 409|0x0000000099900000, 0x0000000099a00000, 0x0000000099a00000|100%|HC|  |TAMS 0x0000000099a00000, 0x0000000099a00000| Complete 
| 410|0x0000000099a00000, 0x0000000099b00000, 0x0000000099b00000|100%|HC|  |TAMS 0x0000000099b00000, 0x0000000099b00000| Complete 
| 411|0x0000000099b00000, 0x0000000099b00000, 0x0000000099c00000|  0%| F|  |TAMS 0x0000000099b00000, 0x0000000099b00000| Untracked 
| 412|0x0000000099c00000, 0x0000000099c00000, 0x0000000099d00000|  0%| F|  |TAMS 0x0000000099c00000, 0x0000000099c00000| Untracked 
| 413|0x0000000099d00000, 0x0000000099d00000, 0x0000000099e00000|  0%| F|  |TAMS 0x0000000099d00000, 0x0000000099d00000| Untracked 
| 414|0x0000000099e00000, 0x0000000099f00000, 0x0000000099f00000|100%| O|  |TAMS 0x0000000099f00000, 0x0000000099f00000| Untracked 
| 415|0x0000000099f00000, 0x0000000099f00000, 0x000000009a000000|  0%| F|  |TAMS 0x0000000099f00000, 0x0000000099f00000| Untracked 
| 416|0x000000009a000000, 0x000000009a000000, 0x000000009a100000|  0%| F|  |TAMS 0x000000009a000000, 0x000000009a000000| Untracked 
| 417|0x000000009a100000, 0x000000009a100000, 0x000000009a200000|  0%| F|  |TAMS 0x000000009a100000, 0x000000009a100000| Untracked 
| 418|0x000000009a200000, 0x000000009a200000, 0x000000009a300000|  0%| F|  |TAMS 0x000000009a200000, 0x000000009a200000| Untracked 
| 419|0x000000009a300000, 0x000000009a300000, 0x000000009a400000|  0%| F|  |TAMS 0x000000009a300000, 0x000000009a300000| Untracked 
| 420|0x000000009a400000, 0x000000009a400000, 0x000000009a500000|  0%| F|  |TAMS 0x000000009a400000, 0x000000009a400000| Untracked 
| 421|0x000000009a500000, 0x000000009a500000, 0x000000009a600000|  0%| F|  |TAMS 0x000000009a500000, 0x000000009a500000| Untracked 
| 422|0x000000009a600000, 0x000000009a700000, 0x000000009a700000|100%| O|  |TAMS 0x000000009a700000, 0x000000009a700000| Untracked 
| 423|0x000000009a700000, 0x000000009a700000, 0x000000009a800000|  0%| F|  |TAMS 0x000000009a700000, 0x000000009a700000| Untracked 
| 424|0x000000009a800000, 0x000000009a800000, 0x000000009a900000|  0%| F|  |TAMS 0x000000009a800000, 0x000000009a800000| Untracked 
| 425|0x000000009a900000, 0x000000009a900000, 0x000000009aa00000|  0%| F|  |TAMS 0x000000009a900000, 0x000000009a900000| Untracked 
| 426|0x000000009aa00000, 0x000000009aa00000, 0x000000009ab00000|  0%| F|  |TAMS 0x000000009aa00000, 0x000000009aa00000| Untracked 
| 427|0x000000009ab00000, 0x000000009ab00000, 0x000000009ac00000|  0%| F|  |TAMS 0x000000009ab00000, 0x000000009ab00000| Untracked 
| 428|0x000000009ac00000, 0x000000009ad00000, 0x000000009ad00000|100%|HS|  |TAMS 0x000000009ad00000, 0x000000009ad00000| Complete 
| 429|0x000000009ad00000, 0x000000009ae00000, 0x000000009ae00000|100%|HC|  |TAMS 0x000000009ae00000, 0x000000009ae00000| Complete 
| 430|0x000000009ae00000, 0x000000009af00000, 0x000000009af00000|100%|HC|  |TAMS 0x000000009af00000, 0x000000009af00000| Complete 
| 431|0x000000009af00000, 0x000000009b000000, 0x000000009b000000|100%|HC|  |TAMS 0x000000009b000000, 0x000000009b000000| Complete 
| 432|0x000000009b000000, 0x000000009b100000, 0x000000009b100000|100%|HC|  |TAMS 0x000000009b100000, 0x000000009b100000| Complete 
| 433|0x000000009b100000, 0x000000009b200000, 0x000000009b200000|100%|HC|  |TAMS 0x000000009b200000, 0x000000009b200000| Complete 
| 434|0x000000009b200000, 0x000000009b300000, 0x000000009b300000|100%|HC|  |TAMS 0x000000009b300000, 0x000000009b300000| Complete 
| 435|0x000000009b300000, 0x000000009b400000, 0x000000009b400000|100%|HC|  |TAMS 0x000000009b400000, 0x000000009b400000| Complete 
| 436|0x000000009b400000, 0x000000009b500000, 0x000000009b500000|100%|HC|  |TAMS 0x000000009b500000, 0x000000009b500000| Complete 
| 437|0x000000009b500000, 0x000000009b600000, 0x000000009b600000|100%|HC|  |TAMS 0x000000009b600000, 0x000000009b600000| Complete 
| 438|0x000000009b600000, 0x000000009b700000, 0x000000009b700000|100%|HC|  |TAMS 0x000000009b700000, 0x000000009b700000| Complete 
| 439|0x000000009b700000, 0x000000009b800000, 0x000000009b800000|100%|HC|  |TAMS 0x000000009b800000, 0x000000009b800000| Complete 
| 440|0x000000009b800000, 0x000000009b900000, 0x000000009b900000|100%|HC|  |TAMS 0x000000009b900000, 0x000000009b900000| Complete 
| 441|0x000000009b900000, 0x000000009ba00000, 0x000000009ba00000|100%|HC|  |TAMS 0x000000009ba00000, 0x000000009ba00000| Complete 
| 442|0x000000009ba00000, 0x000000009bb00000, 0x000000009bb00000|100%|HC|  |TAMS 0x000000009bb00000, 0x000000009bb00000| Complete 
| 443|0x000000009bb00000, 0x000000009bc00000, 0x000000009bc00000|100%|HC|  |TAMS 0x000000009bc00000, 0x000000009bc00000| Complete 
| 444|0x000000009bc00000, 0x000000009bd00000, 0x000000009bd00000|100%|HS|  |TAMS 0x000000009bd00000, 0x000000009bd00000| Complete 
| 445|0x000000009bd00000, 0x000000009be00000, 0x000000009be00000|100%|HC|  |TAMS 0x000000009be00000, 0x000000009be00000| Complete 
| 446|0x000000009be00000, 0x000000009bf00000, 0x000000009bf00000|100%|HC|  |TAMS 0x000000009bf00000, 0x000000009bf00000| Complete 
| 447|0x000000009bf00000, 0x000000009c000000, 0x000000009c000000|100%|HC|  |TAMS 0x000000009c000000, 0x000000009c000000| Complete 
| 448|0x000000009c000000, 0x000000009c100000, 0x000000009c100000|100%|HC|  |TAMS 0x000000009c100000, 0x000000009c100000| Complete 
| 449|0x000000009c100000, 0x000000009c200000, 0x000000009c200000|100%|HC|  |TAMS 0x000000009c200000, 0x000000009c200000| Complete 
| 450|0x000000009c200000, 0x000000009c300000, 0x000000009c300000|100%|HC|  |TAMS 0x000000009c300000, 0x000000009c300000| Complete 
| 451|0x000000009c300000, 0x000000009c400000, 0x000000009c400000|100%|HC|  |TAMS 0x000000009c400000, 0x000000009c400000| Complete 
| 452|0x000000009c400000, 0x000000009c500000, 0x000000009c500000|100%|HC|  |TAMS 0x000000009c500000, 0x000000009c500000| Complete 
| 453|0x000000009c500000, 0x000000009c600000, 0x000000009c600000|100%|HC|  |TAMS 0x000000009c600000, 0x000000009c600000| Complete 
| 454|0x000000009c600000, 0x000000009c700000, 0x000000009c700000|100%|HC|  |TAMS 0x000000009c700000, 0x000000009c700000| Complete 
| 455|0x000000009c700000, 0x000000009c800000, 0x000000009c800000|100%|HC|  |TAMS 0x000000009c800000, 0x000000009c800000| Complete 
| 456|0x000000009c800000, 0x000000009c900000, 0x000000009c900000|100%|HC|  |TAMS 0x000000009c900000, 0x000000009c900000| Complete 
| 457|0x000000009c900000, 0x000000009ca00000, 0x000000009ca00000|100%|HC|  |TAMS 0x000000009ca00000, 0x000000009ca00000| Complete 
| 458|0x000000009ca00000, 0x000000009cb00000, 0x000000009cb00000|100%|HC|  |TAMS 0x000000009cb00000, 0x000000009cb00000| Complete 
| 459|0x000000009cb00000, 0x000000009cc00000, 0x000000009cc00000|100%|HC|  |TAMS 0x000000009cc00000, 0x000000009cc00000| Complete 
| 460|0x000000009cc00000, 0x000000009cd00000, 0x000000009cd00000|100%|HS|  |TAMS 0x000000009cd00000, 0x000000009cd00000| Complete 
| 461|0x000000009cd00000, 0x000000009ce00000, 0x000000009ce00000|100%|HC|  |TAMS 0x000000009ce00000, 0x000000009ce00000| Complete 
| 462|0x000000009ce00000, 0x000000009cf00000, 0x000000009cf00000|100%|HC|  |TAMS 0x000000009cf00000, 0x000000009cf00000| Complete 
| 463|0x000000009cf00000, 0x000000009d000000, 0x000000009d000000|100%|HC|  |TAMS 0x000000009d000000, 0x000000009d000000| Complete 
| 464|0x000000009d000000, 0x000000009d100000, 0x000000009d100000|100%|HC|  |TAMS 0x000000009d100000, 0x000000009d100000| Complete 
| 465|0x000000009d100000, 0x000000009d200000, 0x000000009d200000|100%|HC|  |TAMS 0x000000009d200000, 0x000000009d200000| Complete 
| 466|0x000000009d200000, 0x000000009d300000, 0x000000009d300000|100%|HC|  |TAMS 0x000000009d300000, 0x000000009d300000| Complete 
| 467|0x000000009d300000, 0x000000009d400000, 0x000000009d400000|100%|HC|  |TAMS 0x000000009d400000, 0x000000009d400000| Complete 
| 468|0x000000009d400000, 0x000000009d500000, 0x000000009d500000|100%|HC|  |TAMS 0x000000009d500000, 0x000000009d500000| Complete 
| 469|0x000000009d500000, 0x000000009d600000, 0x000000009d600000|100%|HC|  |TAMS 0x000000009d600000, 0x000000009d600000| Complete 
| 470|0x000000009d600000, 0x000000009d700000, 0x000000009d700000|100%|HC|  |TAMS 0x000000009d700000, 0x000000009d700000| Complete 
| 471|0x000000009d700000, 0x000000009d800000, 0x000000009d800000|100%|HC|  |TAMS 0x000000009d800000, 0x000000009d800000| Complete 
| 472|0x000000009d800000, 0x000000009d900000, 0x000000009d900000|100%|HC|  |TAMS 0x000000009d900000, 0x000000009d900000| Complete 
| 473|0x000000009d900000, 0x000000009da00000, 0x000000009da00000|100%|HC|  |TAMS 0x000000009da00000, 0x000000009da00000| Complete 
| 474|0x000000009da00000, 0x000000009db00000, 0x000000009db00000|100%|HC|  |TAMS 0x000000009db00000, 0x000000009db00000| Complete 
| 475|0x000000009db00000, 0x000000009dc00000, 0x000000009dc00000|100%|HC|  |TAMS 0x000000009dc00000, 0x000000009dc00000| Complete 
| 476|0x000000009dc00000, 0x000000009dd00000, 0x000000009dd00000|100%|HS|  |TAMS 0x000000009dd00000, 0x000000009dd00000| Complete 
| 477|0x000000009dd00000, 0x000000009de00000, 0x000000009de00000|100%|HC|  |TAMS 0x000000009de00000, 0x000000009de00000| Complete 
| 478|0x000000009de00000, 0x000000009df00000, 0x000000009df00000|100%|HC|  |TAMS 0x000000009df00000, 0x000000009df00000| Complete 
| 479|0x000000009df00000, 0x000000009e000000, 0x000000009e000000|100%|HC|  |TAMS 0x000000009e000000, 0x000000009e000000| Complete 
| 480|0x000000009e000000, 0x000000009e100000, 0x000000009e100000|100%|HC|  |TAMS 0x000000009e100000, 0x000000009e100000| Complete 
| 481|0x000000009e100000, 0x000000009e200000, 0x000000009e200000|100%|HC|  |TAMS 0x000000009e200000, 0x000000009e200000| Complete 
| 482|0x000000009e200000, 0x000000009e300000, 0x000000009e300000|100%|HC|  |TAMS 0x000000009e300000, 0x000000009e300000| Complete 
| 483|0x000000009e300000, 0x000000009e400000, 0x000000009e400000|100%|HC|  |TAMS 0x000000009e400000, 0x000000009e400000| Complete 
| 484|0x000000009e400000, 0x000000009e500000, 0x000000009e500000|100%|HC|  |TAMS 0x000000009e500000, 0x000000009e500000| Complete 
| 485|0x000000009e500000, 0x000000009e600000, 0x000000009e600000|100%|HC|  |TAMS 0x000000009e600000, 0x000000009e600000| Complete 
| 486|0x000000009e600000, 0x000000009e700000, 0x000000009e700000|100%|HC|  |TAMS 0x000000009e700000, 0x000000009e700000| Complete 
| 487|0x000000009e700000, 0x000000009e800000, 0x000000009e800000|100%|HC|  |TAMS 0x000000009e800000, 0x000000009e800000| Complete 
| 488|0x000000009e800000, 0x000000009e900000, 0x000000009e900000|100%|HC|  |TAMS 0x000000009e900000, 0x000000009e900000| Complete 
| 489|0x000000009e900000, 0x000000009ea00000, 0x000000009ea00000|100%|HC|  |TAMS 0x000000009ea00000, 0x000000009ea00000| Complete 
| 490|0x000000009ea00000, 0x000000009eb00000, 0x000000009eb00000|100%|HC|  |TAMS 0x000000009eb00000, 0x000000009eb00000| Complete 
| 491|0x000000009eb00000, 0x000000009ec00000, 0x000000009ec00000|100%|HC|  |TAMS 0x000000009ec00000, 0x000000009ec00000| Complete 
| 492|0x000000009ec00000, 0x000000009ed00000, 0x000000009ed00000|100%|HS|  |TAMS 0x000000009ed00000, 0x000000009ed00000| Complete 
| 493|0x000000009ed00000, 0x000000009ee00000, 0x000000009ee00000|100%|HC|  |TAMS 0x000000009ee00000, 0x000000009ee00000| Complete 
| 494|0x000000009ee00000, 0x000000009ef00000, 0x000000009ef00000|100%|HC|  |TAMS 0x000000009ef00000, 0x000000009ef00000| Complete 
| 495|0x000000009ef00000, 0x000000009f000000, 0x000000009f000000|100%|HC|  |TAMS 0x000000009f000000, 0x000000009f000000| Complete 
| 496|0x000000009f000000, 0x000000009f100000, 0x000000009f100000|100%|HC|  |TAMS 0x000000009f100000, 0x000000009f100000| Complete 
| 497|0x000000009f100000, 0x000000009f200000, 0x000000009f200000|100%|HC|  |TAMS 0x000000009f200000, 0x000000009f200000| Complete 
| 498|0x000000009f200000, 0x000000009f300000, 0x000000009f300000|100%|HC|  |TAMS 0x000000009f300000, 0x000000009f300000| Complete 
| 499|0x000000009f300000, 0x000000009f400000, 0x000000009f400000|100%|HC|  |TAMS 0x000000009f400000, 0x000000009f400000| Complete 
| 500|0x000000009f400000, 0x000000009f500000, 0x000000009f500000|100%|HC|  |TAMS 0x000000009f500000, 0x000000009f500000| Complete 
| 501|0x000000009f500000, 0x000000009f600000, 0x000000009f600000|100%|HC|  |TAMS 0x000000009f600000, 0x000000009f600000| Complete 
| 502|0x000000009f600000, 0x000000009f700000, 0x000000009f700000|100%|HC|  |TAMS 0x000000009f700000, 0x000000009f700000| Complete 
| 503|0x000000009f700000, 0x000000009f800000, 0x000000009f800000|100%|HC|  |TAMS 0x000000009f800000, 0x000000009f800000| Complete 
| 504|0x000000009f800000, 0x000000009f900000, 0x000000009f900000|100%|HC|  |TAMS 0x000000009f900000, 0x000000009f900000| Complete 
| 505|0x000000009f900000, 0x000000009fa00000, 0x000000009fa00000|100%|HC|  |TAMS 0x000000009fa00000, 0x000000009fa00000| Complete 
| 506|0x000000009fa00000, 0x000000009fb00000, 0x000000009fb00000|100%|HC|  |TAMS 0x000000009fb00000, 0x000000009fb00000| Complete 
| 507|0x000000009fb00000, 0x000000009fc00000, 0x000000009fc00000|100%|HC|  |TAMS 0x000000009fc00000, 0x000000009fc00000| Complete 
| 508|0x000000009fc00000, 0x000000009fc00000, 0x000000009fd00000|  0%| F|  |TAMS 0x000000009fc00000, 0x000000009fc00000| Untracked 
| 509|0x000000009fd00000, 0x000000009fd00000, 0x000000009fe00000|  0%| F|  |TAMS 0x000000009fd00000, 0x000000009fd00000| Untracked 
| 510|0x000000009fe00000, 0x000000009fe00000, 0x000000009ff00000|  0%| F|  |TAMS 0x000000009fe00000, 0x000000009fe00000| Untracked 
| 511|0x000000009ff00000, 0x000000009ff00000, 0x00000000a0000000|  0%| F|  |TAMS 0x000000009ff00000, 0x000000009ff00000| Untracked 
| 512|0x00000000a0000000, 0x00000000a0000000, 0x00000000a0100000|  0%| F|  |TAMS 0x00000000a0000000, 0x00000000a0000000| Untracked 
| 513|0x00000000a0100000, 0x00000000a0100000, 0x00000000a0200000|  0%| F|  |TAMS 0x00000000a0100000, 0x00000000a0100000| Untracked 
| 514|0x00000000a0200000, 0x00000000a0200000, 0x00000000a0300000|  0%| F|  |TAMS 0x00000000a0200000, 0x00000000a0200000| Untracked 
| 515|0x00000000a0300000, 0x00000000a0300000, 0x00000000a0400000|  0%| F|  |TAMS 0x00000000a0300000, 0x00000000a0300000| Untracked 
| 516|0x00000000a0400000, 0x00000000a0500000, 0x00000000a0500000|100%|HS|  |TAMS 0x00000000a0500000, 0x00000000a0500000| Complete 
| 517|0x00000000a0500000, 0x00000000a0600000, 0x00000000a0600000|100%|HC|  |TAMS 0x00000000a0600000, 0x00000000a0600000| Complete 
| 518|0x00000000a0600000, 0x00000000a0700000, 0x00000000a0700000|100%|HC|  |TAMS 0x00000000a0700000, 0x00000000a0700000| Complete 
| 519|0x00000000a0700000, 0x00000000a0800000, 0x00000000a0800000|100%|HC|  |TAMS 0x00000000a0800000, 0x00000000a0800000| Complete 
| 520|0x00000000a0800000, 0x00000000a0900000, 0x00000000a0900000|100%|HC|  |TAMS 0x00000000a0900000, 0x00000000a0900000| Complete 
| 521|0x00000000a0900000, 0x00000000a0a00000, 0x00000000a0a00000|100%|HC|  |TAMS 0x00000000a0a00000, 0x00000000a0a00000| Complete 
| 522|0x00000000a0a00000, 0x00000000a0b00000, 0x00000000a0b00000|100%|HC|  |TAMS 0x00000000a0b00000, 0x00000000a0b00000| Complete 
| 523|0x00000000a0b00000, 0x00000000a0c00000, 0x00000000a0c00000|100%|HC|  |TAMS 0x00000000a0c00000, 0x00000000a0c00000| Complete 
| 524|0x00000000a0c00000, 0x00000000a0d00000, 0x00000000a0d00000|100%|HC|  |TAMS 0x00000000a0d00000, 0x00000000a0d00000| Complete 
| 525|0x00000000a0d00000, 0x00000000a0e00000, 0x00000000a0e00000|100%|HC|  |TAMS 0x00000000a0e00000, 0x00000000a0e00000| Complete 
| 526|0x00000000a0e00000, 0x00000000a0f00000, 0x00000000a0f00000|100%|HC|  |TAMS 0x00000000a0f00000, 0x00000000a0f00000| Complete 
| 527|0x00000000a0f00000, 0x00000000a1000000, 0x00000000a1000000|100%|HC|  |TAMS 0x00000000a1000000, 0x00000000a1000000| Complete 
| 528|0x00000000a1000000, 0x00000000a1100000, 0x00000000a1100000|100%|HC|  |TAMS 0x00000000a1100000, 0x00000000a1100000| Complete 
| 529|0x00000000a1100000, 0x00000000a1200000, 0x00000000a1200000|100%|HC|  |TAMS 0x00000000a1200000, 0x00000000a1200000| Complete 
| 530|0x00000000a1200000, 0x00000000a1300000, 0x00000000a1300000|100%|HC|  |TAMS 0x00000000a1300000, 0x00000000a1300000| Complete 
| 531|0x00000000a1300000, 0x00000000a1400000, 0x00000000a1400000|100%|HC|  |TAMS 0x00000000a1400000, 0x00000000a1400000| Complete 
| 532|0x00000000a1400000, 0x00000000a1500000, 0x00000000a1500000|100%|HS|  |TAMS 0x00000000a1500000, 0x00000000a1500000| Complete 
| 533|0x00000000a1500000, 0x00000000a1600000, 0x00000000a1600000|100%|HC|  |TAMS 0x00000000a1600000, 0x00000000a1600000| Complete 
| 534|0x00000000a1600000, 0x00000000a1700000, 0x00000000a1700000|100%|HC|  |TAMS 0x00000000a1700000, 0x00000000a1700000| Complete 
| 535|0x00000000a1700000, 0x00000000a1800000, 0x00000000a1800000|100%|HC|  |TAMS 0x00000000a1800000, 0x00000000a1800000| Complete 
| 536|0x00000000a1800000, 0x00000000a1900000, 0x00000000a1900000|100%|HC|  |TAMS 0x00000000a1900000, 0x00000000a1900000| Complete 
| 537|0x00000000a1900000, 0x00000000a1a00000, 0x00000000a1a00000|100%|HC|  |TAMS 0x00000000a1a00000, 0x00000000a1a00000| Complete 
| 538|0x00000000a1a00000, 0x00000000a1b00000, 0x00000000a1b00000|100%|HC|  |TAMS 0x00000000a1b00000, 0x00000000a1b00000| Complete 
| 539|0x00000000a1b00000, 0x00000000a1c00000, 0x00000000a1c00000|100%|HC|  |TAMS 0x00000000a1c00000, 0x00000000a1c00000| Complete 
| 540|0x00000000a1c00000, 0x00000000a1d00000, 0x00000000a1d00000|100%|HC|  |TAMS 0x00000000a1d00000, 0x00000000a1d00000| Complete 
| 541|0x00000000a1d00000, 0x00000000a1e00000, 0x00000000a1e00000|100%|HC|  |TAMS 0x00000000a1e00000, 0x00000000a1e00000| Complete 
| 542|0x00000000a1e00000, 0x00000000a1f00000, 0x00000000a1f00000|100%|HC|  |TAMS 0x00000000a1f00000, 0x00000000a1f00000| Complete 
| 543|0x00000000a1f00000, 0x00000000a2000000, 0x00000000a2000000|100%|HC|  |TAMS 0x00000000a2000000, 0x00000000a2000000| Complete 
| 544|0x00000000a2000000, 0x00000000a2100000, 0x00000000a2100000|100%|HC|  |TAMS 0x00000000a2100000, 0x00000000a2100000| Complete 
| 545|0x00000000a2100000, 0x00000000a2200000, 0x00000000a2200000|100%|HC|  |TAMS 0x00000000a2200000, 0x00000000a2200000| Complete 
| 546|0x00000000a2200000, 0x00000000a2300000, 0x00000000a2300000|100%|HC|  |TAMS 0x00000000a2300000, 0x00000000a2300000| Complete 
| 547|0x00000000a2300000, 0x00000000a2400000, 0x00000000a2400000|100%|HC|  |TAMS 0x00000000a2400000, 0x00000000a2400000| Complete 
| 548|0x00000000a2400000, 0x00000000a2500000, 0x00000000a2500000|100%|HS|  |TAMS 0x00000000a2500000, 0x00000000a2500000| Complete 
| 549|0x00000000a2500000, 0x00000000a2600000, 0x00000000a2600000|100%|HC|  |TAMS 0x00000000a2600000, 0x00000000a2600000| Complete 
| 550|0x00000000a2600000, 0x00000000a2700000, 0x00000000a2700000|100%|HC|  |TAMS 0x00000000a2700000, 0x00000000a2700000| Complete 
| 551|0x00000000a2700000, 0x00000000a2800000, 0x00000000a2800000|100%|HC|  |TAMS 0x00000000a2800000, 0x00000000a2800000| Complete 
| 552|0x00000000a2800000, 0x00000000a2900000, 0x00000000a2900000|100%|HC|  |TAMS 0x00000000a2900000, 0x00000000a2900000| Complete 
| 553|0x00000000a2900000, 0x00000000a2a00000, 0x00000000a2a00000|100%|HC|  |TAMS 0x00000000a2a00000, 0x00000000a2a00000| Complete 
| 554|0x00000000a2a00000, 0x00000000a2b00000, 0x00000000a2b00000|100%|HC|  |TAMS 0x00000000a2b00000, 0x00000000a2b00000| Complete 
| 555|0x00000000a2b00000, 0x00000000a2c00000, 0x00000000a2c00000|100%|HC|  |TAMS 0x00000000a2c00000, 0x00000000a2c00000| Complete 
| 556|0x00000000a2c00000, 0x00000000a2d00000, 0x00000000a2d00000|100%|HC|  |TAMS 0x00000000a2d00000, 0x00000000a2d00000| Complete 
| 557|0x00000000a2d00000, 0x00000000a2e00000, 0x00000000a2e00000|100%|HC|  |TAMS 0x00000000a2e00000, 0x00000000a2e00000| Complete 
| 558|0x00000000a2e00000, 0x00000000a2f00000, 0x00000000a2f00000|100%|HC|  |TAMS 0x00000000a2f00000, 0x00000000a2f00000| Complete 
| 559|0x00000000a2f00000, 0x00000000a3000000, 0x00000000a3000000|100%|HC|  |TAMS 0x00000000a3000000, 0x00000000a3000000| Complete 
| 560|0x00000000a3000000, 0x00000000a3100000, 0x00000000a3100000|100%|HC|  |TAMS 0x00000000a3100000, 0x00000000a3100000| Complete 
| 561|0x00000000a3100000, 0x00000000a3200000, 0x00000000a3200000|100%|HC|  |TAMS 0x00000000a3200000, 0x00000000a3200000| Complete 
| 562|0x00000000a3200000, 0x00000000a3300000, 0x00000000a3300000|100%|HC|  |TAMS 0x00000000a3300000, 0x00000000a3300000| Complete 
| 563|0x00000000a3300000, 0x00000000a3400000, 0x00000000a3400000|100%|HC|  |TAMS 0x00000000a3400000, 0x00000000a3400000| Complete 
| 564|0x00000000a3400000, 0x00000000a3500000, 0x00000000a3500000|100%|HS|  |TAMS 0x00000000a3500000, 0x00000000a3500000| Complete 
| 565|0x00000000a3500000, 0x00000000a3600000, 0x00000000a3600000|100%|HC|  |TAMS 0x00000000a3600000, 0x00000000a3600000| Complete 
| 566|0x00000000a3600000, 0x00000000a3700000, 0x00000000a3700000|100%|HC|  |TAMS 0x00000000a3700000, 0x00000000a3700000| Complete 
| 567|0x00000000a3700000, 0x00000000a3800000, 0x00000000a3800000|100%|HC|  |TAMS 0x00000000a3800000, 0x00000000a3800000| Complete 
| 568|0x00000000a3800000, 0x00000000a3900000, 0x00000000a3900000|100%|HC|  |TAMS 0x00000000a3900000, 0x00000000a3900000| Complete 
| 569|0x00000000a3900000, 0x00000000a3a00000, 0x00000000a3a00000|100%|HC|  |TAMS 0x00000000a3a00000, 0x00000000a3a00000| Complete 
| 570|0x00000000a3a00000, 0x00000000a3b00000, 0x00000000a3b00000|100%|HC|  |TAMS 0x00000000a3b00000, 0x00000000a3b00000| Complete 
| 571|0x00000000a3b00000, 0x00000000a3c00000, 0x00000000a3c00000|100%|HC|  |TAMS 0x00000000a3c00000, 0x00000000a3c00000| Complete 
| 572|0x00000000a3c00000, 0x00000000a3d00000, 0x00000000a3d00000|100%|HC|  |TAMS 0x00000000a3d00000, 0x00000000a3d00000| Complete 
| 573|0x00000000a3d00000, 0x00000000a3e00000, 0x00000000a3e00000|100%|HC|  |TAMS 0x00000000a3e00000, 0x00000000a3e00000| Complete 
| 574|0x00000000a3e00000, 0x00000000a3f00000, 0x00000000a3f00000|100%|HC|  |TAMS 0x00000000a3f00000, 0x00000000a3f00000| Complete 
| 575|0x00000000a3f00000, 0x00000000a4000000, 0x00000000a4000000|100%|HC|  |TAMS 0x00000000a4000000, 0x00000000a4000000| Complete 
| 576|0x00000000a4000000, 0x00000000a4100000, 0x00000000a4100000|100%|HC|  |TAMS 0x00000000a4100000, 0x00000000a4100000| Complete 
| 577|0x00000000a4100000, 0x00000000a4200000, 0x00000000a4200000|100%|HC|  |TAMS 0x00000000a4200000, 0x00000000a4200000| Complete 
| 578|0x00000000a4200000, 0x00000000a4300000, 0x00000000a4300000|100%|HC|  |TAMS 0x00000000a4300000, 0x00000000a4300000| Complete 
| 579|0x00000000a4300000, 0x00000000a4400000, 0x00000000a4400000|100%|HC|  |TAMS 0x00000000a4400000, 0x00000000a4400000| Complete 
| 580|0x00000000a4400000, 0x00000000a4500000, 0x00000000a4500000|100%|HS|  |TAMS 0x00000000a4500000, 0x00000000a4500000| Complete 
| 581|0x00000000a4500000, 0x00000000a4600000, 0x00000000a4600000|100%|HC|  |TAMS 0x00000000a4600000, 0x00000000a4600000| Complete 
| 582|0x00000000a4600000, 0x00000000a4700000, 0x00000000a4700000|100%|HC|  |TAMS 0x00000000a4700000, 0x00000000a4700000| Complete 
| 583|0x00000000a4700000, 0x00000000a4800000, 0x00000000a4800000|100%|HC|  |TAMS 0x00000000a4800000, 0x00000000a4800000| Complete 
| 584|0x00000000a4800000, 0x00000000a4900000, 0x00000000a4900000|100%|HC|  |TAMS 0x00000000a4900000, 0x00000000a4900000| Complete 
| 585|0x00000000a4900000, 0x00000000a4a00000, 0x00000000a4a00000|100%|HC|  |TAMS 0x00000000a4a00000, 0x00000000a4a00000| Complete 
| 586|0x00000000a4a00000, 0x00000000a4b00000, 0x00000000a4b00000|100%|HC|  |TAMS 0x00000000a4b00000, 0x00000000a4b00000| Complete 
| 587|0x00000000a4b00000, 0x00000000a4c00000, 0x00000000a4c00000|100%|HC|  |TAMS 0x00000000a4c00000, 0x00000000a4c00000| Complete 
| 588|0x00000000a4c00000, 0x00000000a4d00000, 0x00000000a4d00000|100%|HC|  |TAMS 0x00000000a4d00000, 0x00000000a4d00000| Complete 
| 589|0x00000000a4d00000, 0x00000000a4e00000, 0x00000000a4e00000|100%|HC|  |TAMS 0x00000000a4e00000, 0x00000000a4e00000| Complete 
| 590|0x00000000a4e00000, 0x00000000a4f00000, 0x00000000a4f00000|100%|HC|  |TAMS 0x00000000a4f00000, 0x00000000a4f00000| Complete 
| 591|0x00000000a4f00000, 0x00000000a5000000, 0x00000000a5000000|100%|HC|  |TAMS 0x00000000a5000000, 0x00000000a5000000| Complete 
| 592|0x00000000a5000000, 0x00000000a5100000, 0x00000000a5100000|100%|HC|  |TAMS 0x00000000a5100000, 0x00000000a5100000| Complete 
| 593|0x00000000a5100000, 0x00000000a5200000, 0x00000000a5200000|100%|HC|  |TAMS 0x00000000a5200000, 0x00000000a5200000| Complete 
| 594|0x00000000a5200000, 0x00000000a5300000, 0x00000000a5300000|100%|HC|  |TAMS 0x00000000a5300000, 0x00000000a5300000| Complete 
| 595|0x00000000a5300000, 0x00000000a5400000, 0x00000000a5400000|100%|HC|  |TAMS 0x00000000a5400000, 0x00000000a5400000| Complete 
| 596|0x00000000a5400000, 0x00000000a5500000, 0x00000000a5500000|100%|HS|  |TAMS 0x00000000a5500000, 0x00000000a5500000| Complete 
| 597|0x00000000a5500000, 0x00000000a5600000, 0x00000000a5600000|100%|HC|  |TAMS 0x00000000a5600000, 0x00000000a5600000| Complete 
| 598|0x00000000a5600000, 0x00000000a5700000, 0x00000000a5700000|100%|HC|  |TAMS 0x00000000a5700000, 0x00000000a5700000| Complete 
| 599|0x00000000a5700000, 0x00000000a5800000, 0x00000000a5800000|100%|HC|  |TAMS 0x00000000a5800000, 0x00000000a5800000| Complete 
| 600|0x00000000a5800000, 0x00000000a5900000, 0x00000000a5900000|100%|HC|  |TAMS 0x00000000a5900000, 0x00000000a5900000| Complete 
| 601|0x00000000a5900000, 0x00000000a5a00000, 0x00000000a5a00000|100%|HC|  |TAMS 0x00000000a5a00000, 0x00000000a5a00000| Complete 
| 602|0x00000000a5a00000, 0x00000000a5b00000, 0x00000000a5b00000|100%|HC|  |TAMS 0x00000000a5b00000, 0x00000000a5b00000| Complete 
| 603|0x00000000a5b00000, 0x00000000a5c00000, 0x00000000a5c00000|100%|HC|  |TAMS 0x00000000a5c00000, 0x00000000a5c00000| Complete 
| 604|0x00000000a5c00000, 0x00000000a5d00000, 0x00000000a5d00000|100%|HC|  |TAMS 0x00000000a5d00000, 0x00000000a5d00000| Complete 
| 605|0x00000000a5d00000, 0x00000000a5e00000, 0x00000000a5e00000|100%|HC|  |TAMS 0x00000000a5e00000, 0x00000000a5e00000| Complete 
| 606|0x00000000a5e00000, 0x00000000a5f00000, 0x00000000a5f00000|100%|HC|  |TAMS 0x00000000a5f00000, 0x00000000a5f00000| Complete 
| 607|0x00000000a5f00000, 0x00000000a6000000, 0x00000000a6000000|100%|HC|  |TAMS 0x00000000a6000000, 0x00000000a6000000| Complete 
| 608|0x00000000a6000000, 0x00000000a6100000, 0x00000000a6100000|100%|HC|  |TAMS 0x00000000a6100000, 0x00000000a6100000| Complete 
| 609|0x00000000a6100000, 0x00000000a6200000, 0x00000000a6200000|100%|HC|  |TAMS 0x00000000a6200000, 0x00000000a6200000| Complete 
| 610|0x00000000a6200000, 0x00000000a6300000, 0x00000000a6300000|100%|HC|  |TAMS 0x00000000a6300000, 0x00000000a6300000| Complete 
| 611|0x00000000a6300000, 0x00000000a6400000, 0x00000000a6400000|100%|HC|  |TAMS 0x00000000a6400000, 0x00000000a6400000| Complete 
| 612|0x00000000a6400000, 0x00000000a6500000, 0x00000000a6500000|100%|HS|  |TAMS 0x00000000a6500000, 0x00000000a6500000| Complete 
| 613|0x00000000a6500000, 0x00000000a6600000, 0x00000000a6600000|100%|HC|  |TAMS 0x00000000a6600000, 0x00000000a6600000| Complete 
| 614|0x00000000a6600000, 0x00000000a6700000, 0x00000000a6700000|100%|HC|  |TAMS 0x00000000a6700000, 0x00000000a6700000| Complete 
| 615|0x00000000a6700000, 0x00000000a6800000, 0x00000000a6800000|100%|HC|  |TAMS 0x00000000a6800000, 0x00000000a6800000| Complete 
| 616|0x00000000a6800000, 0x00000000a6900000, 0x00000000a6900000|100%|HC|  |TAMS 0x00000000a6900000, 0x00000000a6900000| Complete 
| 617|0x00000000a6900000, 0x00000000a6a00000, 0x00000000a6a00000|100%|HC|  |TAMS 0x00000000a6a00000, 0x00000000a6a00000| Complete 
| 618|0x00000000a6a00000, 0x00000000a6b00000, 0x00000000a6b00000|100%|HC|  |TAMS 0x00000000a6b00000, 0x00000000a6b00000| Complete 
| 619|0x00000000a6b00000, 0x00000000a6c00000, 0x00000000a6c00000|100%|HC|  |TAMS 0x00000000a6c00000, 0x00000000a6c00000| Complete 
| 620|0x00000000a6c00000, 0x00000000a6d00000, 0x00000000a6d00000|100%|HC|  |TAMS 0x00000000a6d00000, 0x00000000a6d00000| Complete 
| 621|0x00000000a6d00000, 0x00000000a6e00000, 0x00000000a6e00000|100%|HC|  |TAMS 0x00000000a6e00000, 0x00000000a6e00000| Complete 
| 622|0x00000000a6e00000, 0x00000000a6f00000, 0x00000000a6f00000|100%|HC|  |TAMS 0x00000000a6f00000, 0x00000000a6f00000| Complete 
| 623|0x00000000a6f00000, 0x00000000a7000000, 0x00000000a7000000|100%|HC|  |TAMS 0x00000000a7000000, 0x00000000a7000000| Complete 
| 624|0x00000000a7000000, 0x00000000a7100000, 0x00000000a7100000|100%|HC|  |TAMS 0x00000000a7100000, 0x00000000a7100000| Complete 
| 625|0x00000000a7100000, 0x00000000a7200000, 0x00000000a7200000|100%|HC|  |TAMS 0x00000000a7200000, 0x00000000a7200000| Complete 
| 626|0x00000000a7200000, 0x00000000a7300000, 0x00000000a7300000|100%|HC|  |TAMS 0x00000000a7300000, 0x00000000a7300000| Complete 
| 627|0x00000000a7300000, 0x00000000a7400000, 0x00000000a7400000|100%|HC|  |TAMS 0x00000000a7400000, 0x00000000a7400000| Complete 
| 628|0x00000000a7400000, 0x00000000a7400000, 0x00000000a7500000|  0%| F|  |TAMS 0x00000000a7400000, 0x00000000a7400000| Untracked 
| 629|0x00000000a7500000, 0x00000000a7500000, 0x00000000a7600000|  0%| F|  |TAMS 0x00000000a7500000, 0x00000000a7500000| Untracked 
| 630|0x00000000a7600000, 0x00000000a7600000, 0x00000000a7700000|  0%| F|  |TAMS 0x00000000a7600000, 0x00000000a7600000| Untracked 
| 631|0x00000000a7700000, 0x00000000a7700000, 0x00000000a7800000|  0%| F|  |TAMS 0x00000000a7700000, 0x00000000a7700000| Untracked 
| 632|0x00000000a7800000, 0x00000000a7800000, 0x00000000a7900000|  0%| F|  |TAMS 0x00000000a7800000, 0x00000000a7800000| Untracked 
| 633|0x00000000a7900000, 0x00000000a7900000, 0x00000000a7a00000|  0%| F|  |TAMS 0x00000000a7900000, 0x00000000a7900000| Untracked 
| 634|0x00000000a7a00000, 0x00000000a7a00000, 0x00000000a7b00000|  0%| F|  |TAMS 0x00000000a7a00000, 0x00000000a7a00000| Untracked 
| 635|0x00000000a7b00000, 0x00000000a7b00000, 0x00000000a7c00000|  0%| F|  |TAMS 0x00000000a7b00000, 0x00000000a7b00000| Untracked 
| 636|0x00000000a7c00000, 0x00000000a7c00000, 0x00000000a7d00000|  0%| F|  |TAMS 0x00000000a7c00000, 0x00000000a7c00000| Untracked 
| 637|0x00000000a7d00000, 0x00000000a7d00000, 0x00000000a7e00000|  0%| F|  |TAMS 0x00000000a7d00000, 0x00000000a7d00000| Untracked 
| 638|0x00000000a7e00000, 0x00000000a7e00000, 0x00000000a7f00000|  0%| F|  |TAMS 0x00000000a7e00000, 0x00000000a7e00000| Untracked 
| 639|0x00000000a7f00000, 0x00000000a7f00000, 0x00000000a8000000|  0%| F|  |TAMS 0x00000000a7f00000, 0x00000000a7f00000| Untracked 
| 640|0x00000000a8000000, 0x00000000a8000000, 0x00000000a8100000|  0%| F|  |TAMS 0x00000000a8000000, 0x00000000a8000000| Untracked 
| 641|0x00000000a8100000, 0x00000000a8100000, 0x00000000a8200000|  0%| F|  |TAMS 0x00000000a8100000, 0x00000000a8100000| Untracked 
| 642|0x00000000a8200000, 0x00000000a8300000, 0x00000000a8300000|100%|HS|  |TAMS 0x00000000a8300000, 0x00000000a8300000| Complete 
| 643|0x00000000a8300000, 0x00000000a8400000, 0x00000000a8400000|100%|HC|  |TAMS 0x00000000a8400000, 0x00000000a8400000| Complete 
| 644|0x00000000a8400000, 0x00000000a8500000, 0x00000000a8500000|100%|HC|  |TAMS 0x00000000a8500000, 0x00000000a8500000| Complete 
| 645|0x00000000a8500000, 0x00000000a8600000, 0x00000000a8600000|100%|HC|  |TAMS 0x00000000a8600000, 0x00000000a8600000| Complete 
| 646|0x00000000a8600000, 0x00000000a8700000, 0x00000000a8700000|100%|HC|  |TAMS 0x00000000a8700000, 0x00000000a8700000| Complete 
| 647|0x00000000a8700000, 0x00000000a8800000, 0x00000000a8800000|100%|HC|  |TAMS 0x00000000a8800000, 0x00000000a8800000| Complete 
| 648|0x00000000a8800000, 0x00000000a8900000, 0x00000000a8900000|100%|HC|  |TAMS 0x00000000a8900000, 0x00000000a8900000| Complete 
| 649|0x00000000a8900000, 0x00000000a8a00000, 0x00000000a8a00000|100%|HC|  |TAMS 0x00000000a8a00000, 0x00000000a8a00000| Complete 
| 650|0x00000000a8a00000, 0x00000000a8b00000, 0x00000000a8b00000|100%|HC|  |TAMS 0x00000000a8b00000, 0x00000000a8b00000| Complete 
| 651|0x00000000a8b00000, 0x00000000a8c00000, 0x00000000a8c00000|100%|HC|  |TAMS 0x00000000a8c00000, 0x00000000a8c00000| Complete 
| 652|0x00000000a8c00000, 0x00000000a8d00000, 0x00000000a8d00000|100%|HC|  |TAMS 0x00000000a8d00000, 0x00000000a8d00000| Complete 
| 653|0x00000000a8d00000, 0x00000000a8e00000, 0x00000000a8e00000|100%|HC|  |TAMS 0x00000000a8e00000, 0x00000000a8e00000| Complete 
| 654|0x00000000a8e00000, 0x00000000a8f00000, 0x00000000a8f00000|100%|HC|  |TAMS 0x00000000a8f00000, 0x00000000a8f00000| Complete 
| 655|0x00000000a8f00000, 0x00000000a9000000, 0x00000000a9000000|100%|HC|  |TAMS 0x00000000a9000000, 0x00000000a9000000| Complete 
| 656|0x00000000a9000000, 0x00000000a9100000, 0x00000000a9100000|100%|HC|  |TAMS 0x00000000a9100000, 0x00000000a9100000| Complete 
| 657|0x00000000a9100000, 0x00000000a9200000, 0x00000000a9200000|100%|HC|  |TAMS 0x00000000a9200000, 0x00000000a9200000| Complete 
| 658|0x00000000a9200000, 0x00000000a9200000, 0x00000000a9300000|  0%| F|  |TAMS 0x00000000a9200000, 0x00000000a9200000| Untracked 
| 659|0x00000000a9300000, 0x00000000a9300000, 0x00000000a9400000|  0%| F|  |TAMS 0x00000000a9300000, 0x00000000a9300000| Untracked 
| 660|0x00000000a9400000, 0x00000000a9400000, 0x00000000a9500000|  0%| F|  |TAMS 0x00000000a9400000, 0x00000000a9400000| Untracked 
| 661|0x00000000a9500000, 0x00000000a9500000, 0x00000000a9600000|  0%| F|  |TAMS 0x00000000a9500000, 0x00000000a9500000| Untracked 
| 662|0x00000000a9600000, 0x00000000a9700000, 0x00000000a9700000|100%|HS|  |TAMS 0x00000000a9700000, 0x00000000a9700000| Complete 
| 663|0x00000000a9700000, 0x00000000a9800000, 0x00000000a9800000|100%|HC|  |TAMS 0x00000000a9800000, 0x00000000a9800000| Complete 
| 664|0x00000000a9800000, 0x00000000a9900000, 0x00000000a9900000|100%|HC|  |TAMS 0x00000000a9900000, 0x00000000a9900000| Complete 
| 665|0x00000000a9900000, 0x00000000a9a00000, 0x00000000a9a00000|100%|HC|  |TAMS 0x00000000a9a00000, 0x00000000a9a00000| Complete 
| 666|0x00000000a9a00000, 0x00000000a9b00000, 0x00000000a9b00000|100%|HC|  |TAMS 0x00000000a9b00000, 0x00000000a9b00000| Complete 
| 667|0x00000000a9b00000, 0x00000000a9c00000, 0x00000000a9c00000|100%|HC|  |TAMS 0x00000000a9c00000, 0x00000000a9c00000| Complete 
| 668|0x00000000a9c00000, 0x00000000a9d00000, 0x00000000a9d00000|100%|HC|  |TAMS 0x00000000a9d00000, 0x00000000a9d00000| Complete 
| 669|0x00000000a9d00000, 0x00000000a9e00000, 0x00000000a9e00000|100%|HC|  |TAMS 0x00000000a9e00000, 0x00000000a9e00000| Complete 
| 670|0x00000000a9e00000, 0x00000000a9f00000, 0x00000000a9f00000|100%|HC|  |TAMS 0x00000000a9f00000, 0x00000000a9f00000| Complete 
| 671|0x00000000a9f00000, 0x00000000aa000000, 0x00000000aa000000|100%|HC|  |TAMS 0x00000000aa000000, 0x00000000aa000000| Complete 
| 672|0x00000000aa000000, 0x00000000aa100000, 0x00000000aa100000|100%|HC|  |TAMS 0x00000000aa100000, 0x00000000aa100000| Complete 
| 673|0x00000000aa100000, 0x00000000aa200000, 0x00000000aa200000|100%|HC|  |TAMS 0x00000000aa200000, 0x00000000aa200000| Complete 
| 674|0x00000000aa200000, 0x00000000aa300000, 0x00000000aa300000|100%|HC|  |TAMS 0x00000000aa300000, 0x00000000aa300000| Complete 
| 675|0x00000000aa300000, 0x00000000aa400000, 0x00000000aa400000|100%|HC|  |TAMS 0x00000000aa400000, 0x00000000aa400000| Complete 
| 676|0x00000000aa400000, 0x00000000aa500000, 0x00000000aa500000|100%|HC|  |TAMS 0x00000000aa500000, 0x00000000aa500000| Complete 
| 677|0x00000000aa500000, 0x00000000aa600000, 0x00000000aa600000|100%|HC|  |TAMS 0x00000000aa600000, 0x00000000aa600000| Complete 
| 678|0x00000000aa600000, 0x00000000aa700000, 0x00000000aa700000|100%|HS|  |TAMS 0x00000000aa700000, 0x00000000aa700000| Complete 
| 679|0x00000000aa700000, 0x00000000aa800000, 0x00000000aa800000|100%|HC|  |TAMS 0x00000000aa800000, 0x00000000aa800000| Complete 
| 680|0x00000000aa800000, 0x00000000aa900000, 0x00000000aa900000|100%|HC|  |TAMS 0x00000000aa900000, 0x00000000aa900000| Complete 
| 681|0x00000000aa900000, 0x00000000aaa00000, 0x00000000aaa00000|100%|HC|  |TAMS 0x00000000aaa00000, 0x00000000aaa00000| Complete 
| 682|0x00000000aaa00000, 0x00000000aab00000, 0x00000000aab00000|100%|HC|  |TAMS 0x00000000aab00000, 0x00000000aab00000| Complete 
| 683|0x00000000aab00000, 0x00000000aac00000, 0x00000000aac00000|100%|HC|  |TAMS 0x00000000aac00000, 0x00000000aac00000| Complete 
| 684|0x00000000aac00000, 0x00000000aad00000, 0x00000000aad00000|100%|HC|  |TAMS 0x00000000aad00000, 0x00000000aad00000| Complete 
| 685|0x00000000aad00000, 0x00000000aae00000, 0x00000000aae00000|100%|HC|  |TAMS 0x00000000aae00000, 0x00000000aae00000| Complete 
| 686|0x00000000aae00000, 0x00000000aaf00000, 0x00000000aaf00000|100%|HC|  |TAMS 0x00000000aaf00000, 0x00000000aaf00000| Complete 
| 687|0x00000000aaf00000, 0x00000000ab000000, 0x00000000ab000000|100%|HC|  |TAMS 0x00000000ab000000, 0x00000000ab000000| Complete 
| 688|0x00000000ab000000, 0x00000000ab100000, 0x00000000ab100000|100%|HC|  |TAMS 0x00000000ab100000, 0x00000000ab100000| Complete 
| 689|0x00000000ab100000, 0x00000000ab200000, 0x00000000ab200000|100%|HC|  |TAMS 0x00000000ab200000, 0x00000000ab200000| Complete 
| 690|0x00000000ab200000, 0x00000000ab300000, 0x00000000ab300000|100%|HC|  |TAMS 0x00000000ab300000, 0x00000000ab300000| Complete 
| 691|0x00000000ab300000, 0x00000000ab400000, 0x00000000ab400000|100%|HC|  |TAMS 0x00000000ab400000, 0x00000000ab400000| Complete 
| 692|0x00000000ab400000, 0x00000000ab500000, 0x00000000ab500000|100%|HC|  |TAMS 0x00000000ab500000, 0x00000000ab500000| Complete 
| 693|0x00000000ab500000, 0x00000000ab600000, 0x00000000ab600000|100%|HC|  |TAMS 0x00000000ab600000, 0x00000000ab600000| Complete 
| 694|0x00000000ab600000, 0x00000000ab700000, 0x00000000ab700000|100%|HS|  |TAMS 0x00000000ab700000, 0x00000000ab700000| Complete 
| 695|0x00000000ab700000, 0x00000000ab800000, 0x00000000ab800000|100%|HC|  |TAMS 0x00000000ab800000, 0x00000000ab800000| Complete 
| 696|0x00000000ab800000, 0x00000000ab900000, 0x00000000ab900000|100%|HC|  |TAMS 0x00000000ab900000, 0x00000000ab900000| Complete 
| 697|0x00000000ab900000, 0x00000000aba00000, 0x00000000aba00000|100%|HC|  |TAMS 0x00000000aba00000, 0x00000000aba00000| Complete 
| 698|0x00000000aba00000, 0x00000000abb00000, 0x00000000abb00000|100%|HC|  |TAMS 0x00000000abb00000, 0x00000000abb00000| Complete 
| 699|0x00000000abb00000, 0x00000000abc00000, 0x00000000abc00000|100%|HC|  |TAMS 0x00000000abc00000, 0x00000000abc00000| Complete 
| 700|0x00000000abc00000, 0x00000000abd00000, 0x00000000abd00000|100%|HC|  |TAMS 0x00000000abd00000, 0x00000000abd00000| Complete 
| 701|0x00000000abd00000, 0x00000000abe00000, 0x00000000abe00000|100%|HC|  |TAMS 0x00000000abe00000, 0x00000000abe00000| Complete 
| 702|0x00000000abe00000, 0x00000000abf00000, 0x00000000abf00000|100%|HC|  |TAMS 0x00000000abf00000, 0x00000000abf00000| Complete 
| 703|0x00000000abf00000, 0x00000000ac000000, 0x00000000ac000000|100%|HC|  |TAMS 0x00000000ac000000, 0x00000000ac000000| Complete 
| 704|0x00000000ac000000, 0x00000000ac100000, 0x00000000ac100000|100%|HC|  |TAMS 0x00000000ac100000, 0x00000000ac100000| Complete 
| 705|0x00000000ac100000, 0x00000000ac200000, 0x00000000ac200000|100%|HC|  |TAMS 0x00000000ac200000, 0x00000000ac200000| Complete 
| 706|0x00000000ac200000, 0x00000000ac300000, 0x00000000ac300000|100%|HC|  |TAMS 0x00000000ac300000, 0x00000000ac300000| Complete 
| 707|0x00000000ac300000, 0x00000000ac400000, 0x00000000ac400000|100%|HC|  |TAMS 0x00000000ac400000, 0x00000000ac400000| Complete 
| 708|0x00000000ac400000, 0x00000000ac500000, 0x00000000ac500000|100%|HC|  |TAMS 0x00000000ac500000, 0x00000000ac500000| Complete 
| 709|0x00000000ac500000, 0x00000000ac600000, 0x00000000ac600000|100%|HC|  |TAMS 0x00000000ac600000, 0x00000000ac600000| Complete 
| 710|0x00000000ac600000, 0x00000000ac700000, 0x00000000ac700000|100%|HS|  |TAMS 0x00000000ac700000, 0x00000000ac700000| Complete 
| 711|0x00000000ac700000, 0x00000000ac800000, 0x00000000ac800000|100%|HC|  |TAMS 0x00000000ac800000, 0x00000000ac800000| Complete 
| 712|0x00000000ac800000, 0x00000000ac900000, 0x00000000ac900000|100%|HC|  |TAMS 0x00000000ac900000, 0x00000000ac900000| Complete 
| 713|0x00000000ac900000, 0x00000000aca00000, 0x00000000aca00000|100%|HC|  |TAMS 0x00000000aca00000, 0x00000000aca00000| Complete 
| 714|0x00000000aca00000, 0x00000000acb00000, 0x00000000acb00000|100%|HC|  |TAMS 0x00000000acb00000, 0x00000000acb00000| Complete 
| 715|0x00000000acb00000, 0x00000000acc00000, 0x00000000acc00000|100%|HC|  |TAMS 0x00000000acc00000, 0x00000000acc00000| Complete 
| 716|0x00000000acc00000, 0x00000000acd00000, 0x00000000acd00000|100%|HC|  |TAMS 0x00000000acd00000, 0x00000000acd00000| Complete 
| 717|0x00000000acd00000, 0x00000000ace00000, 0x00000000ace00000|100%|HC|  |TAMS 0x00000000ace00000, 0x00000000ace00000| Complete 
| 718|0x00000000ace00000, 0x00000000acf00000, 0x00000000acf00000|100%|HC|  |TAMS 0x00000000acf00000, 0x00000000acf00000| Complete 
| 719|0x00000000acf00000, 0x00000000ad000000, 0x00000000ad000000|100%|HC|  |TAMS 0x00000000ad000000, 0x00000000ad000000| Complete 
| 720|0x00000000ad000000, 0x00000000ad100000, 0x00000000ad100000|100%|HC|  |TAMS 0x00000000ad100000, 0x00000000ad100000| Complete 
| 721|0x00000000ad100000, 0x00000000ad200000, 0x00000000ad200000|100%|HC|  |TAMS 0x00000000ad200000, 0x00000000ad200000| Complete 
| 722|0x00000000ad200000, 0x00000000ad300000, 0x00000000ad300000|100%|HC|  |TAMS 0x00000000ad300000, 0x00000000ad300000| Complete 
| 723|0x00000000ad300000, 0x00000000ad400000, 0x00000000ad400000|100%|HC|  |TAMS 0x00000000ad400000, 0x00000000ad400000| Complete 
| 724|0x00000000ad400000, 0x00000000ad500000, 0x00000000ad500000|100%|HC|  |TAMS 0x00000000ad500000, 0x00000000ad500000| Complete 
| 725|0x00000000ad500000, 0x00000000ad600000, 0x00000000ad600000|100%|HC|  |TAMS 0x00000000ad600000, 0x00000000ad600000| Complete 
| 726|0x00000000ad600000, 0x00000000ad700000, 0x00000000ad700000|100%|HS|  |TAMS 0x00000000ad700000, 0x00000000ad700000| Complete 
| 727|0x00000000ad700000, 0x00000000ad800000, 0x00000000ad800000|100%|HC|  |TAMS 0x00000000ad800000, 0x00000000ad800000| Complete 
| 728|0x00000000ad800000, 0x00000000ad900000, 0x00000000ad900000|100%|HC|  |TAMS 0x00000000ad900000, 0x00000000ad900000| Complete 
| 729|0x00000000ad900000, 0x00000000ada00000, 0x00000000ada00000|100%|HC|  |TAMS 0x00000000ada00000, 0x00000000ada00000| Complete 
| 730|0x00000000ada00000, 0x00000000adb00000, 0x00000000adb00000|100%|HC|  |TAMS 0x00000000adb00000, 0x00000000adb00000| Complete 
| 731|0x00000000adb00000, 0x00000000adc00000, 0x00000000adc00000|100%|HC|  |TAMS 0x00000000adc00000, 0x00000000adc00000| Complete 
| 732|0x00000000adc00000, 0x00000000add00000, 0x00000000add00000|100%|HC|  |TAMS 0x00000000add00000, 0x00000000add00000| Complete 
| 733|0x00000000add00000, 0x00000000ade00000, 0x00000000ade00000|100%|HC|  |TAMS 0x00000000ade00000, 0x00000000ade00000| Complete 
| 734|0x00000000ade00000, 0x00000000adf00000, 0x00000000adf00000|100%|HC|  |TAMS 0x00000000adf00000, 0x00000000adf00000| Complete 
| 735|0x00000000adf00000, 0x00000000ae000000, 0x00000000ae000000|100%|HC|  |TAMS 0x00000000ae000000, 0x00000000ae000000| Complete 
| 736|0x00000000ae000000, 0x00000000ae100000, 0x00000000ae100000|100%|HC|  |TAMS 0x00000000ae100000, 0x00000000ae100000| Complete 
| 737|0x00000000ae100000, 0x00000000ae200000, 0x00000000ae200000|100%|HC|  |TAMS 0x00000000ae200000, 0x00000000ae200000| Complete 
| 738|0x00000000ae200000, 0x00000000ae300000, 0x00000000ae300000|100%|HC|  |TAMS 0x00000000ae300000, 0x00000000ae300000| Complete 
| 739|0x00000000ae300000, 0x00000000ae400000, 0x00000000ae400000|100%|HC|  |TAMS 0x00000000ae400000, 0x00000000ae400000| Complete 
| 740|0x00000000ae400000, 0x00000000ae500000, 0x00000000ae500000|100%|HC|  |TAMS 0x00000000ae500000, 0x00000000ae500000| Complete 
| 741|0x00000000ae500000, 0x00000000ae600000, 0x00000000ae600000|100%|HC|  |TAMS 0x00000000ae600000, 0x00000000ae600000| Complete 
| 742|0x00000000ae600000, 0x00000000ae700000, 0x00000000ae700000|100%|HS|  |TAMS 0x00000000ae700000, 0x00000000ae700000| Complete 
| 743|0x00000000ae700000, 0x00000000ae800000, 0x00000000ae800000|100%|HC|  |TAMS 0x00000000ae800000, 0x00000000ae800000| Complete 
| 744|0x00000000ae800000, 0x00000000ae900000, 0x00000000ae900000|100%|HC|  |TAMS 0x00000000ae900000, 0x00000000ae900000| Complete 
| 745|0x00000000ae900000, 0x00000000aea00000, 0x00000000aea00000|100%|HC|  |TAMS 0x00000000aea00000, 0x00000000aea00000| Complete 
| 746|0x00000000aea00000, 0x00000000aeb00000, 0x00000000aeb00000|100%|HC|  |TAMS 0x00000000aeb00000, 0x00000000aeb00000| Complete 
| 747|0x00000000aeb00000, 0x00000000aec00000, 0x00000000aec00000|100%|HC|  |TAMS 0x00000000aec00000, 0x00000000aec00000| Complete 
| 748|0x00000000aec00000, 0x00000000aed00000, 0x00000000aed00000|100%|HC|  |TAMS 0x00000000aed00000, 0x00000000aed00000| Complete 
| 749|0x00000000aed00000, 0x00000000aee00000, 0x00000000aee00000|100%|HC|  |TAMS 0x00000000aee00000, 0x00000000aee00000| Complete 
| 750|0x00000000aee00000, 0x00000000aef00000, 0x00000000aef00000|100%|HC|  |TAMS 0x00000000aef00000, 0x00000000aef00000| Complete 
| 751|0x00000000aef00000, 0x00000000af000000, 0x00000000af000000|100%|HC|  |TAMS 0x00000000af000000, 0x00000000af000000| Complete 
| 752|0x00000000af000000, 0x00000000af100000, 0x00000000af100000|100%|HC|  |TAMS 0x00000000af100000, 0x00000000af100000| Complete 
| 753|0x00000000af100000, 0x00000000af200000, 0x00000000af200000|100%|HC|  |TAMS 0x00000000af200000, 0x00000000af200000| Complete 
| 754|0x00000000af200000, 0x00000000af300000, 0x00000000af300000|100%|HC|  |TAMS 0x00000000af300000, 0x00000000af300000| Complete 
| 755|0x00000000af300000, 0x00000000af400000, 0x00000000af400000|100%|HC|  |TAMS 0x00000000af400000, 0x00000000af400000| Complete 
| 756|0x00000000af400000, 0x00000000af500000, 0x00000000af500000|100%|HC|  |TAMS 0x00000000af500000, 0x00000000af500000| Complete 
| 757|0x00000000af500000, 0x00000000af600000, 0x00000000af600000|100%|HC|  |TAMS 0x00000000af600000, 0x00000000af600000| Complete 
| 758|0x00000000af600000, 0x00000000af700000, 0x00000000af700000|100%|HC|  |TAMS 0x00000000af700000, 0x00000000af700000| Complete 
| 759|0x00000000af700000, 0x00000000af800000, 0x00000000af800000|100%|HS|  |TAMS 0x00000000af800000, 0x00000000af800000| Complete 
| 760|0x00000000af800000, 0x00000000af900000, 0x00000000af900000|100%|HC|  |TAMS 0x00000000af900000, 0x00000000af900000| Complete 
| 761|0x00000000af900000, 0x00000000afa00000, 0x00000000afa00000|100%|HC|  |TAMS 0x00000000afa00000, 0x00000000afa00000| Complete 
| 762|0x00000000afa00000, 0x00000000afb00000, 0x00000000afb00000|100%|HC|  |TAMS 0x00000000afb00000, 0x00000000afb00000| Complete 
| 763|0x00000000afb00000, 0x00000000afc00000, 0x00000000afc00000|100%|HC|  |TAMS 0x00000000afc00000, 0x00000000afc00000| Complete 
| 764|0x00000000afc00000, 0x00000000afd00000, 0x00000000afd00000|100%|HC|  |TAMS 0x00000000afd00000, 0x00000000afd00000| Complete 
| 765|0x00000000afd00000, 0x00000000afe00000, 0x00000000afe00000|100%|HC|  |TAMS 0x00000000afe00000, 0x00000000afe00000| Complete 
| 766|0x00000000afe00000, 0x00000000aff00000, 0x00000000aff00000|100%|HC|  |TAMS 0x00000000aff00000, 0x00000000aff00000| Complete 
| 767|0x00000000aff00000, 0x00000000b0000000, 0x00000000b0000000|100%|HC|  |TAMS 0x00000000b0000000, 0x00000000b0000000| Complete 
| 768|0x00000000b0000000, 0x00000000b0100000, 0x00000000b0100000|100%|HC|  |TAMS 0x00000000b0100000, 0x00000000b0100000| Complete 
| 769|0x00000000b0100000, 0x00000000b0200000, 0x00000000b0200000|100%|HC|  |TAMS 0x00000000b0200000, 0x00000000b0200000| Complete 
| 770|0x00000000b0200000, 0x00000000b0300000, 0x00000000b0300000|100%|HC|  |TAMS 0x00000000b0300000, 0x00000000b0300000| Complete 
| 771|0x00000000b0300000, 0x00000000b0400000, 0x00000000b0400000|100%|HC|  |TAMS 0x00000000b0400000, 0x00000000b0400000| Complete 
| 772|0x00000000b0400000, 0x00000000b0500000, 0x00000000b0500000|100%|HC|  |TAMS 0x00000000b0500000, 0x00000000b0500000| Complete 
| 773|0x00000000b0500000, 0x00000000b0600000, 0x00000000b0600000|100%|HC|  |TAMS 0x00000000b0600000, 0x00000000b0600000| Complete 
| 774|0x00000000b0600000, 0x00000000b0700000, 0x00000000b0700000|100%|HC|  |TAMS 0x00000000b0700000, 0x00000000b0700000| Complete 
| 775|0x00000000b0700000, 0x00000000b0800000, 0x00000000b0800000|100%|HS|  |TAMS 0x00000000b0800000, 0x00000000b0800000| Complete 
| 776|0x00000000b0800000, 0x00000000b0900000, 0x00000000b0900000|100%|HC|  |TAMS 0x00000000b0900000, 0x00000000b0900000| Complete 
| 777|0x00000000b0900000, 0x00000000b0a00000, 0x00000000b0a00000|100%|HC|  |TAMS 0x00000000b0a00000, 0x00000000b0a00000| Complete 
| 778|0x00000000b0a00000, 0x00000000b0b00000, 0x00000000b0b00000|100%|HC|  |TAMS 0x00000000b0b00000, 0x00000000b0b00000| Complete 
| 779|0x00000000b0b00000, 0x00000000b0c00000, 0x00000000b0c00000|100%|HC|  |TAMS 0x00000000b0c00000, 0x00000000b0c00000| Complete 
| 780|0x00000000b0c00000, 0x00000000b0d00000, 0x00000000b0d00000|100%|HC|  |TAMS 0x00000000b0d00000, 0x00000000b0d00000| Complete 
| 781|0x00000000b0d00000, 0x00000000b0e00000, 0x00000000b0e00000|100%|HC|  |TAMS 0x00000000b0e00000, 0x00000000b0e00000| Complete 
| 782|0x00000000b0e00000, 0x00000000b0f00000, 0x00000000b0f00000|100%|HC|  |TAMS 0x00000000b0f00000, 0x00000000b0f00000| Complete 
| 783|0x00000000b0f00000, 0x00000000b1000000, 0x00000000b1000000|100%|HC|  |TAMS 0x00000000b1000000, 0x00000000b1000000| Complete 
| 784|0x00000000b1000000, 0x00000000b1100000, 0x00000000b1100000|100%|HC|  |TAMS 0x00000000b1100000, 0x00000000b1100000| Complete 
| 785|0x00000000b1100000, 0x00000000b1200000, 0x00000000b1200000|100%|HC|  |TAMS 0x00000000b1200000, 0x00000000b1200000| Complete 
| 786|0x00000000b1200000, 0x00000000b1300000, 0x00000000b1300000|100%|HC|  |TAMS 0x00000000b1300000, 0x00000000b1300000| Complete 
| 787|0x00000000b1300000, 0x00000000b1400000, 0x00000000b1400000|100%|HC|  |TAMS 0x00000000b1400000, 0x00000000b1400000| Complete 
| 788|0x00000000b1400000, 0x00000000b1500000, 0x00000000b1500000|100%|HC|  |TAMS 0x00000000b1500000, 0x00000000b1500000| Complete 
| 789|0x00000000b1500000, 0x00000000b1600000, 0x00000000b1600000|100%|HC|  |TAMS 0x00000000b1600000, 0x00000000b1600000| Complete 
| 790|0x00000000b1600000, 0x00000000b1700000, 0x00000000b1700000|100%|HC|  |TAMS 0x00000000b1700000, 0x00000000b1700000| Complete 
| 791|0x00000000b1700000, 0x00000000b1800000, 0x00000000b1800000|100%|HS|  |TAMS 0x00000000b1800000, 0x00000000b1800000| Complete 
| 792|0x00000000b1800000, 0x00000000b1900000, 0x00000000b1900000|100%|HC|  |TAMS 0x00000000b1900000, 0x00000000b1900000| Complete 
| 793|0x00000000b1900000, 0x00000000b1a00000, 0x00000000b1a00000|100%|HC|  |TAMS 0x00000000b1a00000, 0x00000000b1a00000| Complete 
| 794|0x00000000b1a00000, 0x00000000b1b00000, 0x00000000b1b00000|100%|HC|  |TAMS 0x00000000b1b00000, 0x00000000b1b00000| Complete 
| 795|0x00000000b1b00000, 0x00000000b1c00000, 0x00000000b1c00000|100%|HC|  |TAMS 0x00000000b1c00000, 0x00000000b1c00000| Complete 
| 796|0x00000000b1c00000, 0x00000000b1d00000, 0x00000000b1d00000|100%|HC|  |TAMS 0x00000000b1d00000, 0x00000000b1d00000| Complete 
| 797|0x00000000b1d00000, 0x00000000b1e00000, 0x00000000b1e00000|100%|HC|  |TAMS 0x00000000b1e00000, 0x00000000b1e00000| Complete 
| 798|0x00000000b1e00000, 0x00000000b1f00000, 0x00000000b1f00000|100%|HC|  |TAMS 0x00000000b1f00000, 0x00000000b1f00000| Complete 
| 799|0x00000000b1f00000, 0x00000000b2000000, 0x00000000b2000000|100%|HC|  |TAMS 0x00000000b2000000, 0x00000000b2000000| Complete 
| 800|0x00000000b2000000, 0x00000000b2100000, 0x00000000b2100000|100%|HC|  |TAMS 0x00000000b2100000, 0x00000000b2100000| Complete 
| 801|0x00000000b2100000, 0x00000000b2200000, 0x00000000b2200000|100%|HC|  |TAMS 0x00000000b2200000, 0x00000000b2200000| Complete 
| 802|0x00000000b2200000, 0x00000000b2300000, 0x00000000b2300000|100%|HC|  |TAMS 0x00000000b2300000, 0x00000000b2300000| Complete 
| 803|0x00000000b2300000, 0x00000000b2400000, 0x00000000b2400000|100%|HC|  |TAMS 0x00000000b2400000, 0x00000000b2400000| Complete 
| 804|0x00000000b2400000, 0x00000000b2500000, 0x00000000b2500000|100%|HC|  |TAMS 0x00000000b2500000, 0x00000000b2500000| Complete 
| 805|0x00000000b2500000, 0x00000000b2600000, 0x00000000b2600000|100%|HC|  |TAMS 0x00000000b2600000, 0x00000000b2600000| Complete 
| 806|0x00000000b2600000, 0x00000000b2700000, 0x00000000b2700000|100%|HC|  |TAMS 0x00000000b2700000, 0x00000000b2700000| Complete 
| 807|0x00000000b2700000, 0x00000000b2800000, 0x00000000b2800000|100%|HS|  |TAMS 0x00000000b2800000, 0x00000000b2800000| Complete 
| 808|0x00000000b2800000, 0x00000000b2900000, 0x00000000b2900000|100%|HC|  |TAMS 0x00000000b2900000, 0x00000000b2900000| Complete 
| 809|0x00000000b2900000, 0x00000000b2a00000, 0x00000000b2a00000|100%|HC|  |TAMS 0x00000000b2a00000, 0x00000000b2a00000| Complete 
| 810|0x00000000b2a00000, 0x00000000b2b00000, 0x00000000b2b00000|100%|HC|  |TAMS 0x00000000b2b00000, 0x00000000b2b00000| Complete 
| 811|0x00000000b2b00000, 0x00000000b2c00000, 0x00000000b2c00000|100%|HC|  |TAMS 0x00000000b2c00000, 0x00000000b2c00000| Complete 
| 812|0x00000000b2c00000, 0x00000000b2d00000, 0x00000000b2d00000|100%|HC|  |TAMS 0x00000000b2d00000, 0x00000000b2d00000| Complete 
| 813|0x00000000b2d00000, 0x00000000b2e00000, 0x00000000b2e00000|100%|HC|  |TAMS 0x00000000b2e00000, 0x00000000b2e00000| Complete 
| 814|0x00000000b2e00000, 0x00000000b2f00000, 0x00000000b2f00000|100%|HC|  |TAMS 0x00000000b2f00000, 0x00000000b2f00000| Complete 
| 815|0x00000000b2f00000, 0x00000000b3000000, 0x00000000b3000000|100%|HC|  |TAMS 0x00000000b3000000, 0x00000000b3000000| Complete 
| 816|0x00000000b3000000, 0x00000000b3100000, 0x00000000b3100000|100%|HC|  |TAMS 0x00000000b3100000, 0x00000000b3100000| Complete 
| 817|0x00000000b3100000, 0x00000000b3200000, 0x00000000b3200000|100%|HC|  |TAMS 0x00000000b3200000, 0x00000000b3200000| Complete 
| 818|0x00000000b3200000, 0x00000000b3300000, 0x00000000b3300000|100%|HC|  |TAMS 0x00000000b3300000, 0x00000000b3300000| Complete 
| 819|0x00000000b3300000, 0x00000000b3400000, 0x00000000b3400000|100%|HC|  |TAMS 0x00000000b3400000, 0x00000000b3400000| Complete 
| 820|0x00000000b3400000, 0x00000000b3500000, 0x00000000b3500000|100%|HC|  |TAMS 0x00000000b3500000, 0x00000000b3500000| Complete 
| 821|0x00000000b3500000, 0x00000000b3600000, 0x00000000b3600000|100%|HC|  |TAMS 0x00000000b3600000, 0x00000000b3600000| Complete 
| 822|0x00000000b3600000, 0x00000000b3700000, 0x00000000b3700000|100%|HC|  |TAMS 0x00000000b3700000, 0x00000000b3700000| Complete 
| 823|0x00000000b3700000, 0x00000000b3800000, 0x00000000b3800000|100%|HC|  |TAMS 0x00000000b3800000, 0x00000000b3800000| Complete 
| 824|0x00000000b3800000, 0x00000000b3900000, 0x00000000b3900000|100%|HS|  |TAMS 0x00000000b3900000, 0x00000000b3900000| Complete 
| 825|0x00000000b3900000, 0x00000000b3a00000, 0x00000000b3a00000|100%|HC|  |TAMS 0x00000000b3a00000, 0x00000000b3a00000| Complete 
| 826|0x00000000b3a00000, 0x00000000b3b00000, 0x00000000b3b00000|100%|HC|  |TAMS 0x00000000b3b00000, 0x00000000b3b00000| Complete 
| 827|0x00000000b3b00000, 0x00000000b3c00000, 0x00000000b3c00000|100%|HC|  |TAMS 0x00000000b3c00000, 0x00000000b3c00000| Complete 
| 828|0x00000000b3c00000, 0x00000000b3d00000, 0x00000000b3d00000|100%|HC|  |TAMS 0x00000000b3d00000, 0x00000000b3d00000| Complete 
| 829|0x00000000b3d00000, 0x00000000b3e00000, 0x00000000b3e00000|100%|HC|  |TAMS 0x00000000b3e00000, 0x00000000b3e00000| Complete 
| 830|0x00000000b3e00000, 0x00000000b3f00000, 0x00000000b3f00000|100%|HC|  |TAMS 0x00000000b3f00000, 0x00000000b3f00000| Complete 
| 831|0x00000000b3f00000, 0x00000000b4000000, 0x00000000b4000000|100%|HC|  |TAMS 0x00000000b4000000, 0x00000000b4000000| Complete 
| 832|0x00000000b4000000, 0x00000000b4100000, 0x00000000b4100000|100%|HC|  |TAMS 0x00000000b4100000, 0x00000000b4100000| Complete 
| 833|0x00000000b4100000, 0x00000000b4200000, 0x00000000b4200000|100%|HC|  |TAMS 0x00000000b4200000, 0x00000000b4200000| Complete 
| 834|0x00000000b4200000, 0x00000000b4300000, 0x00000000b4300000|100%|HC|  |TAMS 0x00000000b4300000, 0x00000000b4300000| Complete 
| 835|0x00000000b4300000, 0x00000000b4400000, 0x00000000b4400000|100%|HC|  |TAMS 0x00000000b4400000, 0x00000000b4400000| Complete 
| 836|0x00000000b4400000, 0x00000000b4500000, 0x00000000b4500000|100%|HC|  |TAMS 0x00000000b4500000, 0x00000000b4500000| Complete 
| 837|0x00000000b4500000, 0x00000000b4600000, 0x00000000b4600000|100%|HC|  |TAMS 0x00000000b4600000, 0x00000000b4600000| Complete 
| 838|0x00000000b4600000, 0x00000000b4700000, 0x00000000b4700000|100%|HC|  |TAMS 0x00000000b4700000, 0x00000000b4700000| Complete 
| 839|0x00000000b4700000, 0x00000000b4800000, 0x00000000b4800000|100%|HC|  |TAMS 0x00000000b4800000, 0x00000000b4800000| Complete 
| 840|0x00000000b4800000, 0x00000000b4900000, 0x00000000b4900000|100%|HS|  |TAMS 0x00000000b4900000, 0x00000000b4900000| Complete 
| 841|0x00000000b4900000, 0x00000000b4a00000, 0x00000000b4a00000|100%|HC|  |TAMS 0x00000000b4a00000, 0x00000000b4a00000| Complete 
| 842|0x00000000b4a00000, 0x00000000b4b00000, 0x00000000b4b00000|100%|HC|  |TAMS 0x00000000b4b00000, 0x00000000b4b00000| Complete 
| 843|0x00000000b4b00000, 0x00000000b4c00000, 0x00000000b4c00000|100%|HC|  |TAMS 0x00000000b4c00000, 0x00000000b4c00000| Complete 
| 844|0x00000000b4c00000, 0x00000000b4d00000, 0x00000000b4d00000|100%|HC|  |TAMS 0x00000000b4d00000, 0x00000000b4d00000| Complete 
| 845|0x00000000b4d00000, 0x00000000b4e00000, 0x00000000b4e00000|100%|HC|  |TAMS 0x00000000b4e00000, 0x00000000b4e00000| Complete 
| 846|0x00000000b4e00000, 0x00000000b4f00000, 0x00000000b4f00000|100%|HC|  |TAMS 0x00000000b4f00000, 0x00000000b4f00000| Complete 
| 847|0x00000000b4f00000, 0x00000000b5000000, 0x00000000b5000000|100%|HC|  |TAMS 0x00000000b5000000, 0x00000000b5000000| Complete 
| 848|0x00000000b5000000, 0x00000000b5100000, 0x00000000b5100000|100%|HC|  |TAMS 0x00000000b5100000, 0x00000000b5100000| Complete 
| 849|0x00000000b5100000, 0x00000000b5200000, 0x00000000b5200000|100%|HC|  |TAMS 0x00000000b5200000, 0x00000000b5200000| Complete 
| 850|0x00000000b5200000, 0x00000000b5300000, 0x00000000b5300000|100%|HC|  |TAMS 0x00000000b5300000, 0x00000000b5300000| Complete 
| 851|0x00000000b5300000, 0x00000000b5400000, 0x00000000b5400000|100%|HC|  |TAMS 0x00000000b5400000, 0x00000000b5400000| Complete 
| 852|0x00000000b5400000, 0x00000000b5500000, 0x00000000b5500000|100%|HC|  |TAMS 0x00000000b5500000, 0x00000000b5500000| Complete 
| 853|0x00000000b5500000, 0x00000000b5600000, 0x00000000b5600000|100%|HC|  |TAMS 0x00000000b5600000, 0x00000000b5600000| Complete 
| 854|0x00000000b5600000, 0x00000000b5700000, 0x00000000b5700000|100%|HC|  |TAMS 0x00000000b5700000, 0x00000000b5700000| Complete 
| 855|0x00000000b5700000, 0x00000000b5800000, 0x00000000b5800000|100%|HC|  |TAMS 0x00000000b5800000, 0x00000000b5800000| Complete 
| 856|0x00000000b5800000, 0x00000000b5900000, 0x00000000b5900000|100%|HC|  |TAMS 0x00000000b5900000, 0x00000000b5900000| Complete 
| 857|0x00000000b5900000, 0x00000000b5a00000, 0x00000000b5a00000|100%|HS|  |TAMS 0x00000000b5a00000, 0x00000000b5a00000| Complete 
| 858|0x00000000b5a00000, 0x00000000b5b00000, 0x00000000b5b00000|100%|HC|  |TAMS 0x00000000b5b00000, 0x00000000b5b00000| Complete 
| 859|0x00000000b5b00000, 0x00000000b5c00000, 0x00000000b5c00000|100%|HC|  |TAMS 0x00000000b5c00000, 0x00000000b5c00000| Complete 
| 860|0x00000000b5c00000, 0x00000000b5d00000, 0x00000000b5d00000|100%|HC|  |TAMS 0x00000000b5d00000, 0x00000000b5d00000| Complete 
| 861|0x00000000b5d00000, 0x00000000b5e00000, 0x00000000b5e00000|100%|HC|  |TAMS 0x00000000b5e00000, 0x00000000b5e00000| Complete 
| 862|0x00000000b5e00000, 0x00000000b5f00000, 0x00000000b5f00000|100%|HC|  |TAMS 0x00000000b5f00000, 0x00000000b5f00000| Complete 
| 863|0x00000000b5f00000, 0x00000000b6000000, 0x00000000b6000000|100%|HC|  |TAMS 0x00000000b6000000, 0x00000000b6000000| Complete 
| 864|0x00000000b6000000, 0x00000000b6100000, 0x00000000b6100000|100%|HC|  |TAMS 0x00000000b6100000, 0x00000000b6100000| Complete 
| 865|0x00000000b6100000, 0x00000000b6200000, 0x00000000b6200000|100%|HC|  |TAMS 0x00000000b6200000, 0x00000000b6200000| Complete 
| 866|0x00000000b6200000, 0x00000000b6300000, 0x00000000b6300000|100%|HC|  |TAMS 0x00000000b6300000, 0x00000000b6300000| Complete 
| 867|0x00000000b6300000, 0x00000000b6400000, 0x00000000b6400000|100%|HC|  |TAMS 0x00000000b6400000, 0x00000000b6400000| Complete 
| 868|0x00000000b6400000, 0x00000000b6500000, 0x00000000b6500000|100%|HC|  |TAMS 0x00000000b6500000, 0x00000000b6500000| Complete 
| 869|0x00000000b6500000, 0x00000000b6600000, 0x00000000b6600000|100%|HC|  |TAMS 0x00000000b6600000, 0x00000000b6600000| Complete 
| 870|0x00000000b6600000, 0x00000000b6700000, 0x00000000b6700000|100%|HC|  |TAMS 0x00000000b6700000, 0x00000000b6700000| Complete 
| 871|0x00000000b6700000, 0x00000000b6800000, 0x00000000b6800000|100%|HC|  |TAMS 0x00000000b6800000, 0x00000000b6800000| Complete 
| 872|0x00000000b6800000, 0x00000000b6900000, 0x00000000b6900000|100%|HC|  |TAMS 0x00000000b6900000, 0x00000000b6900000| Complete 
| 873|0x00000000b6900000, 0x00000000b6900000, 0x00000000b6a00000|  0%| F|  |TAMS 0x00000000b6900000, 0x00000000b6900000| Untracked 
| 874|0x00000000b6a00000, 0x00000000b6a00000, 0x00000000b6b00000|  0%| F|  |TAMS 0x00000000b6a00000, 0x00000000b6a00000| Untracked 
| 875|0x00000000b6b00000, 0x00000000b6b00000, 0x00000000b6c00000|  0%| F|  |TAMS 0x00000000b6b00000, 0x00000000b6b00000| Untracked 
| 876|0x00000000b6c00000, 0x00000000b6c00000, 0x00000000b6d00000|  0%| F|  |TAMS 0x00000000b6c00000, 0x00000000b6c00000| Untracked 
| 877|0x00000000b6d00000, 0x00000000b6d00000, 0x00000000b6e00000|  0%| F|  |TAMS 0x00000000b6d00000, 0x00000000b6d00000| Untracked 
| 878|0x00000000b6e00000, 0x00000000b6e00000, 0x00000000b6f00000|  0%| F|  |TAMS 0x00000000b6e00000, 0x00000000b6e00000| Untracked 
| 879|0x00000000b6f00000, 0x00000000b6f00000, 0x00000000b7000000|  0%| F|  |TAMS 0x00000000b6f00000, 0x00000000b6f00000| Untracked 
| 880|0x00000000b7000000, 0x00000000b702b6a0, 0x00000000b7100000| 16%| S|CS|TAMS 0x00000000b7000000, 0x00000000b7000000| Complete 
| 881|0x00000000b7100000, 0x00000000b7200000, 0x00000000b7200000|100%|HS|  |TAMS 0x00000000b7100000, 0x00000000b7100000| Complete 
| 882|0x00000000b7200000, 0x00000000b7300000, 0x00000000b7300000|100%|HC|  |TAMS 0x00000000b7200000, 0x00000000b7200000| Complete 
| 883|0x00000000b7300000, 0x00000000b7400000, 0x00000000b7400000|100%|HC|  |TAMS 0x00000000b7300000, 0x00000000b7300000| Complete 
| 884|0x00000000b7400000, 0x00000000b7500000, 0x00000000b7500000|100%|HC|  |TAMS 0x00000000b7400000, 0x00000000b7400000| Complete 
| 885|0x00000000b7500000, 0x00000000b7600000, 0x00000000b7600000|100%|HC|  |TAMS 0x00000000b7500000, 0x00000000b7500000| Complete 
| 886|0x00000000b7600000, 0x00000000b7700000, 0x00000000b7700000|100%|HC|  |TAMS 0x00000000b7600000, 0x00000000b7600000| Complete 
| 887|0x00000000b7700000, 0x00000000b7800000, 0x00000000b7800000|100%|HC|  |TAMS 0x00000000b7700000, 0x00000000b7700000| Complete 
| 888|0x00000000b7800000, 0x00000000b7900000, 0x00000000b7900000|100%|HC|  |TAMS 0x00000000b7800000, 0x00000000b7800000| Complete 
| 889|0x00000000b7900000, 0x00000000b7a00000, 0x00000000b7a00000|100%|HC|  |TAMS 0x00000000b7900000, 0x00000000b7900000| Complete 
| 890|0x00000000b7a00000, 0x00000000b7b00000, 0x00000000b7b00000|100%|HC|  |TAMS 0x00000000b7a00000, 0x00000000b7a00000| Complete 
| 891|0x00000000b7b00000, 0x00000000b7c00000, 0x00000000b7c00000|100%|HC|  |TAMS 0x00000000b7b00000, 0x00000000b7b00000| Complete 
| 892|0x00000000b7c00000, 0x00000000b7d00000, 0x00000000b7d00000|100%|HC|  |TAMS 0x00000000b7c00000, 0x00000000b7c00000| Complete 
| 893|0x00000000b7d00000, 0x00000000b7e00000, 0x00000000b7e00000|100%|HC|  |TAMS 0x00000000b7d00000, 0x00000000b7d00000| Complete 
| 894|0x00000000b7e00000, 0x00000000b7f00000, 0x00000000b7f00000|100%|HC|  |TAMS 0x00000000b7e00000, 0x00000000b7e00000| Complete 
| 895|0x00000000b7f00000, 0x00000000b8000000, 0x00000000b8000000|100%|HC|  |TAMS 0x00000000b7f00000, 0x00000000b7f00000| Complete 
| 896|0x00000000b8000000, 0x00000000b8100000, 0x00000000b8100000|100%|HC|  |TAMS 0x00000000b8000000, 0x00000000b8000000| Complete 
| 897|0x00000000b8100000, 0x00000000b8200000, 0x00000000b8200000|100%| E|  |TAMS 0x00000000b8100000, 0x00000000b8100000| Complete 
| 898|0x00000000b8200000, 0x00000000b8300000, 0x00000000b8300000|100%| E|CS|TAMS 0x00000000b8200000, 0x00000000b8200000| Complete 
| 899|0x00000000b8300000, 0x00000000b8400000, 0x00000000b8400000|100%| E|CS|TAMS 0x00000000b8300000, 0x00000000b8300000| Complete 
| 900|0x00000000b8400000, 0x00000000b8500000, 0x00000000b8500000|100%| E|CS|TAMS 0x00000000b8400000, 0x00000000b8400000| Complete 
| 901|0x00000000b8500000, 0x00000000b8600000, 0x00000000b8600000|100%| E|CS|TAMS 0x00000000b8500000, 0x00000000b8500000| Complete 
| 902|0x00000000b8600000, 0x00000000b8700000, 0x00000000b8700000|100%| E|CS|TAMS 0x00000000b8600000, 0x00000000b8600000| Complete 
| 903|0x00000000b8700000, 0x00000000b8800000, 0x00000000b8800000|100%| E|CS|TAMS 0x00000000b8700000, 0x00000000b8700000| Complete 
| 904|0x00000000b8800000, 0x00000000b8900000, 0x00000000b8900000|100%| E|CS|TAMS 0x00000000b8800000, 0x00000000b8800000| Complete 
| 905|0x00000000b8900000, 0x00000000b8a00000, 0x00000000b8a00000|100%| E|CS|TAMS 0x00000000b8900000, 0x00000000b8900000| Complete 
| 906|0x00000000b8a00000, 0x00000000b8b00000, 0x00000000b8b00000|100%| E|CS|TAMS 0x00000000b8a00000, 0x00000000b8a00000| Complete 
| 907|0x00000000b8b00000, 0x00000000b8c00000, 0x00000000b8c00000|100%| E|CS|TAMS 0x00000000b8b00000, 0x00000000b8b00000| Complete 
| 908|0x00000000b8c00000, 0x00000000b8d00000, 0x00000000b8d00000|100%| E|CS|TAMS 0x00000000b8c00000, 0x00000000b8c00000| Complete 
| 909|0x00000000b8d00000, 0x00000000b8e00000, 0x00000000b8e00000|100%| E|CS|TAMS 0x00000000b8d00000, 0x00000000b8d00000| Complete 
| 910|0x00000000b8e00000, 0x00000000b8f00000, 0x00000000b8f00000|100%| E|CS|TAMS 0x00000000b8e00000, 0x00000000b8e00000| Complete 
| 911|0x00000000b8f00000, 0x00000000b9000000, 0x00000000b9000000|100%| E|CS|TAMS 0x00000000b8f00000, 0x00000000b8f00000| Complete 
| 912|0x00000000b9000000, 0x00000000b9100000, 0x00000000b9100000|100%| E|CS|TAMS 0x00000000b9000000, 0x00000000b9000000| Complete 
| 913|0x00000000b9100000, 0x00000000b9200000, 0x00000000b9200000|100%| E|CS|TAMS 0x00000000b9100000, 0x00000000b9100000| Complete 
| 914|0x00000000b9200000, 0x00000000b9300000, 0x00000000b9300000|100%| E|CS|TAMS 0x00000000b9200000, 0x00000000b9200000| Complete 
| 915|0x00000000b9300000, 0x00000000b9400000, 0x00000000b9400000|100%| E|CS|TAMS 0x00000000b9300000, 0x00000000b9300000| Complete 
| 916|0x00000000b9400000, 0x00000000b9500000, 0x00000000b9500000|100%| E|CS|TAMS 0x00000000b9400000, 0x00000000b9400000| Complete 
| 917|0x00000000b9500000, 0x00000000b9600000, 0x00000000b9600000|100%| E|CS|TAMS 0x00000000b9500000, 0x00000000b9500000| Complete 
| 918|0x00000000b9600000, 0x00000000b9700000, 0x00000000b9700000|100%| E|CS|TAMS 0x00000000b9600000, 0x00000000b9600000| Complete 
| 919|0x00000000b9700000, 0x00000000b9800000, 0x00000000b9800000|100%| E|CS|TAMS 0x00000000b9700000, 0x00000000b9700000| Complete 
| 920|0x00000000b9800000, 0x00000000b9900000, 0x00000000b9900000|100%| E|CS|TAMS 0x00000000b9800000, 0x00000000b9800000| Complete 
| 921|0x00000000b9900000, 0x00000000b9a00000, 0x00000000b9a00000|100%| E|CS|TAMS 0x00000000b9900000, 0x00000000b9900000| Complete 
| 922|0x00000000b9a00000, 0x00000000b9b00000, 0x00000000b9b00000|100%| O|  |TAMS 0x00000000b9b00000, 0x00000000b9b00000| Untracked 
| 923|0x00000000b9b00000, 0x00000000b9c00000, 0x00000000b9c00000|100%| E|CS|TAMS 0x00000000b9b00000, 0x00000000b9b00000| Complete 
| 924|0x00000000b9c00000, 0x00000000b9d00000, 0x00000000b9d00000|100%| E|CS|TAMS 0x00000000b9c00000, 0x00000000b9c00000| Complete 
| 925|0x00000000b9d00000, 0x00000000b9e00000, 0x00000000b9e00000|100%| E|CS|TAMS 0x00000000b9d00000, 0x00000000b9d00000| Complete 
| 926|0x00000000b9e00000, 0x00000000b9f00000, 0x00000000b9f00000|100%| E|CS|TAMS 0x00000000b9e00000, 0x00000000b9e00000| Complete 
| 927|0x00000000b9f00000, 0x00000000ba000000, 0x00000000ba000000|100%|HS|  |TAMS 0x00000000ba000000, 0x00000000ba000000| Complete 
| 928|0x00000000ba000000, 0x00000000ba100000, 0x00000000ba100000|100%|HC|  |TAMS 0x00000000ba100000, 0x00000000ba100000| Complete 
| 929|0x00000000ba100000, 0x00000000ba200000, 0x00000000ba200000|100%|HC|  |TAMS 0x00000000ba200000, 0x00000000ba200000| Complete 
| 930|0x00000000ba200000, 0x00000000ba300000, 0x00000000ba300000|100%|HC|  |TAMS 0x00000000ba300000, 0x00000000ba300000| Complete 
| 931|0x00000000ba300000, 0x00000000ba400000, 0x00000000ba400000|100%|HC|  |TAMS 0x00000000ba400000, 0x00000000ba400000| Complete 
| 932|0x00000000ba400000, 0x00000000ba500000, 0x00000000ba500000|100%|HC|  |TAMS 0x00000000ba500000, 0x00000000ba500000| Complete 
| 933|0x00000000ba500000, 0x00000000ba600000, 0x00000000ba600000|100%|HC|  |TAMS 0x00000000ba600000, 0x00000000ba600000| Complete 
| 934|0x00000000ba600000, 0x00000000ba700000, 0x00000000ba700000|100%|HC|  |TAMS 0x00000000ba700000, 0x00000000ba700000| Complete 
| 935|0x00000000ba700000, 0x00000000ba800000, 0x00000000ba800000|100%|HC|  |TAMS 0x00000000ba800000, 0x00000000ba800000| Complete 
| 936|0x00000000ba800000, 0x00000000ba900000, 0x00000000ba900000|100%|HC|  |TAMS 0x00000000ba900000, 0x00000000ba900000| Complete 
| 937|0x00000000ba900000, 0x00000000baa00000, 0x00000000baa00000|100%|HC|  |TAMS 0x00000000baa00000, 0x00000000baa00000| Complete 
| 938|0x00000000baa00000, 0x00000000bab00000, 0x00000000bab00000|100%|HC|  |TAMS 0x00000000bab00000, 0x00000000bab00000| Complete 
| 939|0x00000000bab00000, 0x00000000bac00000, 0x00000000bac00000|100%|HC|  |TAMS 0x00000000bac00000, 0x00000000bac00000| Complete 
| 940|0x00000000bac00000, 0x00000000bad00000, 0x00000000bad00000|100%|HC|  |TAMS 0x00000000bad00000, 0x00000000bad00000| Complete 
| 941|0x00000000bad00000, 0x00000000bae00000, 0x00000000bae00000|100%|HC|  |TAMS 0x00000000bae00000, 0x00000000bae00000| Complete 
| 942|0x00000000bae00000, 0x00000000baf00000, 0x00000000baf00000|100%|HC|  |TAMS 0x00000000baf00000, 0x00000000baf00000| Complete 

Card table byte_map: [0x00000210b04a0000,0x00000210b08a0000] _byte_map_base: 0x00000210b00a0000

Marking Bits (Prev, Next): (CMBitMap*) 0x0000021098934170, (CMBitMap*) 0x0000021098934138
 Prev Bits: [0x00000210b2ca0000, 0x00000210b4ca0000)
 Next Bits: [0x00000210b0ca0000, 0x00000210b2ca0000)

Polling page: 0x0000021096740000

Metaspace:

Usage:
  Non-class:    161.54 MB capacity,   153.80 MB ( 95%) used,     6.28 MB (  4%) free+waste,     1.46 MB ( <1%) overhead. 
      Class:     30.95 MB capacity,    25.06 MB ( 81%) used,     5.12 MB ( 17%) free+waste,   785.44 KB (  2%) overhead. 
       Both:    192.48 MB capacity,   178.85 MB ( 93%) used,    11.40 MB (  6%) free+waste,     2.23 MB (  1%) overhead. 

Virtual space:
  Non-class space:      164.00 MB reserved,     162.43 MB (>99%) committed 
      Class space:        1.00 GB reserved,      31.15 MB (  3%) committed 
             Both:        1.16 GB reserved,     193.58 MB ( 16%) committed 

Chunk freelists:
   Non-Class:  789.00 KB
       Class:  84.00 KB
        Both:  873.00 KB

MaxMetaspaceSize: 17179869184.00 GB
CompressedClassSpaceSize: 1.00 GB
Initial GC threshold: 20.80 MB
Current GC threshold: 322.64 MB
CDS: on

CodeHeap 'non-profiled nmethods': size=120064Kb used=25331Kb max_used=25331Kb free=94732Kb
 bounds [0x00000210a8b60000, 0x00000210aa420000, 0x00000210b00a0000]
CodeHeap 'profiled nmethods': size=120000Kb used=60122Kb max_used=60231Kb free=59877Kb
 bounds [0x00000210a1630000, 0x00000210a5140000, 0x00000210a8b60000]
CodeHeap 'non-nmethods': size=5696Kb used=1789Kb max_used=1890Kb free=3906Kb
 bounds [0x00000210a10a0000, 0x00000210a1310000, 0x00000210a1630000]
 total_blobs=29671 nmethods=28484 adapters=1094
 compilation: enabled
              stopped_count=0, restarted_count=0
 full_count=0

Compilation events (20 events):
Event: 207.274 Thread 0x00000210b7182000 36822       4       java.time.LocalDateTime::ofEpochSecond (77 bytes)
Event: 207.290 Thread 0x00000210b7182000 nmethod 36822 0x00000210aa3ecf90 code [0x00000210aa3ed180, 0x00000210aa3eda18]
Event: 207.290 Thread 0x00000210b7182000 36830   !   4       org.apache.spark.sql.catalyst.expressions.GeneratedClass$GeneratedIteratorForCodegenStage3::processNext (2973 bytes)
Event: 207.673 Thread 0x00000210b7182000 nmethod 36830 0x00000210aa3ee090 code [0x00000210aa3ee780, 0x00000210aa3f3e40]
Event: 207.674 Thread 0x00000210b7182000 36803       4       java.time.format.DateTimeParseContext::setParsedField (54 bytes)
Event: 207.681 Thread 0x00000210b7182000 nmethod 36803 0x00000210aa3fcb10 code [0x00000210aa3fcce0, 0x00000210aa3fd0c8]
Event: 207.681 Thread 0x00000210b7182000 36823       4       org.apache.spark.sql.catalyst.expressions.GeneratedClass$SpecificUnsafeProjection::writeFields_0_0$ (281 bytes)
Event: 207.827 Thread 0x00000210b7182000 nmethod 36823 0x00000210aa3fd510 code [0x00000210aa3fd980, 0x00000210aa400870]
Event: 207.828 Thread 0x00000210b7182000 36825       4       org.apache.spark.sql.catalyst.expressions.GeneratedClass$SpecificUnsafeProjection::apply (53 bytes)
Event: 208.098 Thread 0x00000210b7182000 nmethod 36825 0x00000210aa403390 code [0x00000210aa4039e0, 0x00000210aa407bc8]
Event: 208.098 Thread 0x00000210b7182000 36827       4       org.apache.spark.sql.catalyst.expressions.GeneratedClass$SpecificUnsafeProjection::writeFields_0_2$ (307 bytes)
Event: 208.171 Thread 0x00000210b7182000 nmethod 36827 0x00000210aa40c290 code [0x00000210aa40c640, 0x00000210aa40e230]
Event: 208.171 Thread 0x00000210b7182000 36824       4       org.apache.spark.sql.catalyst.expressions.GeneratedClass$SpecificUnsafeProjection::writeFields_0_4$ (141 bytes)
Event: 208.227 Thread 0x00000210b7182000 nmethod 36824 0x00000210aa410410 code [0x00000210aa410720, 0x00000210aa411d70]
Event: 208.227 Thread 0x00000210b7182000 36828       4       org.apache.spark.sql.catalyst.expressions.GeneratedClass$SpecificUnsafeProjection::writeFields_0_3$ (303 bytes)
Event: 208.319 Thread 0x00000210b7182000 nmethod 36828 0x00000210aa413490 code [0x00000210aa413860, 0x00000210aa415990]
Event: 208.320 Thread 0x00000210b7182000 36831       4       org.apache.spark.sql.catalyst.expressions.GeneratedClass$SpecificUnsafeProjection::apply (95 bytes)
Event: 208.326 Thread 0x00000210b7182000 nmethod 36831 0x00000210aa417d10 code [0x00000210aa417ec0, 0x00000210aa418098]
Event: 208.326 Thread 0x00000210b7182000 36829       4       org.apache.spark.sql.catalyst.expressions.GeneratedClass$SpecificUnsafeProjection::writeFields_0_1$ (301 bytes)
Event: 208.437 Thread 0x00000210b7182000 nmethod 36829 0x00000210aa418390 code [0x00000210aa418780, 0x00000210aa41a9b0]

GC Heap History (20 events):
Event: 207.717 GC heap before
{Heap before GC invocations=373 (full 0):
 garbage-first heap   total 965632K, used 878787K [0x0000000080000000, 0x0000000100000000)
  region size 1024K, 47 young (48128K), 3 survivors (3072K)
 Metaspace       used 183145K, capacity 197103K, committed 198228K, reserved 1216512K
  class space    used 25656K, capacity 31688K, committed 31896K, reserved 1048576K
}
Event: 207.720 GC heap after
{Heap after GC invocations=374 (full 0):
 garbage-first heap   total 965632K, used 833434K [0x0000000080000000, 0x0000000100000000)
  region size 1024K, 3 young (3072K), 3 survivors (3072K)
 Metaspace       used 183145K, capacity 197103K, committed 198228K, reserved 1216512K
  class space    used 25656K, capacity 31688K, committed 31896K, reserved 1048576K
}
Event: 207.728 GC heap before
{Heap before GC invocations=374 (full 0):
 garbage-first heap   total 965632K, used 839578K [0x0000000080000000, 0x0000000100000000)
  region size 1024K, 10 young (10240K), 3 survivors (3072K)
 Metaspace       used 183145K, capacity 197103K, committed 198228K, reserved 1216512K
  class space    used 25656K, capacity 31688K, committed 31896K, reserved 1048576K
}
Event: 207.733 GC heap after
{Heap after GC invocations=375 (full 0):
 garbage-first heap   total 965632K, used 833443K [0x0000000080000000, 0x0000000100000000)
  region size 1024K, 3 young (3072K), 3 survivors (3072K)
 Metaspace       used 183145K, capacity 197103K, committed 198228K, reserved 1216512K
  class space    used 25656K, capacity 31688K, committed 31896K, reserved 1048576K
}
Event: 207.817 GC heap before
{Heap before GC invocations=375 (full 0):
 garbage-first heap   total 965632K, used 881571K [0x0000000080000000, 0x0000000100000000)
  region size 1024K, 47 young (48128K), 3 survivors (3072K)
 Metaspace       used 183145K, capacity 197103K, committed 198228K, reserved 1216512K
  class space    used 25656K, capacity 31688K, committed 31896K, reserved 1048576K
}
Event: 207.820 GC heap after
{Heap after GC invocations=376 (full 0):
 garbage-first heap   total 965632K, used 835649K [0x0000000080000000, 0x0000000100000000)
  region size 1024K, 2 young (2048K), 2 survivors (2048K)
 Metaspace       used 183145K, capacity 197103K, committed 198228K, reserved 1216512K
  class space    used 25656K, capacity 31688K, committed 31896K, reserved 1048576K
}
Event: 207.904 GC heap before
{Heap before GC invocations=376 (full 0):
 garbage-first heap   total 965632K, used 881729K [0x0000000080000000, 0x0000000100000000)
  region size 1024K, 47 young (48128K), 2 survivors (2048K)
 Metaspace       used 183145K, capacity 197103K, committed 198228K, reserved 1216512K
  class space    used 25656K, capacity 31688K, committed 31896K, reserved 1048576K
}
Event: 207.907 GC heap after
{Heap after GC invocations=377 (full 0):
 garbage-first heap   total 965632K, used 835625K [0x0000000080000000, 0x0000000100000000)
  region size 1024K, 2 young (2048K), 2 survivors (2048K)
 Metaspace       used 183145K, capacity 197103K, committed 198228K, reserved 1216512K
  class space    used 25656K, capacity 31688K, committed 31896K, reserved 1048576K
}
Event: 207.994 GC heap before
{Heap before GC invocations=377 (full 0):
 garbage-first heap   total 965632K, used 881705K [0x0000000080000000, 0x0000000100000000)
  region size 1024K, 47 young (48128K), 2 survivors (2048K)
 Metaspace       used 183145K, capacity 197103K, committed 198228K, reserved 1216512K
  class space    used 25656K, capacity 31688K, committed 31896K, reserved 1048576K
}
Event: 207.997 GC heap after
{Heap after GC invocations=378 (full 0):
 garbage-first heap   total 965632K, used 835632K [0x0000000080000000, 0x0000000100000000)
  region size 1024K, 2 young (2048K), 2 survivors (2048K)
 Metaspace       used 183145K, capacity 197103K, committed 198228K, reserved 1216512K
  class space    used 25656K, capacity 31688K, committed 31896K, reserved 1048576K
}
Event: 208.114 GC heap before
{Heap before GC invocations=378 (full 0):
 garbage-first heap   total 965632K, used 881712K [0x0000000080000000, 0x0000000100000000)
  region size 1024K, 47 young (48128K), 2 survivors (2048K)
 Metaspace       used 183145K, capacity 197103K, committed 198228K, reserved 1216512K
  class space    used 25656K, capacity 31688K, committed 31896K, reserved 1048576K
}
Event: 208.117 GC heap after
{Heap after GC invocations=379 (full 0):
 garbage-first heap   total 965632K, used 835631K [0x0000000080000000, 0x0000000100000000)
  region size 1024K, 2 young (2048K), 2 survivors (2048K)
 Metaspace       used 183145K, capacity 197103K, committed 198228K, reserved 1216512K
  class space    used 25656K, capacity 31688K, committed 31896K, reserved 1048576K
}
Event: 208.190 GC heap before
{Heap before GC invocations=379 (full 0):
 garbage-first heap   total 965632K, used 880687K [0x0000000080000000, 0x0000000100000000)
  region size 1024K, 47 young (48128K), 2 survivors (2048K)
 Metaspace       used 183145K, capacity 197103K, committed 198228K, reserved 1216512K
  class space    used 25656K, capacity 31688K, committed 31896K, reserved 1048576K
}
Event: 208.193 GC heap after
{Heap after GC invocations=380 (full 0):
 garbage-first heap   total 965632K, used 834583K [0x0000000080000000, 0x0000000100000000)
  region size 1024K, 2 young (2048K), 2 survivors (2048K)
 Metaspace       used 183145K, capacity 197103K, committed 198228K, reserved 1216512K
  class space    used 25656K, capacity 31688K, committed 31896K, reserved 1048576K
}
Event: 208.287 GC heap before
{Heap before GC invocations=380 (full 0):
 garbage-first heap   total 965632K, used 880663K [0x0000000080000000, 0x0000000100000000)
  region size 1024K, 47 young (48128K), 2 survivors (2048K)
 Metaspace       used 183145K, capacity 197103K, committed 198228K, reserved 1216512K
  class space    used 25656K, capacity 31688K, committed 31896K, reserved 1048576K
}
Event: 208.289 GC heap after
{Heap after GC invocations=381 (full 0):
 garbage-first heap   total 965632K, used 831542K [0x0000000080000000, 0x0000000100000000)
  region size 1024K, 2 young (2048K), 2 survivors (2048K)
 Metaspace       used 183145K, capacity 197103K, committed 198228K, reserved 1216512K
  class space    used 25656K, capacity 31688K, committed 31896K, reserved 1048576K
}
Event: 208.335 GC heap before
{Heap before GC invocations=382 (full 0):
 garbage-first heap   total 965632K, used 877622K [0x0000000080000000, 0x0000000100000000)
  region size 1024K, 47 young (48128K), 2 survivors (2048K)
 Metaspace       used 183145K, capacity 197103K, committed 198228K, reserved 1216512K
  class space    used 25656K, capacity 31688K, committed 31896K, reserved 1048576K
}
Event: 208.338 GC heap after
{Heap after GC invocations=383 (full 0):
 garbage-first heap   total 965632K, used 831551K [0x0000000080000000, 0x0000000100000000)
  region size 1024K, 2 young (2048K), 2 survivors (2048K)
 Metaspace       used 183145K, capacity 197103K, committed 198228K, reserved 1216512K
  class space    used 25656K, capacity 31688K, committed 31896K, reserved 1048576K
}
Event: 208.373 GC heap before
{Heap before GC invocations=383 (full 0):
 garbage-first heap   total 965632K, used 876607K [0x0000000080000000, 0x0000000100000000)
  region size 1024K, 47 young (48128K), 2 survivors (2048K)
 Metaspace       used 183145K, capacity 197103K, committed 198228K, reserved 1216512K
  class space    used 25656K, capacity 31688K, committed 31896K, reserved 1048576K
}
Event: 208.378 GC heap after
{Heap after GC invocations=384 (full 0):
 garbage-first heap   total 965632K, used 831546K [0x0000000080000000, 0x0000000100000000)
  region size 1024K, 1 young (1024K), 1 survivors (1024K)
 Metaspace       used 183145K, capacity 197103K, committed 198228K, reserved 1216512K
  class space    used 25656K, capacity 31688K, committed 31896K, reserved 1048576K
}

Deoptimization events (20 events):
Event: 206.791 Thread 0x00000210bded4800 Uncommon trap: trap_request=0xffffff4d fr.pc=0x00000210a9664298 relative=0x0000000000000938
Event: 206.791 Thread 0x00000210bded4800 Uncommon trap: reason=unstable_if action=reinterpret pc=0x00000210a9664298 method=org.apache.spark.sql.catalyst.expressions.GeneratedClass$SpecificOrdering.compare(Lorg/apache/spark/sql/catalyst/InternalRow;Lorg/apache/spark/sql/catalyst/InternalRow;)I @ 
Event: 206.791 Thread 0x00000210bded4800 DEOPT PACKING pc=0x00000210a9664298 sp=0x00000093e34fd830
Event: 206.791 Thread 0x00000210bded4800 DEOPT UNPACKING pc=0x00000210a10ea1af sp=0x00000093e34fd768 mode 2
Event: 207.003 Thread 0x00000210bded4800 Uncommon trap: trap_request=0xffffffc6 fr.pc=0x00000210aa3c7f28 relative=0x00000000000017c8
Event: 207.003 Thread 0x00000210bded4800 Uncommon trap: reason=bimorphic_or_optimized_type_check action=maybe_recompile pc=0x00000210aa3c7f28 method=org.apache.spark.sql.execution.window.WindowExec$$anon$1.next()Lorg/apache/spark/sql/catalyst/InternalRow; @ 120 c2
Event: 207.003 Thread 0x00000210bded4800 DEOPT PACKING pc=0x00000210aa3c7f28 sp=0x00000093e34fe3f0
Event: 207.003 Thread 0x00000210bded4800 DEOPT UNPACKING pc=0x00000210a10ea1af sp=0x00000093e34fe3f0 mode 2
Event: 207.004 Thread 0x00000210bded4800 Uncommon trap: trap_request=0xffffffc6 fr.pc=0x00000210aa3c7f28 relative=0x00000000000017c8
Event: 207.004 Thread 0x00000210bded4800 Uncommon trap: reason=bimorphic_or_optimized_type_check action=maybe_recompile pc=0x00000210aa3c7f28 method=org.apache.spark.sql.execution.window.WindowExec$$anon$1.next()Lorg/apache/spark/sql/catalyst/InternalRow; @ 120 c2
Event: 207.004 Thread 0x00000210bded4800 DEOPT PACKING pc=0x00000210aa3c7f28 sp=0x00000093e34fe3f0
Event: 207.004 Thread 0x00000210bded4800 DEOPT UNPACKING pc=0x00000210a10ea1af sp=0x00000093e34fe3f0 mode 2
Event: 207.004 Thread 0x00000210bded4800 Uncommon trap: trap_request=0xffffffc6 fr.pc=0x00000210aa3c7f28 relative=0x00000000000017c8
Event: 207.004 Thread 0x00000210bded4800 Uncommon trap: reason=bimorphic_or_optimized_type_check action=maybe_recompile pc=0x00000210aa3c7f28 method=org.apache.spark.sql.execution.window.WindowExec$$anon$1.next()Lorg/apache/spark/sql/catalyst/InternalRow; @ 120 c2
Event: 207.004 Thread 0x00000210bded4800 DEOPT PACKING pc=0x00000210aa3c7f28 sp=0x00000093e34fe3f0
Event: 207.004 Thread 0x00000210bded4800 DEOPT UNPACKING pc=0x00000210a10ea1af sp=0x00000093e34fe3f0 mode 2
Event: 207.004 Thread 0x00000210bded4800 Uncommon trap: trap_request=0xffffffc6 fr.pc=0x00000210aa3c7f28 relative=0x00000000000017c8
Event: 207.004 Thread 0x00000210bded4800 Uncommon trap: reason=bimorphic_or_optimized_type_check action=maybe_recompile pc=0x00000210aa3c7f28 method=org.apache.spark.sql.execution.window.WindowExec$$anon$1.next()Lorg/apache/spark/sql/catalyst/InternalRow; @ 120 c2
Event: 207.004 Thread 0x00000210bded4800 DEOPT PACKING pc=0x00000210aa3c7f28 sp=0x00000093e34fe3f0
Event: 207.004 Thread 0x00000210bded4800 DEOPT UNPACKING pc=0x00000210a10ea1af sp=0x00000093e34fe3f0 mode 2

Classes redefined (0 events):
No events

Internal exceptions (20 events):
Event: 185.554 Thread 0x00000210bbe5c000 Exception <a 'org/apache/hadoop/io/nativeio/NativeIOException'{0x00000000af8c6c88}> (0x00000000af8c6c88) thrown at [s\src\hotspot\share\prims\jni.cpp, line 617]
Event: 185.759 Thread 0x00000210c4b2f800 Exception <a 'org/apache/hadoop/io/nativeio/NativeIOException'{0x00000000b8483a88}> (0x00000000b8483a88) thrown at [s\src\hotspot\share\prims\jni.cpp, line 617]
Event: 185.783 Thread 0x00000210c4b2f800 Exception <a 'org/apache/hadoop/io/nativeio/NativeIOException'{0x00000000b848a150}> (0x00000000b848a150) thrown at [s\src\hotspot\share\prims\jni.cpp, line 617]
Event: 185.839 Thread 0x00000210bbe5e800 Exception <a 'org/apache/hadoop/io/nativeio/NativeIOException'{0x00000000b63298c8}> (0x00000000b63298c8) thrown at [s\src\hotspot\share\prims\jni.cpp, line 617]
Event: 185.841 Thread 0x00000210bbe5e800 Exception <a 'org/apache/hadoop/io/nativeio/NativeIOException'{0x00000000b632ff90}> (0x00000000b632ff90) thrown at [s\src\hotspot\share\prims\jni.cpp, line 617]
Event: 185.890 Thread 0x00000210c4b2d800 Exception <a 'org/apache/hadoop/io/nativeio/NativeIOException'{0x00000000b502b1d8}> (0x00000000b502b1d8) thrown at [s\src\hotspot\share\prims\jni.cpp, line 617]
Event: 185.894 Thread 0x00000210c4b2d800 Exception <a 'org/apache/hadoop/io/nativeio/NativeIOException'{0x00000000b50318a0}> (0x00000000b50318a0) thrown at [s\src\hotspot\share\prims\jni.cpp, line 617]
Event: 185.989 Thread 0x00000210bbe5c000 Exception <a 'org/apache/hadoop/io/nativeio/NativeIOException'{0x00000000b3b7d558}> (0x00000000b3b7d558) thrown at [s\src\hotspot\share\prims\jni.cpp, line 617]
Event: 185.992 Thread 0x00000210bbe5c000 Exception <a 'org/apache/hadoop/io/nativeio/NativeIOException'{0x00000000b3b83e78}> (0x00000000b3b83e78) thrown at [s\src\hotspot\share\prims\jni.cpp, line 617]
Event: 185.998 Thread 0x00000210bbe5c000 Implicit null exception at 0x00000210a9722fe3 to 0x00000210a9723674
Event: 186.040 Thread 0x00000210bbe5c000 Implicit null exception at 0x00000210a92b0d78 to 0x00000210a92b110c
Event: 186.447 Thread 0x00000210b8e47000 Exception <a 'java/lang/NoSuchMethodError'{0x00000000ad32c328}: <clinit>> (0x00000000ad32c328) thrown at [s\src\hotspot\share\prims\jni.cpp, line 1372]
Event: 186.449 Thread 0x00000210b8e47000 Exception <a 'java/lang/NoSuchMethodError'{0x00000000ad33b3e8}: <clinit>> (0x00000000ad33b3e8) thrown at [s\src\hotspot\share\prims\jni.cpp, line 1372]
Event: 186.455 Thread 0x00000210b8e47000 Exception <a 'java/lang/NoSuchMethodError'{0x00000000ad3890a8}: <clinit>> (0x00000000ad3890a8) thrown at [s\src\hotspot\share\prims\jni.cpp, line 1372]
Event: 186.457 Thread 0x00000210b8e47000 Exception <a 'java/lang/NoSuchMethodError'{0x00000000ad3acc38}: <clinit>> (0x00000000ad3acc38) thrown at [s\src\hotspot\share\prims\jni.cpp, line 1372]
Event: 186.476 Thread 0x00000210b8e47000 Exception <a 'java/lang/NoSuchMethodError'{0x00000000ad3db620}: <clinit>> (0x00000000ad3db620) thrown at [s\src\hotspot\share\prims\jni.cpp, line 1372]
Event: 186.626 Thread 0x00000210b8e47000 Exception <a 'org/apache/hadoop/io/nativeio/NativeIOException'{0x00000000ac90fed8}> (0x00000000ac90fed8) thrown at [s\src\hotspot\share\prims\jni.cpp, line 617]
Event: 186.628 Thread 0x00000210b8e47000 Exception <a 'org/apache/hadoop/io/nativeio/NativeIOException'{0x00000000ac918b40}> (0x00000000ac918b40) thrown at [s\src\hotspot\share\prims\jni.cpp, line 617]
Event: 187.286 Thread 0x00000210b8e47000 Exception <a 'java/lang/reflect/InvocationTargetException'{0x00000000ac429248}> (0x00000000ac429248) thrown at [s\src\hotspot\share\runtime\reflection.cpp, line 1245]
Event: 199.425 Thread 0x00000210b8e47000 Implicit null exception at 0x00000210a96ebc14 to 0x00000210a96ebf28

Events (20 events):
Event: 207.907 Executing VM operation: G1CollectForAllocation done
Event: 207.994 Executing VM operation: G1CollectForAllocation
Event: 207.997 Executing VM operation: G1CollectForAllocation done
Event: 208.051 Executing VM operation: CGC_Operation
Event: 208.085 Executing VM operation: CGC_Operation done
Event: 208.113 Executing VM operation: G1CollectForAllocation
Event: 208.117 Executing VM operation: G1CollectForAllocation done
Event: 208.189 Executing VM operation: G1CollectForAllocation
Event: 208.193 Executing VM operation: G1CollectForAllocation done
Event: 208.285 Executing VM operation: G1CollectForAllocation
Event: 208.290 Executing VM operation: G1CollectForAllocation done
Event: 208.291 Executing VM operation: CGC_Operation
Event: 208.292 Executing VM operation: CGC_Operation done
Event: 208.295 Thread 0x00000210c4b30000 Thread exited: 0x00000210c4b30000
Event: 208.334 Executing VM operation: G1CollectForAllocation
Event: 208.338 Executing VM operation: G1CollectForAllocation done
Event: 208.350 Thread 0x00000210bdd67000 Thread exited: 0x00000210bdd67000
Event: 208.369 Executing VM operation: G1CollectForAllocation
Event: 208.378 Executing VM operation: G1CollectForAllocation done
Event: 208.440 Thread 0x00000210c4fd6800 Thread exited: 0x00000210c4fd6800


Dynamic libraries:
0x00007ff6bc0d0000 - 0x00007ff6bc0de000 	C:\Program Files\Microsoft\jdk-11.0.30.7-hotspot\bin\java.exe
0x00007ffc44af0000 - 0x00007ffc44ce8000 	C:\Windows\SYSTEM32\ntdll.dll
0x00007ffc449e0000 - 0x00007ffc44aa2000 	C:\Windows\System32\KERNEL32.DLL
0x00007ffc42700000 - 0x00007ffc429f6000 	C:\Windows\System32\KERNELBASE.dll
0x00007ffc42180000 - 0x00007ffc42280000 	C:\Windows\System32\ucrtbase.dll
0x00007ffc255e0000 - 0x00007ffc255f8000 	C:\Program Files\Microsoft\jdk-11.0.30.7-hotspot\bin\jli.dll
0x00007ffc25420000 - 0x00007ffc2543e000 	C:\Program Files\Microsoft\jdk-11.0.30.7-hotspot\bin\VCRUNTIME140.dll
0x00007ffc44450000 - 0x00007ffc445f1000 	C:\Windows\System32\USER32.dll
0x00007ffc426d0000 - 0x00007ffc426f2000 	C:\Windows\System32\win32u.dll
0x00007ffc43350000 - 0x00007ffc4337b000 	C:\Windows\System32\GDI32.dll
0x00007ffc2ca20000 - 0x00007ffc2ccbb000 	C:\Windows\WinSxS\amd64_microsoft.windows.common-controls_6595b64144ccf1df_6.0.19041.6456_none_60b8a6cb71f64256\COMCTL32.dll
0x00007ffc42360000 - 0x00007ffc42479000 	C:\Windows\System32\gdi32full.dll
0x00007ffc425e0000 - 0x00007ffc4267d000 	C:\Windows\System32\msvcp_win.dll
0x00007ffc43bc0000 - 0x00007ffc43c5e000 	C:\Windows\System32\msvcrt.dll
0x00007ffc43460000 - 0x00007ffc4348f000 	C:\Windows\System32\IMM32.DLL
0x00007ffc255d0000 - 0x00007ffc255dc000 	C:\Program Files\Microsoft\jdk-11.0.30.7-hotspot\bin\vcruntime140_1.dll
0x00007ffc0bd90000 - 0x00007ffc0be1d000 	C:\Program Files\Microsoft\jdk-11.0.30.7-hotspot\bin\msvcp140.dll
0x00007ffb640f0000 - 0x00007ffb64cc6000 	C:\Program Files\Microsoft\jdk-11.0.30.7-hotspot\bin\server\jvm.dll
0x00007ffc43290000 - 0x00007ffc43341000 	C:\Windows\System32\ADVAPI32.dll
0x00007ffc43d80000 - 0x00007ffc43e1f000 	C:\Windows\System32\sechost.dll
0x00007ffc43970000 - 0x00007ffc43a90000 	C:\Windows\System32\RPCRT4.dll
0x00007ffc42330000 - 0x00007ffc42357000 	C:\Windows\System32\bcrypt.dll
0x00007ffc43860000 - 0x00007ffc438cb000 	C:\Windows\System32\WS2_32.dll
0x00007ffc2daf0000 - 0x00007ffc2db17000 	C:\Windows\SYSTEM32\WINMM.dll
0x00007ffc39de0000 - 0x00007ffc39dea000 	C:\Windows\SYSTEM32\VERSION.dll
0x00007ffc409c0000 - 0x00007ffc409d2000 	C:\Windows\SYSTEM32\kernel.appcore.dll
0x00007ffc25410000 - 0x00007ffc25420000 	C:\Program Files\Microsoft\jdk-11.0.30.7-hotspot\bin\verify.dll
0x00007ffc40640000 - 0x00007ffc40841000 	C:\Windows\SYSTEM32\DBGHELP.DLL
0x00007ffc326c0000 - 0x00007ffc326f4000 	C:\Windows\SYSTEM32\dbgcore.DLL
0x00007ffc42a00000 - 0x00007ffc42a82000 	C:\Windows\System32\bcryptPrimitives.dll
0x00007ffc17360000 - 0x00007ffc1738a000 	C:\Program Files\Microsoft\jdk-11.0.30.7-hotspot\bin\java.dll
0x00007ffc1f3e0000 - 0x00007ffc1f3ea000 	C:\Program Files\Microsoft\jdk-11.0.30.7-hotspot\bin\jimage.dll
0x00007ffc1d570000 - 0x00007ffc1d588000 	C:\Program Files\Microsoft\jdk-11.0.30.7-hotspot\bin\zip.dll
0x00007ffc42b10000 - 0x00007ffc43280000 	C:\Windows\System32\SHELL32.dll
0x00007ffc3fdc0000 - 0x00007ffc40565000 	C:\Windows\SYSTEM32\windows.storage.dll
0x00007ffc43490000 - 0x00007ffc437e4000 	C:\Windows\System32\combase.dll
0x00007ffc41ad0000 - 0x00007ffc41afb000 	C:\Windows\SYSTEM32\Wldp.dll
0x00007ffc43af0000 - 0x00007ffc43bbd000 	C:\Windows\System32\OLEAUT32.dll
0x00007ffc442f0000 - 0x00007ffc4439d000 	C:\Windows\System32\SHCORE.dll
0x00007ffc43800000 - 0x00007ffc4385b000 	C:\Windows\System32\shlwapi.dll
0x00007ffc420b0000 - 0x00007ffc420d4000 	C:\Windows\SYSTEM32\profapi.dll
0x00007ffc1d0b0000 - 0x00007ffc1d0cb000 	C:\Program Files\Microsoft\jdk-11.0.30.7-hotspot\bin\net.dll
0x00007ffc314e0000 - 0x00007ffc315ea000 	C:\Windows\SYSTEM32\WINHTTP.dll
0x00007ffc41830000 - 0x00007ffc4189a000 	C:\Windows\system32\mswsock.dll
0x00007ffc18560000 - 0x00007ffc18573000 	C:\Program Files\Microsoft\jdk-11.0.30.7-hotspot\bin\nio.dll
0x00007ffc1d540000 - 0x00007ffc1d54a000 	C:\Program Files\Microsoft\jdk-11.0.30.7-hotspot\bin\management.dll
0x00007ffc1d4f0000 - 0x00007ffc1d4fc000 	C:\Program Files\Microsoft\jdk-11.0.30.7-hotspot\bin\management_ext.dll
0x00007ffc437f0000 - 0x00007ffc437f8000 	C:\Windows\System32\PSAPI.DLL
0x00007ffc39ad0000 - 0x00007ffc39ae7000 	C:\Windows\system32\napinsp.dll
0x00007ffc32710000 - 0x00007ffc3272b000 	C:\Windows\system32\pnrpnsp.dll
0x00007ffc3c5b0000 - 0x00007ffc3c5cd000 	C:\Windows\system32\wshbth.dll
0x00007ffc39910000 - 0x00007ffc3992d000 	C:\Windows\system32\NLAapi.dll
0x00007ffc41510000 - 0x00007ffc4154b000 	C:\Windows\SYSTEM32\IPHLPAPI.DLL
0x00007ffc41550000 - 0x00007ffc4161a000 	C:\Windows\SYSTEM32\DNSAPI.dll
0x00007ffc43280000 - 0x00007ffc43288000 	C:\Windows\System32\NSI.dll
0x00007ffc30eb0000 - 0x00007ffc30ec2000 	C:\Windows\System32\winrnr.dll
0x0000000054090000 - 0x00000000540b6000 	C:\Program Files\Bonjour\mdnsNSP.dll
0x00007ffc2f170000 - 0x00007ffc2f17a000 	C:\Windows\System32\rasadhlp.dll
0x00007ffc2d4e0000 - 0x00007ffc2d560000 	C:\Windows\System32\fwpuclnt.dll
0x00007ffc41a20000 - 0x00007ffc41a38000 	C:\Windows\SYSTEM32\CRYPTSP.dll
0x00007ffc41150000 - 0x00007ffc41188000 	C:\Windows\system32\rsaenh.dll
0x00007ffc42070000 - 0x00007ffc4209e000 	C:\Windows\SYSTEM32\USERENV.dll
0x00007ffc41a40000 - 0x00007ffc41a4c000 	C:\Windows\SYSTEM32\CRYPTBASE.dll
0x00007ffc31d50000 - 0x00007ffc31d67000 	C:\Windows\SYSTEM32\dhcpcsvc6.DLL
0x00007ffc32230000 - 0x00007ffc3224d000 	C:\Windows\SYSTEM32\dhcpcsvc.DLL
0x00007ffc17eb0000 - 0x00007ffc17ec7000 	C:\hadoop\bin\hadoop.dll
0x00007ffc40e70000 - 0x00007ffc40ebf000 	C:\Windows\SYSTEM32\AUTHZ.dll
0x00007ffc2be20000 - 0x00007ffc2be39000 	C:\Windows\SYSTEM32\NETAPI32.dll
0x00007ffc2bd10000 - 0x00007ffc2bd29000 	C:\Windows\SYSTEM32\SAMCLI.DLL
0x00007ffc41620000 - 0x00007ffc4162c000 	C:\Windows\SYSTEM32\NETUTILS.DLL
0x00007ffc1d170000 - 0x00007ffc1d179000 	C:\Program Files\Microsoft\jdk-11.0.30.7-hotspot\bin\jaas.dll
0x00007ffc413a0000 - 0x00007ffc413d3000 	C:\Windows\SYSTEM32\ntmarta.dll
0x0000000066f40000 - 0x0000000066fc4000 	C:\Users\koffi\AppData\Local\Temp\liblz4-java-3721329332776412551.so
0x0000000070fc0000 - 0x000000007108d000 	C:\Users\koffi\AppData\Local\Temp\snappy-1.1.10-93f8d4b2-ecdf-49d6-9a67-cd75d6a5696b-snappyjava.dll

dbghelp: loaded successfully - version: 4.0.5 - missing functions: none
symbol engine: initialized successfully - sym options: 0x614 - pdb path: .;C:\Program Files\Microsoft\jdk-11.0.30.7-hotspot\bin;C:\Windows\SYSTEM32;C:\Windows\WinSxS\amd64_microsoft.windows.common-controls_6595b64144ccf1df_6.0.19041.6456_none_60b8a6cb71f64256;C:\Program Files\Microsoft\jdk-11.0.30.7-hotspot\bin\server;C:\Program Files\Bonjour;C:\hadoop\bin;C:\Users\koffi\AppData\Local\Temp

VM Arguments:
jvm_args: -Xmx2g -Djava.library.path=C:/hadoop/bin -Dhadoop.home.dir=C:/hadoop -XX:+IgnoreUnrecognizedVMOptions --add-opens=java.base/java.lang=ALL-UNNAMED --add-opens=java.base/java.lang.invoke=ALL-UNNAMED --add-opens=java.base/java.lang.reflect=ALL-UNNAMED --add-opens=java.base/java.io=ALL-UNNAMED --add-opens=java.base/java.net=ALL-UNNAMED --add-opens=java.base/java.nio=ALL-UNNAMED --add-opens=java.base/java.util=ALL-UNNAMED --add-opens=java.base/java.util.concurrent=ALL-UNNAMED --add-opens=java.base/java.util.concurrent.atomic=ALL-UNNAMED --add-opens=java.base/jdk.internal.ref=ALL-UNNAMED --add-opens=java.base/sun.nio.ch=ALL-UNNAMED --add-opens=java.base/sun.nio.cs=ALL-UNNAMED --add-opens=java.base/sun.security.action=ALL-UNNAMED --add-opens=java.base/sun.util.calendar=ALL-UNNAMED --add-opens=java.security.jgss/sun.security.krb5=ALL-UNNAMED -Djdk.reflect.useDirectMethodHandle=false 
java_command: org.apache.spark.deploy.SparkSubmit --conf spark.executor.memory=1g --conf spark.master=local[*] --conf spark.driver.memory=2g --conf spark.jars.packages=io.delta:delta-spark_2.12:3.1.0 --conf spark.sql.catalog.spark_catalog=org.apache.spark.sql.delta.catalog.DeltaCatalog --conf spark.app.name=axa-claims-lakehouse --conf spark.memory.storageFraction=0.3 --conf spark.executor.cores=2 --conf spark.sql.shuffle.partitions=4 --conf spark.hadoop.io.native.lib.available=false --conf spark.sql.extensions=io.delta.sql.DeltaSparkSessionExtension --conf spark.kryo.registrationRequired=false --conf spark.default.parallelism=4 --conf spark.databricks.delta.optimizeWrite.enabled=true --conf spark.sql.adaptive.enabled=true --conf spark.sql.autoBroadcastJoinThreshold=10m --conf spark.sql.adaptive.coalescePartitions.enabled=true --conf spark.serializer=org.apache.spark.serializer.KryoSerializer --conf spark.memory.fraction=0.6 --conf spark.executor.extraJavaOptions=-Djava.library.path=C:/hadoop/bin -Dhadoop.home.dir=C:/hadoop --conf spark.databricks.delta.schema.autoMerge.enabled=true --conf spark.sql.adaptive.skewJoin.enabled=true --conf spark.driver.extraJavaOptions=-Djava.library.path=C:/hadoop/bin -Dhadoop.home.dir=C:/hadoop pyspark-shell
java_class_path (initial): C:\Users\koffi\anaconda3\Lib\site-packages\pyspark\bin\..\conf;C:\Users\koffi\anaconda3\Lib\site-packages\pyspark\bin\..\jars\activation-1.1.1.jar;C:\Users\koffi\anaconda3\Lib\site-packages\pyspark\bin\..\jars\aircompressor-0.26.jar;C:\Users\koffi\anaconda3\Lib\site-packages\pyspark\bin\..\jars\algebra_2.12-2.0.1.jar;C:\Users\koffi\anaconda3\Lib\site-packages\pyspark\bin\..\jars\annotations-17.0.0.jar;C:\Users\koffi\anaconda3\Lib\site-packages\pyspark\bin\..\jars\antlr-runtime-3.5.2.jar;C:\Users\koffi\anaconda3\Lib\site-packages\pyspark\bin\..\jars\antlr4-runtime-4.9.3.jar;C:\Users\koffi\anaconda3\Lib\site-packages\pyspark\bin\..\jars\aopalliance-repackaged-2.6.1.jar;C:\Users\koffi\anaconda3\Lib\site-packages\pyspark\bin\..\jars\arpack-3.0.3.jar;C:\Users\koffi\anaconda3\Lib\site-packages\pyspark\bin\..\jars\arpack_combined_all-0.1.jar;C:\Users\koffi\anaconda3\Lib\site-packages\pyspark\bin\..\jars\arrow-format-12.0.1.jar;C:\Users\koffi\anaconda3\Lib\site-packages\pyspark\bin\..\jars\arrow-memory-core-12.0.1.jar;C:\Users\koffi\anaconda3\Lib\site-packages\pyspark\bin\..\jars\arrow-memory-netty-12.0.1.jar;C:\Users\koffi\anaconda3\Lib\site-packages\pyspark\bin\..\jars\arrow-vector-12.0.1.jar;C:\Users\koffi\anaconda3\Lib\site-packages\pyspark\bin\..\jars\audience-annotations-0.5.0.jar;C:\Users\koffi\anaconda3\Lib\site-packages\pyspark\bin\..\jars\avro-1.11.2.jar;C:\Users\koffi\anaconda3\Lib\site-packages\pyspark\bin\..\jars\avro-ipc-1.11.2.jar;C:\Users\koffi\anaconda3\Lib\site-packages\pyspark\bin\..\jars\avro-mapred-1.11.2.jar;C:\Users\koffi\anaconda3\Lib\site-packages\pyspark\bin\..\jars\blas-3.0.3.jar;C:\Users\koffi\anaconda3\Lib\site-packages\pyspark\bin\..\jars\bonecp-0.8.0.RELEASE.jar;C:\Users\koffi\anaconda3\Lib\site-packages\pyspark\bin\..\jars\breeze-macros_2.12-2.1.0.jar;C:\Users\koffi\anaconda3\Lib\site-packages\pyspark\bin\..\jars\breeze_2.12-2.1.0.jar;C:\Users\koffi\anaconda3\Lib\site-packages\pyspark\bin\..\jars\cats-kernel_2.12-
Launcher Type: SUN_STANDARD

[Global flags]
     intx CICompilerCount                          = 3                                         {product} {ergonomic}
     uint ConcGCThreads                            = 1                                         {product} {ergonomic}
     uint G1ConcRefinementThreads                  = 4                                         {product} {ergonomic}
   size_t G1HeapRegionSize                         = 1048576                                   {product} {ergonomic}
    uintx GCDrainStackTargetSize                   = 64                                        {product} {ergonomic}
     bool IgnoreUnrecognizedVMOptions              = true                                      {product} {command line}
   size_t InitialHeapSize                          = 134217728                                 {product} {ergonomic}
   size_t MarkStackSize                            = 4194304                                   {product} {ergonomic}
   size_t MaxHeapSize                              = 2147483648                                {product} {command line}
   size_t MaxNewSize                               = 1287651328                                {product} {ergonomic}
   size_t MinHeapDeltaBytes                        = 1048576                                   {product} {ergonomic}
    uintx NonNMethodCodeHeapSize                   = 5830732                                {pd product} {ergonomic}
    uintx NonProfiledCodeHeapSize                  = 122913754                              {pd product} {ergonomic}
    uintx ProfiledCodeHeapSize                     = 122913754                              {pd product} {ergonomic}
    uintx ReservedCodeCacheSize                    = 251658240                              {pd product} {ergonomic}
     bool SegmentedCodeCache                       = true                                      {product} {ergonomic}
     bool UseCompressedClassPointers               = true                                 {lp64_product} {ergonomic}
     bool UseCompressedOops                        = true                                 {lp64_product} {ergonomic}
     bool UseG1GC                                  = true                                      {product} {ergonomic}
     bool UseLargePagesIndividualAllocation        = false                                  {pd product} {ergonomic}

Logging:
Log output configuration:
 #0: stdout all=warning uptime,level,tags
 #1: stderr all=off uptime,level,tags

Environment Variables:
JAVA_HOME=C:\Program Files\Microsoft\jdk-11.0.30.7-hotspot
PATH=C:\hadoop\bin;C:\Users\koffi\anaconda3;C:\Users\koffi\anaconda3\Library\mingw-w64\bin;C:\Users\koffi\anaconda3\Library\usr\bin;C:\Users\koffi\anaconda3\Library\bin;C:\Users\koffi\anaconda3\Scripts;C:\Users\koffi\anaconda3\bin;C:\Users\koffi\anaconda3\condabin;C:\Program Files\Microsoft\jdk-11.0.30.7-hotspot\bin;C:\Windows\system32;C:\Windows;C:\Windows\System32\Wbem;C:\Windows\System32\WindowsPowerShell\v1.0;C:\Windows\System32\OpenSSH;C:\Program Files\Git\cmd;C:\Users\koffi\AppData\Local\Microsoft\WindowsApps;C:\Users\koffi\bg\blp\DAPI;C:\Users\koffi\bg\blp\DAPI\DDE;C:\Users\koffi\AppData\Local\Programs\Antigravity\bin;C:\Users\koffi\AppData\Local\Python\bin;C:\Program Files\Microsoft\jdk-11.0.30.7-hotspot\bin
USERNAME=koffi
OS=Windows_NT
PROCESSOR_IDENTIFIER=Intel64 Family 6 Model 78 Stepping 3, GenuineIntel
TMP=C:\Users\koffi\AppData\Local\Temp
TEMP=C:\Users\koffi\AppData\Local\Temp



---------------  S Y S T E M  ---------------

OS: Windows 10 , 64 bit Build 19041 (10.0.19041.5915)
OS uptime: 103 days 23:34 hours

CPU:total 4 (initial active 4) (2 cores per cpu, 2 threads per core) family 6 model 78 stepping 3 microcode 0xf0, cmov, cx8, fxsr, mmx, sse, sse2, sse3, ssse3, sse4.1, sse4.2, popcnt, avx, avx2, aes, clmul, erms, rtm, 3dnowpref, lzcnt, ht, tsc, tscinvbit, bmi1, bmi2, adx, fma

Memory: 4k page, system-wide physical 8087M (360M free)
TotalPageFile size 23242M (AvailPageFile size 6M)
current process WorkingSet (physical memory assigned to process): 1337M, peak: 1385M
current process commit charge ("private bytes"): 1505M, peak: 1532M

vm_info: OpenJDK 64-Bit Server VM (11.0.30+7-LTS) for windows-amd64 JRE (11.0.30+7-LTS), built on Jan 14 2026 18:06:18 by "MicrosoftCorporation" with unknown MS VC++:1943

END.
