#
# There is insufficient memory for the Java Runtime Environment to continue.
# Native memory allocation (mmap) failed to map 691011584 bytes for Failed to commit area from 0x0000000732400000 to 0x000000075b700000 of length 691011584.
# Possible reasons:
#   The system is out of physical RAM or swap space
#   The process is running with CompressedOops enabled, and the Java Heap may be blocking the growth of the native heap
# Possible solutions:
#   Reduce memory load on the system
#   Increase physical memory or swap space
#   Check if swap backing store is full
#   Decrease Java heap size (-Xmx/-Xms)
#   Decrease number of Java threads
#   Decrease Java thread stack sizes (-Xss)
#   Set larger code cache with -XX:ReservedCodeCacheSize=
#   JVM is running with Zero Based Compressed Oops mode in which the Java heap is
#     placed in the first 32GB address space. The Java Heap base address is the
#     maximum limit for the native heap growth. Please use -XX:HeapBaseMinAddress
#     to set the Java Heap base and to place the Java Heap above 32GB virtual address.
# This output file may be truncated or incomplete.
#
#  Out of Memory Error (os_windows.cpp:3450), pid=8876, tid=3392
#
# JRE version: OpenJDK Runtime Environment Microsoft-13096984 (11.0.30+7) (build 11.0.30+7-LTS)
# Java VM: OpenJDK 64-Bit Server VM Microsoft-13096984 (11.0.30+7-LTS, mixed mode, sharing, tiered, compressed oops, g1 gc, windows-amd64)
# No core dump will be written. Minidumps are not enabled by default on client versions of Windows
#

---------------  S U M M A R Y ------------

Command Line: -Xmx4g -Djava.library.path=C:/hadoop/bin -Dhadoop.home.dir=C:/hadoop -XX:+IgnoreUnrecognizedVMOptions --add-opens=java.base/java.lang=ALL-UNNAMED --add-opens=java.base/java.lang.invoke=ALL-UNNAMED --add-opens=java.base/java.lang.reflect=ALL-UNNAMED --add-opens=java.base/java.io=ALL-UNNAMED --add-opens=java.base/java.net=ALL-UNNAMED --add-opens=java.base/java.nio=ALL-UNNAMED --add-opens=java.base/java.util=ALL-UNNAMED --add-opens=java.base/java.util.concurrent=ALL-UNNAMED --add-opens=java.base/java.util.concurrent.atomic=ALL-UNNAMED --add-opens=java.base/jdk.internal.ref=ALL-UNNAMED --add-opens=java.base/sun.nio.ch=ALL-UNNAMED --add-opens=java.base/sun.nio.cs=ALL-UNNAMED --add-opens=java.base/sun.security.action=ALL-UNNAMED --add-opens=java.base/sun.util.calendar=ALL-UNNAMED --add-opens=java.security.jgss/sun.security.krb5=ALL-UNNAMED -Djdk.reflect.useDirectMethodHandle=false org.apache.spark.deploy.SparkSubmit --conf spark.executor.memory=4g --conf spark.master=local[*] --conf spark.driver.memory=4g --conf spark.jars.packages=io.delta:delta-spark_2.12:3.1.0 --conf spark.sql.catalog.spark_catalog=org.apache.spark.sql.delta.catalog.DeltaCatalog --conf spark.app.name=axa-claims-lakehouse --conf spark.sql.shuffle.partitions=8 --conf spark.hadoop.io.native.lib.available=false --conf spark.sql.extensions=io.delta.sql.DeltaSparkSessionExtension --conf spark.kryo.registrationRequired=false --conf spark.databricks.delta.optimizeWrite.enabled=true --conf spark.sql.adaptive.enabled=true --conf spark.sql.autoBroadcastJoinThreshold=50m --conf spark.sql.adaptive.coalescePartitions.enabled=true --conf spark.serializer=org.apache.spark.serializer.KryoSerializer --conf spark.executor.extraJavaOptions=-Djava.library.path=C:/hadoop/bin -Dhadoop.home.dir=C:/hadoop --conf spark.databricks.delta.schema.autoMerge.enabled=true --conf spark.sql.adaptive.skewJoin.enabled=true --conf spark.driver.extraJavaOptions=-Djava.library.path=C:/hadoop/bin -Dhadoop.home.dir=C:/hadoop pyspark-shell

Host: Intel(R) Core(TM) i5-6300U CPU @ 2.40GHz, 4 cores, 7G,  Windows 10 , 64 bit Build 19041 (10.0.19041.5915)
Time: Tue Apr 28 23:52:19 2026 Romance Summer Time elapsed time: 72.971613 seconds (0d 0h 1m 12s)

---------------  T H R E A D  ---------------

Current thread (0x0000017fce15f800):  VMThread "VM Thread" [stack: 0x0000002c0c700000,0x0000002c0c800000] [id=3392]

Stack: [0x0000002c0c700000,0x0000002c0c800000]
[error occurred during error reporting (printing stack bounds), id 0xc0000005, EXCEPTION_ACCESS_VIOLATION (0xc0000005) at pc=0x0000017fb347112d]

Native frames: (J=compiled Java code, j=interpreted, Vv=VM code, C=native code)
V  [jvm.dll+0x65984a]
V  [jvm.dll+0x7eb8e8]
V  [jvm.dll+0x7ecfd9]
V  [jvm.dll+0x7ed645]
V  [jvm.dll+0x7ed5fb]
V  [jvm.dll+0x658b5e]
V  [jvm.dll+0x659248]
C  [ntdll.dll+0xa296f]
C  [ntdll.dll+0x52554]
C  [ntdll.dll+0xa147e]
C  0x0000017fb347112d

VM_Operation (0x0000002c196fd820): G1CollectForAllocation, mode: safepoint, requested by thread 0x0000017fdb94b000


---------------  P R O C E S S  ---------------

Threads class SMR info:
_java_thread_list=0x0000017fdd9aa040, length=277, elements={
0x0000017faacc1000, 0x0000017fce162000, 0x0000017fce166800, 0x0000017fce180000,
0x0000017fce181800, 0x0000017fce182800, 0x0000017fce183800, 0x0000017fce18a000,
0x0000017fce18f800, 0x0000017fcec07000, 0x0000017fd258a000, 0x0000017fd14d4000,
0x0000017fcf92d800, 0x0000017fd2845000, 0x0000017fd264b800, 0x0000017fd2887800,
0x0000017fcfcd0000, 0x0000017fd2921800, 0x0000017fd2f7f000, 0x0000017fcfb70800,
0x0000017fcfb6e800, 0x0000017fcfb6f800, 0x0000017fcfb71000, 0x0000017fcfbb4000,
0x0000017fcfbb4800, 0x0000017fcfbb3000, 0x0000017fcfbb8800, 0x0000017fcfbb9800,
0x0000017fcfbb5800, 0x0000017fcfbb6800, 0x0000017fcfbba800, 0x0000017fcfbb8000,
0x0000017fcfbb7000, 0x0000017fcfbbd800, 0x0000017fcfbbe800, 0x0000017fcfbbf800,
0x0000017fcfbbb000, 0x0000017fcfbc1800, 0x0000017fcfbbc000, 0x0000017fcfbc0000,
0x0000017fcfbbd000, 0x0000017fcfbc1000, 0x0000017fcfd0a000, 0x0000017fcfd05000,
0x0000017fcfd07800, 0x0000017fcfd04000, 0x0000017fcfd06000, 0x0000017fcfd0a800,
0x0000017fcfd0b800, 0x0000017fcfd0c800, 0x0000017fcfd06800, 0x0000017fcfd0d000,
0x0000017fcfd0e000, 0x0000017fcfd08000, 0x0000017fcfd0f000, 0x0000017fcfd09000,
0x0000017fcfd10800, 0x0000017fcfd13000, 0x0000017fcfd0f800, 0x0000017fcfd11000,
0x0000017fd0b27800, 0x0000017fd0b26000, 0x0000017fd0b28800, 0x0000017fd0b29800,
0x0000017fd0b2a000, 0x0000017fd0b2b000, 0x0000017fd0b2c000, 0x0000017fd0b2c800,
0x0000017fd0b32800, 0x0000017fd0b33000, 0x0000017fd0b2d800, 0x0000017fd0b34000,
0x0000017fd0b2e000, 0x0000017fd0b35000, 0x0000017fd0b2f000, 0x0000017fd0b30000,
0x0000017fd0b30800, 0x0000017fd0b31800, 0x0000017fd83ff000, 0x0000017fd83fd800,
0x0000017fd83fc800, 0x0000017fd83fa000, 0x0000017fd83fb800, 0x0000017fd83fe000,
0x0000017fd83f9800, 0x0000017fd8400000, 0x0000017fd8400800, 0x0000017fd83fb000,
0x0000017fd8407000, 0x0000017fd8403000, 0x0000017fd8401800, 0x0000017fd8404000,
0x0000017fd8404800, 0x0000017fd8402800, 0x0000017fd8406800, 0x0000017fd8405800,
0x0000017fd8408000, 0x0000017fd8b40800, 0x0000017fd8b41000, 0x0000017fd8b44800,
0x0000017fd8b3f800, 0x0000017fd8b42000, 0x0000017fd8b43000, 0x0000017fd8b43800,
0x0000017fd8b3e800, 0x0000017fd8b46000, 0x0000017fd8b49800, 0x0000017fd8b45000,
0x0000017fd8b47000, 0x0000017fd8b4a000, 0x0000017fd8b4b800, 0x0000017fd8b4b000,
0x0000017fd8b47800, 0x0000017fd8b48800, 0x0000017fd8b4c800, 0x0000017fd8b4d800,
0x0000017fd5022800, 0x0000017fd5025000, 0x0000017fd5020000, 0x0000017fd5021000,
0x0000017fd501f000, 0x0000017fd5023800, 0x0000017fd5025800, 0x0000017fd5021800,
0x0000017fd5024000, 0x0000017fd8a0b000, 0x0000017fd8a0c000, 0x0000017fd8a0c800,
0x0000017fd8a0e800, 0x0000017fd8a12800, 0x0000017fd8a10000, 0x0000017fd8a13800,
0x0000017fd8a0d800, 0x0000017fd8a14000, 0x0000017fd8a15000, 0x0000017fd8a11800,
0x0000017fd8a11000, 0x0000017fd8a0f000, 0x0000017fd8a15800, 0x0000017fd8a16800,
0x0000017fd8a19000, 0x0000017fd8a17800, 0x0000017fd8a18000, 0x0000017fd8a1a000,
0x0000017fd8d98000, 0x0000017fd8d9e800, 0x0000017fd8d99000, 0x0000017fd8d9a800,
0x0000017fd8d9f800, 0x0000017fd8d99800, 0x0000017fd8da0000, 0x0000017fd8da1000,
0x0000017fd8d9b000, 0x0000017fd8da2000, 0x0000017fd8d9d000, 0x0000017fd8d9c000,
0x0000017fd8d9d800, 0x0000017fd8da4000, 0x0000017fd8da2800, 0x0000017fd8da5000,
0x0000017fd8da6000, 0x0000017fd8da3800, 0x0000017fd8da6800, 0x0000017fd2e56800,
0x0000017fd2e57000, 0x0000017fd2e58000, 0x0000017fd2e59000, 0x0000017fd2e53000,
0x0000017fd2e55800, 0x0000017fd2e54000, 0x0000017fd2e59800, 0x0000017fd2e5a800,
0x0000017fd2e54800, 0x0000017fd2e5f800, 0x0000017fd2e5d000, 0x0000017fd2e60000,
0x0000017fd2e5d800, 0x0000017fd2e5c000, 0x0000017fd2e5e800, 0x0000017fd2e61000,
0x0000017fd2e5b000, 0x0000017fd2e62000, 0x0000017fdb93e000, 0x0000017fdb93b800,
0x0000017fdb93e800, 0x0000017fdb940000, 0x0000017fdb941000, 0x0000017fdb942000,
0x0000017fdb93c000, 0x0000017fdb942800, 0x0000017fdb93d000, 0x0000017fdb947800,
0x0000017fdb946000, 0x0000017fdb943800, 0x0000017fdb94a000, 0x0000017fdb949000,
0x0000017fdb948800, 0x0000017fdb944800, 0x0000017fdb946800, 0x0000017fdb94b000,
0x0000017fdb945000, 0x0000017fdb94b800, 0x0000017fdb94c800, 0x0000017fdb953000,
0x0000017fdb94e000, 0x0000017fdb951800, 0x0000017fdb952000, 0x0000017fdb94f800,
0x0000017fdb94d800, 0x0000017fdb94f000, 0x0000017fdb959800, 0x0000017fdb958800,
0x0000017fdb954000, 0x0000017fdb958000, 0x0000017fdb956800, 0x0000017fdb954800,
0x0000017fdb957000, 0x0000017fdb955800, 0x0000017fcfa3d800, 0x0000017fcfa42000,
0x0000017fcfa3c800, 0x0000017fcfa41800, 0x0000017fcfa3e000, 0x0000017fcfa3f000,
0x0000017fcfa45800, 0x0000017fcfa40800, 0x0000017fcfa40000, 0x0000017fcfa46800,
0x0000017fcfa44000, 0x0000017fcfa47000, 0x0000017fcfa48000, 0x0000017fcfa49000,
0x0000017fcfa43000, 0x0000017fcfa49800, 0x0000017fcfa4a800, 0x0000017fcfa44800,
0x0000017fcfa4b000, 0x0000017fcfa4e800, 0x0000017fcfa51000, 0x0000017fcfa4f800,
0x0000017fcfa50000, 0x0000017fcfa52000, 0x0000017fcfa4c000, 0x0000017fcfa52800,
0x0000017fcfa4d000, 0x0000017fcfa53800, 0x0000017fcfa4d800, 0x0000017fcfa56000,
0x0000017fcfa5a000, 0x0000017fcfa58800, 0x0000017fcfa59000, 0x0000017fcfa54000,
0x0000017fcfa5a800, 0x0000017fcfa56800, 0x0000017fcfa55000, 0x0000017fcfa5b800,
0x0000017fde941800, 0x0000017fde943000, 0x0000017fde93e000, 0x0000017fde945800,
0x0000017fde942800, 0x0000017fde945000, 0x0000017fde940000, 0x0000017fde948000,
0x0000017fde946800, 0x0000017fde949000, 0x0000017fde949800, 0x0000017fde947000,
0x0000017fde944000, 0x0000017fde94a800, 0x0000017fde950000, 0x0000017fde94f800,
0x0000017fde94b800, 0x0000017fde94c000, 0x0000017fde940800, 0x0000017fde952800,
0x0000017fde951000
}

Java Threads: ( => current thread )
  0x0000017faacc1000 JavaThread "main" [_thread_in_native, id=26188, stack(0x0000002c0c100000,0x0000002c0c200000)]
  0x0000017fce162000 JavaThread "Reference Handler" daemon [_thread_blocked, id=18804, stack(0x0000002c0c800000,0x0000002c0c900000)]
  0x0000017fce166800 JavaThread "Finalizer" daemon [_thread_blocked, id=18012, stack(0x0000002c0c900000,0x0000002c0ca00000)]
  0x0000017fce180000 JavaThread "Signal Dispatcher" daemon [_thread_blocked, id=8056, stack(0x0000002c0ca00000,0x0000002c0cb00000)]
  0x0000017fce181800 JavaThread "Attach Listener" daemon [_thread_blocked, id=12228, stack(0x0000002c0cb00000,0x0000002c0cc00000)]
  0x0000017fce182800 JavaThread "Service Thread" daemon [_thread_blocked, id=9496, stack(0x0000002c0cc00000,0x0000002c0cd00000)]
  0x0000017fce183800 JavaThread "C2 CompilerThread0" daemon [_thread_blocked, id=13852, stack(0x0000002c0cd00000,0x0000002c0ce00000)]
  0x0000017fce18a000 JavaThread "C1 CompilerThread0" daemon [_thread_blocked, id=11696, stack(0x0000002c0ce00000,0x0000002c0cf00000)]
  0x0000017fce18f800 JavaThread "Sweeper thread" daemon [_thread_blocked, id=13132, stack(0x0000002c0cf00000,0x0000002c0d000000)]
  0x0000017fcec07000 JavaThread "Common-Cleaner" daemon [_thread_blocked, id=23076, stack(0x0000002c0d000000,0x0000002c0d100000)]
  0x0000017fd258a000 JavaThread "org.apache.hadoop.fs.FileSystem$Statistics$StatisticsDataReferenceCleaner" daemon [_thread_blocked, id=1004, stack(0x0000002c0d500000,0x0000002c0d600000)]
  0x0000017fd14d4000 JavaThread "Thread-2" [_thread_in_native, id=25972, stack(0x0000002c0d600000,0x0000002c0d700000)]
  0x0000017fcf92d800 JavaThread "Thread-3" [_thread_blocked, id=3716, stack(0x0000002c0d700000,0x0000002c0d800000)]
  0x0000017fd2845000 JavaThread "Thread-4" [_thread_in_native, id=5744, stack(0x0000002c0d900000,0x0000002c0da00000)]
  0x0000017fd264b800 JavaThread "rpc-boss-3-1" daemon [_thread_in_native, id=12724, stack(0x0000002c0da00000,0x0000002c0db00000)]
  0x0000017fd2887800 JavaThread "dispatcher-event-loop-0" daemon [_thread_blocked, id=9984, stack(0x0000002c0db00000,0x0000002c0dc00000)]
  0x0000017fcfcd0000 JavaThread "dispatcher-event-loop-1" daemon [_thread_blocked, id=14428, stack(0x0000002c0dc00000,0x0000002c0dd00000)]
  0x0000017fd2921800 JavaThread "dispatcher-event-loop-2" daemon [_thread_blocked, id=8428, stack(0x0000002c0dd00000,0x0000002c0de00000)]
  0x0000017fd2f7f000 JavaThread "dispatcher-event-loop-3" daemon [_thread_blocked, id=10760, stack(0x0000002c0de00000,0x0000002c0df00000)]
  0x0000017fcfb70800 JavaThread "map-output-dispatcher-0" daemon [_thread_blocked, id=20280, stack(0x0000002c0df00000,0x0000002c0e000000)]
  0x0000017fcfb6e800 JavaThread "map-output-dispatcher-1" daemon [_thread_blocked, id=2704, stack(0x0000002c0e000000,0x0000002c0e100000)]
  0x0000017fcfb6f800 JavaThread "map-output-dispatcher-2" daemon [_thread_blocked, id=5112, stack(0x0000002c0e100000,0x0000002c0e200000)]
  0x0000017fcfb71000 JavaThread "map-output-dispatcher-3" daemon [_thread_blocked, id=14328, stack(0x0000002c0e200000,0x0000002c0e300000)]
  0x0000017fcfbb4000 JavaThread "map-output-dispatcher-4" daemon [_thread_blocked, id=6108, stack(0x0000002c0e300000,0x0000002c0e400000)]
  0x0000017fcfbb4800 JavaThread "map-output-dispatcher-5" daemon [_thread_blocked, id=23032, stack(0x0000002c0e400000,0x0000002c0e500000)]
  0x0000017fcfbb3000 JavaThread "map-output-dispatcher-6" daemon [_thread_blocked, id=21272, stack(0x0000002c0e500000,0x0000002c0e600000)]
  0x0000017fcfbb8800 JavaThread "map-output-dispatcher-7" daemon [_thread_blocked, id=26504, stack(0x0000002c0e600000,0x0000002c0e700000)]
  0x0000017fcfbb9800 JavaThread "dispatcher-BlockManagerMaster" daemon [_thread_blocked, id=15552, stack(0x0000002c0e700000,0x0000002c0e800000)]
  0x0000017fcfbb5800 JavaThread "dispatcher-BlockManagerEndpoint1" daemon [_thread_blocked, id=4396, stack(0x0000002c0e800000,0x0000002c0e900000)]
  0x0000017fcfbb6800 JavaThread "RemoteBlock-temp-file-clean-thread" daemon [_thread_blocked, id=4380, stack(0x0000002c0e900000,0x0000002c0ea00000)]
  0x0000017fcfbba800 JavaThread "refresh progress" daemon [_thread_blocked, id=9536, stack(0x0000002c0ea00000,0x0000002c0eb00000)]
  0x0000017fcfbb8000 JavaThread "SparkUI-36" daemon [_thread_in_native, id=3432, stack(0x0000002c0eb00000,0x0000002c0ec00000)]
  0x0000017fcfbb7000 JavaThread "SparkUI-37" daemon [_thread_in_native, id=15740, stack(0x0000002c0ec00000,0x0000002c0ed00000)]
  0x0000017fcfbbd800 JavaThread "SparkUI-38-acceptor-0@7632a8cd-ServerConnector@78f5487b{HTTP/1.1, (http/1.1)}{0.0.0.0:4040}" daemon [_thread_in_native, id=18936, stack(0x0000002c0ed00000,0x0000002c0ee00000)]
  0x0000017fcfbbe800 JavaThread "SparkUI-39" daemon [_thread_blocked, id=796, stack(0x0000002c0ee00000,0x0000002c0ef00000)]
  0x0000017fcfbbf800 JavaThread "SparkUI-40" daemon [_thread_blocked, id=10848, stack(0x0000002c0ef00000,0x0000002c0f000000)]
  0x0000017fcfbbb000 JavaThread "SparkUI-41" daemon [_thread_blocked, id=14124, stack(0x0000002c0f000000,0x0000002c0f100000)]
  0x0000017fcfbc1800 JavaThread "SparkUI-42" daemon [_thread_blocked, id=8156, stack(0x0000002c0f100000,0x0000002c0f200000)]
  0x0000017fcfbbc000 JavaThread "SparkUI-43" daemon [_thread_blocked, id=19404, stack(0x0000002c0f200000,0x0000002c0f300000)]
  0x0000017fcfbc0000 JavaThread "dispatcher-HeartbeatReceiver" daemon [_thread_blocked, id=24396, stack(0x0000002c0d200000,0x0000002c0d300000)]
  0x0000017fcfbbd000 JavaThread "heartbeat-receiver-event-loop-thread" daemon [_thread_blocked, id=4524, stack(0x0000002c0f300000,0x0000002c0f400000)]
  0x0000017fcfbc1000 JavaThread "netty-rpc-env-timeout" daemon [_thread_blocked, id=8676, stack(0x0000002c0f400000,0x0000002c0f500000)]
  0x0000017fcfd0a000 JavaThread "task-starvation-timer" daemon [_thread_blocked, id=21728, stack(0x0000002c0f500000,0x0000002c0f600000)]
  0x0000017fcfd05000 JavaThread "task-abort-timer" daemon [_thread_blocked, id=22836, stack(0x0000002c0f600000,0x0000002c0f700000)]
  0x0000017fcfd07800 JavaThread "dag-scheduler-event-loop" daemon [_thread_blocked, id=3088, stack(0x0000002c0f700000,0x0000002c0f800000)]
  0x0000017fcfd04000 JavaThread "driver-heartbeater" daemon [_thread_blocked, id=2580, stack(0x0000002c0f800000,0x0000002c0f900000)]
  0x0000017fcfd06000 JavaThread "executor-kill-mark-cleanup" daemon [_thread_blocked, id=19184, stack(0x0000002c0f900000,0x0000002c0fa00000)]
  0x0000017fcfd0a800 JavaThread "executor-heartbeater" daemon [_thread_blocked, id=24868, stack(0x0000002c0fa00000,0x0000002c0fb00000)]
  0x0000017fcfd0b800 JavaThread "files-client-5-1" daemon [_thread_in_native, id=7504, stack(0x0000002c0fb00000,0x0000002c0fc00000)]
  0x0000017fcfd0c800 JavaThread "rpc-server-4-1" daemon [_thread_in_native, id=10148, stack(0x0000002c0fd00000,0x0000002c0fe00000)]
  0x0000017fcfd06800 JavaThread "shuffle-boss-7-1" daemon [_thread_in_native, id=26148, stack(0x0000002c0fe00000,0x0000002c0ff00000)]
  0x0000017fcfd0d000 JavaThread "Spark Context Cleaner" daemon [_thread_blocked, id=18480, stack(0x0000002c0ff00000,0x0000002c10000000)]
  0x0000017fcfd0e000 JavaThread "context-cleaner-periodic-gc" daemon [_thread_blocked, id=21032, stack(0x0000002c10000000,0x0000002c10100000)]
  0x0000017fcfd08000 JavaThread "spark-listener-group-appStatus" daemon [_thread_blocked, id=17256, stack(0x0000002c10100000,0x0000002c10200000)]
  0x0000017fcfd0f000 JavaThread "spark-listener-group-executorManagement" daemon [_thread_blocked, id=24436, stack(0x0000002c10200000,0x0000002c10300000)]
  0x0000017fcfd09000 JavaThread "element-tracking-store-worker" daemon [_thread_blocked, id=26096, stack(0x0000002c10400000,0x0000002c10500000)]
  0x0000017fcfd10800 JavaThread "Executor task launch worker for task 46.0 in stage 27.0 (TID 115)" daemon [_thread_blocked, id=9260, stack(0x0000002c10500000,0x0000002c10600000)]
  0x0000017fcfd13000 JavaThread "task-result-getter-0" daemon [_thread_blocked, id=14360, stack(0x0000002c10600000,0x0000002c10700000)]
  0x0000017fcfd0f800 JavaThread "block-manager-storage-async-thread-pool-0" daemon [_thread_blocked, id=15152, stack(0x0000002c10300000,0x0000002c10400000)]
  0x0000017fcfd11000 JavaThread "block-manager-storage-async-thread-pool-1" daemon [_thread_blocked, id=4036, stack(0x0000002c10700000,0x0000002c10800000)]
  0x0000017fd0b27800 JavaThread "block-manager-storage-async-thread-pool-2" daemon [_thread_blocked, id=6040, stack(0x0000002c10800000,0x0000002c10900000)]
  0x0000017fd0b26000 JavaThread "block-manager-ask-thread-pool-0" daemon [_thread_blocked, id=22500, stack(0x0000002c10900000,0x0000002c10a00000)]
  0x0000017fd0b28800 JavaThread "block-manager-ask-thread-pool-1" daemon [_thread_blocked, id=4732, stack(0x0000002c10a00000,0x0000002c10b00000)]
  0x0000017fd0b29800 JavaThread "block-manager-storage-async-thread-pool-3" daemon [_thread_blocked, id=19712, stack(0x0000002c10b00000,0x0000002c10c00000)]
  0x0000017fd0b2a000 JavaThread "block-manager-storage-async-thread-pool-4" daemon [_thread_blocked, id=7776, stack(0x0000002c10c00000,0x0000002c10d00000)]
  0x0000017fd0b2b000 JavaThread "block-manager-storage-async-thread-pool-5" daemon [_thread_blocked, id=9668, stack(0x0000002c10d00000,0x0000002c10e00000)]
  0x0000017fd0b2c000 JavaThread "block-manager-ask-thread-pool-2" daemon [_thread_blocked, id=6136, stack(0x0000002c10e00000,0x0000002c10f00000)]
  0x0000017fd0b2c800 JavaThread "block-manager-ask-thread-pool-3" daemon [_thread_blocked, id=8920, stack(0x0000002c10f00000,0x0000002c11000000)]
  0x0000017fd0b32800 JavaThread "task-result-getter-1" daemon [_thread_blocked, id=3060, stack(0x0000002c11000000,0x0000002c11100000)]
  0x0000017fd0b33000 JavaThread "QueryStageCreator-0" daemon [_thread_blocked, id=21368, stack(0x0000002c11100000,0x0000002c11200000)]
  0x0000017fd0b2d800 JavaThread "task-result-getter-2" daemon [_thread_blocked, id=17064, stack(0x0000002c11300000,0x0000002c11400000)]
  0x0000017fd0b34000 JavaThread "block-manager-storage-async-thread-pool-6" daemon [_thread_blocked, id=9276, stack(0x0000002c11400000,0x0000002c11500000)]
  0x0000017fd0b2e000 JavaThread "block-manager-storage-async-thread-pool-7" daemon [_thread_blocked, id=11308, stack(0x0000002c11500000,0x0000002c11600000)]
  0x0000017fd0b35000 JavaThread "block-manager-storage-async-thread-pool-8" daemon [_thread_blocked, id=14924, stack(0x0000002c11600000,0x0000002c11700000)]
  0x0000017fd0b2f000 JavaThread "block-manager-ask-thread-pool-4" daemon [_thread_blocked, id=20416, stack(0x0000002c11700000,0x0000002c11800000)]
  0x0000017fd0b30000 JavaThread "block-manager-ask-thread-pool-5" daemon [_thread_blocked, id=8784, stack(0x0000002c11800000,0x0000002c11900000)]
  0x0000017fd0b30800 JavaThread "block-manager-storage-async-thread-pool-9" daemon [_thread_blocked, id=8108, stack(0x0000002c11900000,0x0000002c11a00000)]
  0x0000017fd0b31800 JavaThread "block-manager-storage-async-thread-pool-10" daemon [_thread_blocked, id=10996, stack(0x0000002c11a00000,0x0000002c11b00000)]
  0x0000017fd83ff000 JavaThread "block-manager-storage-async-thread-pool-11" daemon [_thread_blocked, id=23368, stack(0x0000002c11b00000,0x0000002c11c00000)]
  0x0000017fd83fd800 JavaThread "block-manager-ask-thread-pool-6" daemon [_thread_blocked, id=20320, stack(0x0000002c11c00000,0x0000002c11d00000)]
  0x0000017fd83fc800 JavaThread "block-manager-ask-thread-pool-7" daemon [_thread_blocked, id=6516, stack(0x0000002c11d00000,0x0000002c11e00000)]
  0x0000017fd83fa000 JavaThread "block-manager-storage-async-thread-pool-12" daemon [_thread_blocked, id=21588, stack(0x0000002c11e00000,0x0000002c11f00000)]
  0x0000017fd83fb800 JavaThread "block-manager-storage-async-thread-pool-13" daemon [_thread_blocked, id=21204, stack(0x0000002c11f00000,0x0000002c12000000)]
  0x0000017fd83fe000 JavaThread "block-manager-storage-async-thread-pool-14" daemon [_thread_blocked, id=25764, stack(0x0000002c12000000,0x0000002c12100000)]
  0x0000017fd83f9800 JavaThread "block-manager-ask-thread-pool-8" daemon [_thread_blocked, id=12780, stack(0x0000002c12100000,0x0000002c12200000)]
  0x0000017fd8400000 JavaThread "block-manager-ask-thread-pool-9" daemon [_thread_blocked, id=6668, stack(0x0000002c12200000,0x0000002c12300000)]
  0x0000017fd8400800 JavaThread "block-manager-storage-async-thread-pool-15" daemon [_thread_blocked, id=8792, stack(0x0000002c12300000,0x0000002c12400000)]
  0x0000017fd83fb000 JavaThread "block-manager-storage-async-thread-pool-16" daemon [_thread_blocked, id=25792, stack(0x0000002c12400000,0x0000002c12500000)]
  0x0000017fd8407000 JavaThread "block-manager-storage-async-thread-pool-17" daemon [_thread_blocked, id=3232, stack(0x0000002c12500000,0x0000002c12600000)]
  0x0000017fd8403000 JavaThread "block-manager-ask-thread-pool-10" daemon [_thread_blocked, id=21920, stack(0x0000002c12600000,0x0000002c12700000)]
  0x0000017fd8401800 JavaThread "block-manager-ask-thread-pool-11" daemon [_thread_blocked, id=13232, stack(0x0000002c12700000,0x0000002c12800000)]
  0x0000017fd8404000 JavaThread "task-result-getter-3" daemon [_thread_blocked, id=1168, stack(0x0000002c11200000,0x0000002c11300000)]
  0x0000017fd8404800 JavaThread "QueryStageCreator-1" daemon [_thread_blocked, id=16264, stack(0x0000002c12800000,0x0000002c12900000)]
  0x0000017fd8402800 JavaThread "block-manager-storage-async-thread-pool-18" daemon [_thread_blocked, id=24040, stack(0x0000002c12a00000,0x0000002c12b00000)]
  0x0000017fd8406800 JavaThread "block-manager-storage-async-thread-pool-19" daemon [_thread_blocked, id=16532, stack(0x0000002c12b00000,0x0000002c12c00000)]
  0x0000017fd8405800 JavaThread "block-manager-storage-async-thread-pool-20" daemon [_thread_blocked, id=8408, stack(0x0000002c12c00000,0x0000002c12d00000)]
  0x0000017fd8408000 JavaThread "block-manager-storage-async-thread-pool-21" daemon [_thread_blocked, id=19820, stack(0x0000002c12d00000,0x0000002c12e00000)]
  0x0000017fd8b40800 JavaThread "block-manager-storage-async-thread-pool-22" daemon [_thread_blocked, id=8516, stack(0x0000002c12e00000,0x0000002c12f00000)]
  0x0000017fd8b41000 JavaThread "block-manager-storage-async-thread-pool-23" daemon [_thread_blocked, id=1296, stack(0x0000002c12f00000,0x0000002c13000000)]
  0x0000017fd8b44800 JavaThread "block-manager-ask-thread-pool-12" daemon [_thread_blocked, id=13796, stack(0x0000002c13000000,0x0000002c13100000)]
  0x0000017fd8b3f800 JavaThread "block-manager-ask-thread-pool-13" daemon [_thread_blocked, id=23028, stack(0x0000002c13100000,0x0000002c13200000)]
  0x0000017fd8b42000 JavaThread "block-manager-ask-thread-pool-14" daemon [_thread_blocked, id=20788, stack(0x0000002c13200000,0x0000002c13300000)]
  0x0000017fd8b43000 JavaThread "block-manager-ask-thread-pool-15" daemon [_thread_blocked, id=10784, stack(0x0000002c13300000,0x0000002c13400000)]
  0x0000017fd8b43800 JavaThread "block-manager-storage-async-thread-pool-24" daemon [_thread_blocked, id=12696, stack(0x0000002c13400000,0x0000002c13500000)]
  0x0000017fd8b3e800 JavaThread "block-manager-storage-async-thread-pool-25" daemon [_thread_blocked, id=4980, stack(0x0000002c13500000,0x0000002c13600000)]
  0x0000017fd8b46000 JavaThread "block-manager-storage-async-thread-pool-26" daemon [_thread_blocked, id=14388, stack(0x0000002c13600000,0x0000002c13700000)]
  0x0000017fd8b49800 JavaThread "block-manager-ask-thread-pool-16" daemon [_thread_blocked, id=10736, stack(0x0000002c13700000,0x0000002c13800000)]
  0x0000017fd8b45000 JavaThread "block-manager-ask-thread-pool-17" daemon [_thread_blocked, id=12260, stack(0x0000002c13800000,0x0000002c13900000)]
  0x0000017fd8b47000 JavaThread "block-manager-storage-async-thread-pool-27" daemon [_thread_blocked, id=15204, stack(0x0000002c13900000,0x0000002c13a00000)]
  0x0000017fd8b4a000 JavaThread "block-manager-storage-async-thread-pool-28" daemon [_thread_blocked, id=14880, stack(0x0000002c13a00000,0x0000002c13b00000)]
  0x0000017fd8b4b800 JavaThread "block-manager-storage-async-thread-pool-29" daemon [_thread_blocked, id=6112, stack(0x0000002c13b00000,0x0000002c13c00000)]
  0x0000017fd8b4b000 JavaThread "block-manager-ask-thread-pool-18" daemon [_thread_blocked, id=20132, stack(0x0000002c13c00000,0x0000002c13d00000)]
  0x0000017fd8b47800 JavaThread "block-manager-ask-thread-pool-19" daemon [_thread_blocked, id=26032, stack(0x0000002c13d00000,0x0000002c13e00000)]
  0x0000017fd8b48800 JavaThread "QueryStageCreator-2" daemon [_thread_blocked, id=11128, stack(0x0000002c12900000,0x0000002c12a00000)]
  0x0000017fd8b4c800 JavaThread "block-manager-storage-async-thread-pool-30" daemon [_thread_blocked, id=9552, stack(0x0000002c13f00000,0x0000002c14000000)]
  0x0000017fd8b4d800 JavaThread "block-manager-storage-async-thread-pool-31" daemon [_thread_blocked, id=8600, stack(0x0000002c14000000,0x0000002c14100000)]
  0x0000017fd5022800 JavaThread "block-manager-storage-async-thread-pool-32" daemon [_thread_blocked, id=4164, stack(0x0000002c14100000,0x0000002c14200000)]
  0x0000017fd5025000 JavaThread "block-manager-ask-thread-pool-20" daemon [_thread_blocked, id=23904, stack(0x0000002c14200000,0x0000002c14300000)]
  0x0000017fd5020000 JavaThread "block-manager-ask-thread-pool-21" daemon [_thread_blocked, id=12876, stack(0x0000002c14300000,0x0000002c14400000)]
  0x0000017fd5021000 JavaThread "block-manager-storage-async-thread-pool-33" daemon [_thread_blocked, id=18132, stack(0x0000002c14400000,0x0000002c14500000)]
  0x0000017fd501f000 JavaThread "block-manager-storage-async-thread-pool-34" daemon [_thread_blocked, id=19444, stack(0x0000002c14500000,0x0000002c14600000)]
  0x0000017fd5023800 JavaThread "block-manager-storage-async-thread-pool-35" daemon [_thread_blocked, id=6044, stack(0x0000002c14600000,0x0000002c14700000)]
  0x0000017fd5025800 JavaThread "block-manager-ask-thread-pool-22" daemon [_thread_blocked, id=13988, stack(0x0000002c14700000,0x0000002c14800000)]
  0x0000017fd5021800 JavaThread "block-manager-ask-thread-pool-23" daemon [_thread_blocked, id=13168, stack(0x0000002c14800000,0x0000002c14900000)]
  0x0000017fd5024000 JavaThread "block-manager-storage-async-thread-pool-36" daemon [_thread_blocked, id=14676, stack(0x0000002c14900000,0x0000002c14a00000)]
  0x0000017fd8a0b000 JavaThread "block-manager-storage-async-thread-pool-37" daemon [_thread_blocked, id=13128, stack(0x0000002c14a00000,0x0000002c14b00000)]
  0x0000017fd8a0c000 JavaThread "block-manager-storage-async-thread-pool-38" daemon [_thread_blocked, id=15972, stack(0x0000002c14b00000,0x0000002c14c00000)]
  0x0000017fd8a0c800 JavaThread "block-manager-storage-async-thread-pool-39" daemon [_thread_blocked, id=23912, stack(0x0000002c14c00000,0x0000002c14d00000)]
  0x0000017fd8a0e800 JavaThread "block-manager-storage-async-thread-pool-40" daemon [_thread_blocked, id=17008, stack(0x0000002c14d00000,0x0000002c14e00000)]
  0x0000017fd8a12800 JavaThread "block-manager-storage-async-thread-pool-41" daemon [_thread_blocked, id=8684, stack(0x0000002c14e00000,0x0000002c14f00000)]
  0x0000017fd8a10000 JavaThread "block-manager-ask-thread-pool-24" daemon [_thread_blocked, id=14424, stack(0x0000002c14f00000,0x0000002c15000000)]
  0x0000017fd8a13800 JavaThread "block-manager-ask-thread-pool-25" daemon [_thread_blocked, id=10368, stack(0x0000002c15000000,0x0000002c15100000)]
  0x0000017fd8a0d800 JavaThread "block-manager-ask-thread-pool-26" daemon [_thread_blocked, id=26540, stack(0x0000002c15100000,0x0000002c15200000)]
  0x0000017fd8a14000 JavaThread "block-manager-ask-thread-pool-27" daemon [_thread_blocked, id=2272, stack(0x0000002c15200000,0x0000002c15300000)]
  0x0000017fd8a15000 JavaThread "QueryStageCreator-3" daemon [_thread_blocked, id=3984, stack(0x0000002c13e00000,0x0000002c13f00000)]
  0x0000017fd8a11800 JavaThread "block-manager-storage-async-thread-pool-42" daemon [_thread_blocked, id=26108, stack(0x0000002c15400000,0x0000002c15500000)]
  0x0000017fd8a11000 JavaThread "block-manager-storage-async-thread-pool-43" daemon [_thread_blocked, id=23892, stack(0x0000002c15500000,0x0000002c15600000)]
  0x0000017fd8a0f000 JavaThread "block-manager-storage-async-thread-pool-44" daemon [_thread_blocked, id=23332, stack(0x0000002c15600000,0x0000002c15700000)]
  0x0000017fd8a15800 JavaThread "block-manager-storage-async-thread-pool-46" daemon [_thread_blocked, id=20792, stack(0x0000002c15700000,0x0000002c15800000)]
  0x0000017fd8a16800 JavaThread "block-manager-storage-async-thread-pool-45" daemon [_thread_blocked, id=24348, stack(0x0000002c15800000,0x0000002c15900000)]
  0x0000017fd8a19000 JavaThread "block-manager-storage-async-thread-pool-47" daemon [_thread_blocked, id=23628, stack(0x0000002c15900000,0x0000002c15a00000)]
  0x0000017fd8a17800 JavaThread "block-manager-ask-thread-pool-28" daemon [_thread_blocked, id=1292, stack(0x0000002c15a00000,0x0000002c15b00000)]
  0x0000017fd8a18000 JavaThread "block-manager-ask-thread-pool-29" daemon [_thread_blocked, id=9948, stack(0x0000002c15b00000,0x0000002c15c00000)]
  0x0000017fd8a1a000 JavaThread "block-manager-ask-thread-pool-30" daemon [_thread_blocked, id=11024, stack(0x0000002c15c00000,0x0000002c15d00000)]
  0x0000017fd8d98000 JavaThread "block-manager-ask-thread-pool-31" daemon [_thread_blocked, id=22376, stack(0x0000002c15d00000,0x0000002c15e00000)]
  0x0000017fd8d9e800 JavaThread "block-manager-storage-async-thread-pool-48" daemon [_thread_blocked, id=14040, stack(0x0000002c15e00000,0x0000002c15f00000)]
  0x0000017fd8d99000 JavaThread "block-manager-storage-async-thread-pool-49" daemon [_thread_blocked, id=18068, stack(0x0000002c15f00000,0x0000002c16000000)]
  0x0000017fd8d9a800 JavaThread "block-manager-storage-async-thread-pool-50" daemon [_thread_blocked, id=2696, stack(0x0000002c16000000,0x0000002c16100000)]
  0x0000017fd8d9f800 JavaThread "block-manager-ask-thread-pool-32" daemon [_thread_blocked, id=5812, stack(0x0000002c16100000,0x0000002c16200000)]
  0x0000017fd8d99800 JavaThread "block-manager-ask-thread-pool-33" daemon [_thread_blocked, id=12528, stack(0x0000002c16200000,0x0000002c16300000)]
  0x0000017fd8da0000 JavaThread "block-manager-storage-async-thread-pool-51" daemon [_thread_blocked, id=16152, stack(0x0000002c16300000,0x0000002c16400000)]
  0x0000017fd8da1000 JavaThread "block-manager-storage-async-thread-pool-52" daemon [_thread_blocked, id=17456, stack(0x0000002c16400000,0x0000002c16500000)]
  0x0000017fd8d9b000 JavaThread "block-manager-storage-async-thread-pool-53" daemon [_thread_blocked, id=19292, stack(0x0000002c16500000,0x0000002c16600000)]
  0x0000017fd8da2000 JavaThread "block-manager-ask-thread-pool-34" daemon [_thread_blocked, id=18840, stack(0x0000002c16600000,0x0000002c16700000)]
  0x0000017fd8d9d000 JavaThread "block-manager-ask-thread-pool-35" daemon [_thread_blocked, id=9196, stack(0x0000002c16700000,0x0000002c16800000)]
  0x0000017fd8d9c000 JavaThread "QueryStageCreator-4" daemon [_thread_blocked, id=24760, stack(0x0000002c16800000,0x0000002c16900000)]
  0x0000017fd8d9d800 JavaThread "block-manager-storage-async-thread-pool-54" daemon [_thread_blocked, id=21984, stack(0x0000002c16900000,0x0000002c16a00000)]
  0x0000017fd8da4000 JavaThread "block-manager-storage-async-thread-pool-55" daemon [_thread_blocked, id=15220, stack(0x0000002c16a00000,0x0000002c16b00000)]
  0x0000017fd8da2800 JavaThread "block-manager-storage-async-thread-pool-56" daemon [_thread_blocked, id=25680, stack(0x0000002c16b00000,0x0000002c16c00000)]
  0x0000017fd8da5000 JavaThread "block-manager-storage-async-thread-pool-57" daemon [_thread_blocked, id=25812, stack(0x0000002c16c00000,0x0000002c16d00000)]
  0x0000017fd8da6000 JavaThread "block-manager-storage-async-thread-pool-58" daemon [_thread_blocked, id=13412, stack(0x0000002c16d00000,0x0000002c16e00000)]
  0x0000017fd8da3800 JavaThread "block-manager-storage-async-thread-pool-59" daemon [_thread_blocked, id=25772, stack(0x0000002c16e00000,0x0000002c16f00000)]
  0x0000017fd8da6800 JavaThread "block-manager-ask-thread-pool-36" daemon [_thread_blocked, id=5748, stack(0x0000002c16f00000,0x0000002c17000000)]
  0x0000017fd2e56800 JavaThread "block-manager-ask-thread-pool-37" daemon [_thread_blocked, id=19280, stack(0x0000002c17000000,0x0000002c17100000)]
  0x0000017fd2e57000 JavaThread "block-manager-ask-thread-pool-38" daemon [_thread_blocked, id=11944, stack(0x0000002c17100000,0x0000002c17200000)]
  0x0000017fd2e58000 JavaThread "block-manager-ask-thread-pool-39" daemon [_thread_blocked, id=15420, stack(0x0000002c17200000,0x0000002c17300000)]
  0x0000017fd2e59000 JavaThread "block-manager-storage-async-thread-pool-60" daemon [_thread_blocked, id=10068, stack(0x0000002c17300000,0x0000002c17400000)]
  0x0000017fd2e53000 JavaThread "block-manager-storage-async-thread-pool-61" daemon [_thread_blocked, id=22360, stack(0x0000002c17400000,0x0000002c17500000)]
  0x0000017fd2e55800 JavaThread "block-manager-storage-async-thread-pool-62" daemon [_thread_blocked, id=14900, stack(0x0000002c17500000,0x0000002c17600000)]
  0x0000017fd2e54000 JavaThread "block-manager-ask-thread-pool-40" daemon [_thread_blocked, id=10092, stack(0x0000002c17600000,0x0000002c17700000)]
  0x0000017fd2e59800 JavaThread "block-manager-ask-thread-pool-41" daemon [_thread_blocked, id=8796, stack(0x0000002c17700000,0x0000002c17800000)]
  0x0000017fd2e5a800 JavaThread "block-manager-storage-async-thread-pool-63" daemon [_thread_blocked, id=20144, stack(0x0000002c17800000,0x0000002c17900000)]
  0x0000017fd2e54800 JavaThread "block-manager-storage-async-thread-pool-64" daemon [_thread_blocked, id=13368, stack(0x0000002c17900000,0x0000002c17a00000)]
  0x0000017fd2e5f800 JavaThread "block-manager-storage-async-thread-pool-65" daemon [_thread_blocked, id=3864, stack(0x0000002c17a00000,0x0000002c17b00000)]
  0x0000017fd2e5d000 JavaThread "block-manager-ask-thread-pool-42" daemon [_thread_blocked, id=12844, stack(0x0000002c17b00000,0x0000002c17c00000)]
  0x0000017fd2e60000 JavaThread "block-manager-ask-thread-pool-43" daemon [_thread_blocked, id=3360, stack(0x0000002c17c00000,0x0000002c17d00000)]
  0x0000017fd2e5d800 JavaThread "block-manager-storage-async-thread-pool-66" daemon [_thread_blocked, id=24420, stack(0x0000002c17f00000,0x0000002c18000000)]
  0x0000017fd2e5c000 JavaThread "block-manager-storage-async-thread-pool-67" daemon [_thread_blocked, id=8556, stack(0x0000002c18000000,0x0000002c18100000)]
  0x0000017fd2e5e800 JavaThread "block-manager-storage-async-thread-pool-68" daemon [_thread_blocked, id=23916, stack(0x0000002c18100000,0x0000002c18200000)]
  0x0000017fd2e61000 JavaThread "block-manager-ask-thread-pool-44" daemon [_thread_blocked, id=13192, stack(0x0000002c18200000,0x0000002c18300000)]
  0x0000017fd2e5b000 JavaThread "block-manager-ask-thread-pool-45" daemon [_thread_blocked, id=15620, stack(0x0000002c18300000,0x0000002c18400000)]
  0x0000017fd2e62000 JavaThread "block-manager-storage-async-thread-pool-69" daemon [_thread_blocked, id=18540, stack(0x0000002c18400000,0x0000002c18500000)]
  0x0000017fdb93e000 JavaThread "block-manager-storage-async-thread-pool-70" daemon [_thread_blocked, id=18164, stack(0x0000002c18500000,0x0000002c18600000)]
  0x0000017fdb93b800 JavaThread "block-manager-storage-async-thread-pool-71" daemon [_thread_blocked, id=21168, stack(0x0000002c18600000,0x0000002c18700000)]
  0x0000017fdb93e800 JavaThread "block-manager-ask-thread-pool-46" daemon [_thread_blocked, id=11340, stack(0x0000002c18700000,0x0000002c18800000)]
  0x0000017fdb940000 JavaThread "block-manager-ask-thread-pool-47" daemon [_thread_blocked, id=4892, stack(0x0000002c18800000,0x0000002c18900000)]
  0x0000017fdb941000 JavaThread "QueryStageCreator-5" daemon [_thread_blocked, id=9048, stack(0x0000002c18900000,0x0000002c18a00000)]
  0x0000017fdb942000 JavaThread "block-manager-storage-async-thread-pool-72" daemon [_thread_blocked, id=3868, stack(0x0000002c18a00000,0x0000002c18b00000)]
  0x0000017fdb93c000 JavaThread "block-manager-storage-async-thread-pool-73" daemon [_thread_blocked, id=14408, stack(0x0000002c18b00000,0x0000002c18c00000)]
  0x0000017fdb942800 JavaThread "block-manager-storage-async-thread-pool-74" daemon [_thread_blocked, id=15336, stack(0x0000002c18c00000,0x0000002c18d00000)]
  0x0000017fdb93d000 JavaThread "block-manager-ask-thread-pool-48" daemon [_thread_blocked, id=22068, stack(0x0000002c18d00000,0x0000002c18e00000)]
  0x0000017fdb947800 JavaThread "block-manager-ask-thread-pool-49" daemon [_thread_blocked, id=9308, stack(0x0000002c18e00000,0x0000002c18f00000)]
  0x0000017fdb946000 JavaThread "block-manager-storage-async-thread-pool-75" daemon [_thread_blocked, id=6268, stack(0x0000002c18f00000,0x0000002c19000000)]
  0x0000017fdb943800 JavaThread "block-manager-storage-async-thread-pool-76" daemon [_thread_blocked, id=16860, stack(0x0000002c19000000,0x0000002c19100000)]
  0x0000017fdb94a000 JavaThread "block-manager-storage-async-thread-pool-77" daemon [_thread_blocked, id=19768, stack(0x0000002c19100000,0x0000002c19200000)]
  0x0000017fdb949000 JavaThread "block-manager-ask-thread-pool-50" daemon [_thread_blocked, id=8736, stack(0x0000002c19200000,0x0000002c19300000)]
  0x0000017fdb948800 JavaThread "block-manager-ask-thread-pool-51" daemon [_thread_blocked, id=16400, stack(0x0000002c19300000,0x0000002c19400000)]
  0x0000017fdb944800 JavaThread "Executor task launch worker for task 44.0 in stage 27.0 (TID 113)" daemon [_thread_blocked, id=20908, stack(0x0000002c19400000,0x0000002c19500000)]
  0x0000017fdb946800 JavaThread "Executor task launch worker for task 47.0 in stage 27.0 (TID 116)" daemon [_thread_blocked, id=16644, stack(0x0000002c19500000,0x0000002c19600000)]
  0x0000017fdb94b000 JavaThread "Executor task launch worker for task 0.0 in stage 40.0 (TID 126)" daemon [_thread_blocked, id=5820, stack(0x0000002c19600000,0x0000002c19700000)]
  0x0000017fdb945000 JavaThread "Executor task launch worker for task 49.0 in stage 27.0 (TID 118)" daemon [_thread_blocked, id=9732, stack(0x0000002c19700000,0x0000002c19800000)]
  0x0000017fdb94b800 JavaThread "QueryStageCreator-6" daemon [_thread_blocked, id=6492, stack(0x0000002c19800000,0x0000002c19900000)]
  0x0000017fdb94c800 JavaThread "block-manager-storage-async-thread-pool-78" daemon [_thread_blocked, id=7196, stack(0x0000002c19900000,0x0000002c19a00000)]
  0x0000017fdb953000 JavaThread "block-manager-storage-async-thread-pool-79" daemon [_thread_blocked, id=4104, stack(0x0000002c19a00000,0x0000002c19b00000)]
  0x0000017fdb94e000 JavaThread "block-manager-storage-async-thread-pool-80" daemon [_thread_blocked, id=11520, stack(0x0000002c19b00000,0x0000002c19c00000)]
  0x0000017fdb951800 JavaThread "block-manager-storage-async-thread-pool-81" daemon [_thread_blocked, id=6708, stack(0x0000002c19c00000,0x0000002c19d00000)]
  0x0000017fdb952000 JavaThread "block-manager-ask-thread-pool-52" daemon [_thread_blocked, id=14180, stack(0x0000002c19d00000,0x0000002c19e00000)]
  0x0000017fdb94f800 JavaThread "block-manager-storage-async-thread-pool-82" daemon [_thread_blocked, id=22840, stack(0x0000002c19e00000,0x0000002c19f00000)]
  0x0000017fdb94d800 JavaThread "block-manager-ask-thread-pool-53" daemon [_thread_blocked, id=23072, stack(0x0000002c19f00000,0x0000002c1a000000)]
  0x0000017fdb94f000 JavaThread "block-manager-storage-async-thread-pool-83" daemon [_thread_blocked, id=6592, stack(0x0000002c1a000000,0x0000002c1a100000)]
  0x0000017fdb959800 JavaThread "block-manager-storage-async-thread-pool-84" daemon [_thread_blocked, id=6396, stack(0x0000002c1a100000,0x0000002c1a200000)]
  0x0000017fdb958800 JavaThread "block-manager-storage-async-thread-pool-85" daemon [_thread_blocked, id=15528, stack(0x0000002c1a200000,0x0000002c1a300000)]
  0x0000017fdb954000 JavaThread "block-manager-storage-async-thread-pool-86" daemon [_thread_blocked, id=8228, stack(0x0000002c1a300000,0x0000002c1a400000)]
  0x0000017fdb958000 JavaThread "block-manager-ask-thread-pool-54" daemon [_thread_blocked, id=20840, stack(0x0000002c1a400000,0x0000002c1a500000)]
  0x0000017fdb956800 JavaThread "block-manager-storage-async-thread-pool-87" daemon [_thread_blocked, id=10920, stack(0x0000002c1a500000,0x0000002c1a600000)]
  0x0000017fdb954800 JavaThread "block-manager-ask-thread-pool-55" daemon [_thread_blocked, id=15076, stack(0x0000002c1a600000,0x0000002c1a700000)]
  0x0000017fdb957000 JavaThread "block-manager-ask-thread-pool-56" daemon [_thread_blocked, id=16168, stack(0x0000002c1a700000,0x0000002c1a800000)]
  0x0000017fdb955800 JavaThread "block-manager-ask-thread-pool-57" daemon [_thread_blocked, id=17472, stack(0x0000002c1a800000,0x0000002c1a900000)]
  0x0000017fcfa3d800 JavaThread "block-manager-storage-async-thread-pool-88" daemon [_thread_blocked, id=14604, stack(0x0000002c1a900000,0x0000002c1aa00000)]
  0x0000017fcfa42000 JavaThread "block-manager-storage-async-thread-pool-89" daemon [_thread_blocked, id=5612, stack(0x0000002c1aa00000,0x0000002c1ab00000)]
  0x0000017fcfa3c800 JavaThread "block-manager-ask-thread-pool-58" daemon [_thread_blocked, id=2028, stack(0x0000002c1ab00000,0x0000002c1ac00000)]
  0x0000017fcfa41800 JavaThread "block-manager-ask-thread-pool-59" daemon [_thread_blocked, id=22780, stack(0x0000002c1ac00000,0x0000002c1ad00000)]
  0x0000017fcfa3e000 JavaThread "QueryStageCreator-7" daemon [_thread_blocked, id=19788, stack(0x0000002c1ad00000,0x0000002c1ae00000)]
  0x0000017fcfa3f000 JavaThread "block-manager-storage-async-thread-pool-90" daemon [_thread_blocked, id=7112, stack(0x0000002c1ae00000,0x0000002c1af00000)]
  0x0000017fcfa45800 JavaThread "block-manager-storage-async-thread-pool-91" daemon [_thread_blocked, id=21256, stack(0x0000002c1af00000,0x0000002c1b000000)]
  0x0000017fcfa40800 JavaThread "block-manager-storage-async-thread-pool-92" daemon [_thread_blocked, id=19340, stack(0x0000002c1b000000,0x0000002c1b100000)]
  0x0000017fcfa40000 JavaThread "block-manager-ask-thread-pool-60" daemon [_thread_blocked, id=14288, stack(0x0000002c1b100000,0x0000002c1b200000)]
  0x0000017fcfa46800 JavaThread "block-manager-ask-thread-pool-61" daemon [_thread_blocked, id=12204, stack(0x0000002c1b200000,0x0000002c1b300000)]
  0x0000017fcfa44000 JavaThread "block-manager-storage-async-thread-pool-93" daemon [_thread_blocked, id=5520, stack(0x0000002c1b300000,0x0000002c1b400000)]
  0x0000017fcfa47000 JavaThread "block-manager-storage-async-thread-pool-94" daemon [_thread_blocked, id=7188, stack(0x0000002c1b400000,0x0000002c1b500000)]
  0x0000017fcfa48000 JavaThread "block-manager-storage-async-thread-pool-95" daemon [_thread_blocked, id=7532, stack(0x0000002c1b500000,0x0000002c1b600000)]
  0x0000017fcfa49000 JavaThread "block-manager-ask-thread-pool-62" daemon [_thread_blocked, id=23620, stack(0x0000002c1b600000,0x0000002c1b700000)]
  0x0000017fcfa43000 JavaThread "block-manager-ask-thread-pool-63" daemon [_thread_blocked, id=18688, stack(0x0000002c1b700000,0x0000002c1b800000)]
  0x0000017fcfa49800 JavaThread "block-manager-storage-async-thread-pool-96" daemon [_thread_blocked, id=26248, stack(0x0000002c1b800000,0x0000002c1b900000)]
  0x0000017fcfa4a800 JavaThread "block-manager-storage-async-thread-pool-97" daemon [_thread_blocked, id=25576, stack(0x0000002c1b900000,0x0000002c1ba00000)]
  0x0000017fcfa44800 JavaThread "block-manager-storage-async-thread-pool-98" daemon [_thread_blocked, id=26392, stack(0x0000002c1ba00000,0x0000002c1bb00000)]
  0x0000017fcfa4b000 JavaThread "block-manager-ask-thread-pool-64" daemon [_thread_blocked, id=20036, stack(0x0000002c1bb00000,0x0000002c1bc00000)]
  0x0000017fcfa4e800 JavaThread "block-manager-ask-thread-pool-65" daemon [_thread_blocked, id=21760, stack(0x0000002c1bc00000,0x0000002c1bd00000)]
  0x0000017fcfa51000 JavaThread "QueryStageCreator-8" daemon [_thread_blocked, id=15780, stack(0x0000002c0be00000,0x0000002c0bf00000)]
  0x0000017fcfa4f800 JavaThread "block-manager-storage-async-thread-pool-99" daemon [_thread_blocked, id=13760, stack(0x0000002c0bf00000,0x0000002c0c000000)]
  0x0000017fcfa50000 JavaThread "block-manager-ask-thread-pool-66" daemon [_thread_blocked, id=12676, stack(0x0000002c0c000000,0x0000002c0c100000)]
  0x0000017fcfa52000 JavaThread "block-manager-ask-thread-pool-67" daemon [_thread_blocked, id=21932, stack(0x0000002c1bd00000,0x0000002c1be00000)]
  0x0000017fcfa4c000 JavaThread "block-manager-ask-thread-pool-68" daemon [_thread_blocked, id=6556, stack(0x0000002c1c000000,0x0000002c1c100000)]
  0x0000017fcfa52800 JavaThread "block-manager-ask-thread-pool-69" daemon [_thread_blocked, id=2432, stack(0x0000002c1c100000,0x0000002c1c200000)]
  0x0000017fcfa4d000 JavaThread "block-manager-ask-thread-pool-70" daemon [_thread_blocked, id=26512, stack(0x0000002c1c200000,0x0000002c1c300000)]
  0x0000017fcfa53800 JavaThread "block-manager-ask-thread-pool-71" daemon [_thread_blocked, id=12756, stack(0x0000002c1c300000,0x0000002c1c400000)]
  0x0000017fcfa4d800 JavaThread "block-manager-ask-thread-pool-72" daemon [_thread_blocked, id=15192, stack(0x0000002c1c400000,0x0000002c1c500000)]
  0x0000017fcfa56000 JavaThread "block-manager-ask-thread-pool-73" daemon [_thread_blocked, id=16700, stack(0x0000002c1c500000,0x0000002c1c600000)]
  0x0000017fcfa5a000 JavaThread "QueryStageCreator-9" daemon [_thread_blocked, id=8024, stack(0x0000002c15300000,0x0000002c15400000)]
  0x0000017fcfa58800 JavaThread "block-manager-ask-thread-pool-74" daemon [_thread_blocked, id=22548, stack(0x0000002c1c700000,0x0000002c1c800000)]
  0x0000017fcfa59000 JavaThread "block-manager-ask-thread-pool-75" daemon [_thread_blocked, id=16372, stack(0x0000002c1c800000,0x0000002c1c900000)]
  0x0000017fcfa54000 JavaThread "block-manager-ask-thread-pool-76" daemon [_thread_blocked, id=20172, stack(0x0000002c1c900000,0x0000002c1ca00000)]
  0x0000017fcfa5a800 JavaThread "block-manager-ask-thread-pool-77" daemon [_thread_blocked, id=16176, stack(0x0000002c1ca00000,0x0000002c1cb00000)]
  0x0000017fcfa56800 JavaThread "block-manager-ask-thread-pool-78" daemon [_thread_blocked, id=24340, stack(0x0000002c1cb00000,0x0000002c1cc00000)]
  0x0000017fcfa55000 JavaThread "block-manager-ask-thread-pool-79" daemon [_thread_blocked, id=8932, stack(0x0000002c1cc00000,0x0000002c1cd00000)]
  0x0000017fcfa5b800 JavaThread "block-manager-ask-thread-pool-80" daemon [_thread_blocked, id=21356, stack(0x0000002c1cd00000,0x0000002c1ce00000)]
  0x0000017fde941800 JavaThread "block-manager-ask-thread-pool-81" daemon [_thread_blocked, id=24316, stack(0x0000002c1ce00000,0x0000002c1cf00000)]
  0x0000017fde943000 JavaThread "QueryStageCreator-10" daemon [_thread_blocked, id=25780, stack(0x0000002c1cf00000,0x0000002c1d000000)]
  0x0000017fde93e000 JavaThread "block-manager-ask-thread-pool-82" daemon [_thread_blocked, id=17476, stack(0x0000002c1d000000,0x0000002c1d100000)]
  0x0000017fde945800 JavaThread "block-manager-ask-thread-pool-83" daemon [_thread_blocked, id=24812, stack(0x0000002c1d100000,0x0000002c1d200000)]
  0x0000017fde942800 JavaThread "block-manager-ask-thread-pool-84" daemon [_thread_blocked, id=15300, stack(0x0000002c1c600000,0x0000002c1c700000)]
  0x0000017fde945000 JavaThread "block-manager-ask-thread-pool-85" daemon [_thread_blocked, id=2436, stack(0x0000002c1d200000,0x0000002c1d300000)]
  0x0000017fde940000 JavaThread "block-manager-ask-thread-pool-86" daemon [_thread_blocked, id=9044, stack(0x0000002c1d300000,0x0000002c1d400000)]
  0x0000017fde948000 JavaThread "block-manager-ask-thread-pool-87" daemon [_thread_blocked, id=10672, stack(0x0000002c1d400000,0x0000002c1d500000)]
  0x0000017fde946800 JavaThread "block-manager-ask-thread-pool-88" daemon [_thread_blocked, id=12028, stack(0x0000002c1d500000,0x0000002c1d600000)]
  0x0000017fde949000 JavaThread "block-manager-ask-thread-pool-89" daemon [_thread_blocked, id=7928, stack(0x0000002c1d600000,0x0000002c1d700000)]
  0x0000017fde949800 JavaThread "block-manager-ask-thread-pool-90" daemon [_thread_blocked, id=7072, stack(0x0000002c1d700000,0x0000002c1d800000)]
  0x0000017fde947000 JavaThread "block-manager-ask-thread-pool-91" daemon [_thread_blocked, id=10688, stack(0x0000002c1d800000,0x0000002c1d900000)]
  0x0000017fde944000 JavaThread "block-manager-ask-thread-pool-92" daemon [_thread_blocked, id=14252, stack(0x0000002c1d900000,0x0000002c1da00000)]
  0x0000017fde94a800 JavaThread "block-manager-ask-thread-pool-93" daemon [_thread_blocked, id=25168, stack(0x0000002c1da00000,0x0000002c1db00000)]
  0x0000017fde950000 JavaThread "block-manager-ask-thread-pool-94" daemon [_thread_blocked, id=15492, stack(0x0000002c1db00000,0x0000002c1dc00000)]
  0x0000017fde94f800 JavaThread "block-manager-ask-thread-pool-95" daemon [_thread_blocked, id=9312, stack(0x0000002c1dc00000,0x0000002c1dd00000)]
  0x0000017fde94b800 JavaThread "block-manager-ask-thread-pool-96" daemon [_thread_blocked, id=6576, stack(0x0000002c1dd00000,0x0000002c1de00000)]
  0x0000017fde94c000 JavaThread "block-manager-ask-thread-pool-97" daemon [_thread_blocked, id=11448, stack(0x0000002c1de00000,0x0000002c1df00000)]
  0x0000017fde940800 JavaThread "QueryStageCreator-11" daemon [_thread_blocked, id=5872, stack(0x0000002c1df00000,0x0000002c1e000000)]
  0x0000017fde952800 JavaThread "block-manager-ask-thread-pool-98" daemon [_thread_blocked, id=5708, stack(0x0000002c1e000000,0x0000002c1e100000)]
  0x0000017fde951000 JavaThread "block-manager-ask-thread-pool-99" daemon [_thread_blocked, id=1660, stack(0x0000002c1e100000,0x0000002c1e200000)]

Other Threads:
=>0x0000017fce15f800 VMThread "VM Thread" [stack: 0x0000002c0c700000,0x0000002c0c800000] [id=3392]
  0x0000017fcec08000 WatcherThread [stack: 0x0000002c0d100000,0x0000002c0d200000] [id=8220]
  0x0000017faacd9000 GCTaskThread "GC Thread#0" [stack: 0x0000002c0c200000,0x0000002c0c300000] [id=14000]
  0x0000017fcee9d000 GCTaskThread "GC Thread#1" [stack: 0x0000002c0d300000,0x0000002c0d400000] [id=5540]
  0x0000017fcf5ee800 GCTaskThread "GC Thread#2" [stack: 0x0000002c0d400000,0x0000002c0d500000] [id=8760]
  0x0000017fd0aa9000 GCTaskThread "GC Thread#3" [stack: 0x0000002c0d800000,0x0000002c0d900000] [id=5964]
  0x0000017faad37000 ConcurrentGCThread "G1 Main Marker" [stack: 0x0000002c0c300000,0x0000002c0c400000] [id=14644]
  0x0000017faad38000 ConcurrentGCThread "G1 Conc#0" [stack: 0x0000002c0c400000,0x0000002c0c500000] [id=26272]
  0x0000017fcdfed000 ConcurrentGCThread "G1 Refine#0" [stack: 0x0000002c0c500000,0x0000002c0c600000] [id=11016]
  0x0000017fcdfee000 ConcurrentGCThread "G1 Young RemSet Sampling" [stack: 0x0000002c0c600000,0x0000002c0c700000] [id=13660]

Threads with active compile tasks:

VM state:at safepoint (normal execution)

VM Mutex/Monitor currently owned by a thread:  ([mutex/lock_event])
[0x0000017faacbc6d0] Threads_lock - owner thread: 0x0000017fce15f800
[0x0000017faacbd840] Heap_lock - owner thread: 0x0000017fdb94b000

Heap address: 0x0000000700000000, size: 4096 MB, Compressed Oops mode: Zero based, Oop shift amount: 3
Narrow klass base: 0x0000000800000000, Narrow klass shift: 3
Compressed class space size: 1073741824 Address: 0x0000000840000000

Heap:
 garbage-first heap   total 1498112K, used 296960K [0x0000000700000000, 0x0000000800000000)
  region size 1024K, 30 young (30720K), 30 survivors (30720K)
 Metaspace       used 165826K, capacity 176772K, committed 177404K, reserved 1198080K
  class space    used 23393K, capacity 28415K, committed 28668K, reserved 1048576K
Heap Regions: E=young(eden), S=young(survivor), O=old, HS=humongous(starts), HC=humongous(continues), CS=collection set, F=free, A=archive, TAMS=top-at-mark-start (previous, next)
|   0|0x0000000700000000, 0x0000000700100000, 0x0000000700100000|100%|HS|  |TAMS 0x0000000700100000, 0x0000000700000000| Complete 
|   1|0x0000000700100000, 0x0000000700200000, 0x0000000700200000|100%|HS|  |TAMS 0x0000000700200000, 0x0000000700100000| Complete 
|   2|0x0000000700200000, 0x0000000700300000, 0x0000000700300000|100%|HC|  |TAMS 0x0000000700300000, 0x0000000700200000| Complete 
|   3|0x0000000700300000, 0x0000000700400000, 0x0000000700400000|100%|HS|  |TAMS 0x0000000700400000, 0x0000000700300000| Complete 
|   4|0x0000000700400000, 0x0000000700500000, 0x0000000700500000|100%|HC|  |TAMS 0x0000000700500000, 0x0000000700400000| Complete 
|   5|0x0000000700500000, 0x0000000700600000, 0x0000000700600000|100%|HC|  |TAMS 0x0000000700600000, 0x0000000700500000| Complete 
|   6|0x0000000700600000, 0x0000000700700000, 0x0000000700700000|100%|HS|  |TAMS 0x0000000700700000, 0x0000000700600000| Complete 
|   7|0x0000000700700000, 0x0000000700800000, 0x0000000700800000|100%|HS|  |TAMS 0x0000000700800000, 0x0000000700700000| Complete 
|   8|0x0000000700800000, 0x0000000700900000, 0x0000000700900000|100%| O|  |TAMS 0x0000000700900000, 0x0000000700800000| Untracked 
|   9|0x0000000700900000, 0x0000000700a00000, 0x0000000700a00000|100%| O|  |TAMS 0x0000000700a00000, 0x0000000700900000| Untracked 
|  10|0x0000000700a00000, 0x0000000700b00000, 0x0000000700b00000|100%| O|  |TAMS 0x0000000700b00000, 0x0000000700a00000| Untracked 
|  11|0x0000000700b00000, 0x0000000700c00000, 0x0000000700c00000|100%| O|  |TAMS 0x0000000700c00000, 0x0000000700b00000| Untracked 
|  12|0x0000000700c00000, 0x0000000700d00000, 0x0000000700d00000|100%| O|  |TAMS 0x0000000700d00000, 0x0000000700c00000| Untracked 
|  13|0x0000000700d00000, 0x0000000700e00000, 0x0000000700e00000|100%| O|  |TAMS 0x0000000700e00000, 0x0000000700d00000| Untracked 
|  14|0x0000000700e00000, 0x0000000700f00000, 0x0000000700f00000|100%| O|  |TAMS 0x0000000700f00000, 0x0000000700e00000| Untracked 
|  15|0x0000000700f00000, 0x0000000701000000, 0x0000000701000000|100%| O|  |TAMS 0x0000000701000000, 0x0000000700f00000| Untracked 
|  16|0x0000000701000000, 0x0000000701100000, 0x0000000701100000|100%| O|  |TAMS 0x0000000701100000, 0x0000000701000000| Untracked 
|  17|0x0000000701100000, 0x0000000701200000, 0x0000000701200000|100%|HS|  |TAMS 0x0000000701200000, 0x0000000701100000| Complete 
|  18|0x0000000701200000, 0x0000000701300000, 0x0000000701300000|100%| O|  |TAMS 0x0000000701300000, 0x0000000701200000| Untracked 
|  19|0x0000000701300000, 0x0000000701400000, 0x0000000701400000|100%| O|  |TAMS 0x0000000701400000, 0x0000000701300000| Untracked 
|  20|0x0000000701400000, 0x0000000701500000, 0x0000000701500000|100%| O|  |TAMS 0x0000000701500000, 0x0000000701400000| Untracked 
|  21|0x0000000701500000, 0x0000000701600000, 0x0000000701600000|100%| O|  |TAMS 0x0000000701600000, 0x0000000701500000| Untracked 
|  22|0x0000000701600000, 0x0000000701700000, 0x0000000701700000|100%| O|  |TAMS 0x0000000701700000, 0x0000000701600000| Untracked 
|  23|0x0000000701700000, 0x0000000701800000, 0x0000000701800000|100%| O|  |TAMS 0x0000000701800000, 0x0000000701700000| Untracked 
|  24|0x0000000701800000, 0x0000000701900000, 0x0000000701900000|100%| O|  |TAMS 0x0000000701900000, 0x0000000701800000| Untracked 
|  25|0x0000000701900000, 0x0000000701a00000, 0x0000000701a00000|100%| O|  |TAMS 0x0000000701a00000, 0x0000000701900000| Untracked 
|  26|0x0000000701a00000, 0x0000000701b00000, 0x0000000701b00000|100%| O|  |TAMS 0x0000000701b00000, 0x0000000701a00000| Untracked 
|  27|0x0000000701b00000, 0x0000000701c00000, 0x0000000701c00000|100%| O|  |TAMS 0x0000000701c00000, 0x0000000701b00000| Untracked 
|  28|0x0000000701c00000, 0x0000000701d00000, 0x0000000701d00000|100%| O|  |TAMS 0x0000000701d00000, 0x0000000701c00000| Untracked 
|  29|0x0000000701d00000, 0x0000000701e00000, 0x0000000701e00000|100%| O|  |TAMS 0x0000000701e00000, 0x0000000701d00000| Untracked 
|  30|0x0000000701e00000, 0x0000000701f00000, 0x0000000701f00000|100%| O|  |TAMS 0x0000000701f00000, 0x0000000701e00000| Untracked 
|  31|0x0000000701f00000, 0x0000000702000000, 0x0000000702000000|100%| O|  |TAMS 0x0000000702000000, 0x0000000701f00000| Untracked 
|  32|0x0000000702000000, 0x0000000702100000, 0x0000000702100000|100%| O|  |TAMS 0x0000000702100000, 0x0000000702000000| Untracked 
|  33|0x0000000702100000, 0x0000000702200000, 0x0000000702200000|100%| O|  |TAMS 0x0000000702200000, 0x0000000702100000| Untracked 
|  34|0x0000000702200000, 0x0000000702300000, 0x0000000702300000|100%| O|  |TAMS 0x0000000702300000, 0x0000000702200000| Untracked 
|  35|0x0000000702300000, 0x0000000702400000, 0x0000000702400000|100%| O|  |TAMS 0x0000000702400000, 0x0000000702300000| Untracked 
|  36|0x0000000702400000, 0x0000000702500000, 0x0000000702500000|100%| O|  |TAMS 0x0000000702500000, 0x0000000702400000| Untracked 
|  37|0x0000000702500000, 0x0000000702600000, 0x0000000702600000|100%| O|  |TAMS 0x0000000702600000, 0x0000000702500000| Untracked 
|  38|0x0000000702600000, 0x0000000702700000, 0x0000000702700000|100%| O|  |TAMS 0x0000000702700000, 0x0000000702600000| Untracked 
|  39|0x0000000702700000, 0x0000000702800000, 0x0000000702800000|100%| O|  |TAMS 0x0000000702800000, 0x0000000702700000| Untracked 
|  40|0x0000000702800000, 0x0000000702900000, 0x0000000702900000|100%| O|  |TAMS 0x0000000702900000, 0x0000000702800000| Untracked 
|  41|0x0000000702900000, 0x0000000702a00000, 0x0000000702a00000|100%| O|  |TAMS 0x0000000702a00000, 0x0000000702900000| Untracked 
|  42|0x0000000702a00000, 0x0000000702b00000, 0x0000000702b00000|100%| O|  |TAMS 0x0000000702b00000, 0x0000000702a00000| Untracked 
|  43|0x0000000702b00000, 0x0000000702c00000, 0x0000000702c00000|100%| O|  |TAMS 0x0000000702c00000, 0x0000000702b00000| Untracked 
|  44|0x0000000702c00000, 0x0000000702d00000, 0x0000000702d00000|100%| O|  |TAMS 0x0000000702d00000, 0x0000000702c00000| Untracked 
|  45|0x0000000702d00000, 0x0000000702e00000, 0x0000000702e00000|100%| O|  |TAMS 0x0000000702d00000, 0x0000000702d00000| Untracked 
|  46|0x0000000702e00000, 0x0000000702f00000, 0x0000000702f00000|100%| O|  |TAMS 0x0000000702f00000, 0x0000000702e00000| Untracked 
|  47|0x0000000702f00000, 0x0000000703000000, 0x0000000703000000|100%| O|  |TAMS 0x0000000703000000, 0x0000000702f00000| Untracked 
|  48|0x0000000703000000, 0x0000000703100000, 0x0000000703100000|100%| O|  |TAMS 0x0000000703000000, 0x0000000703000000| Untracked 
|  49|0x0000000703100000, 0x0000000703200000, 0x0000000703200000|100%| O|  |TAMS 0x0000000703100000, 0x0000000703100000| Untracked 
|  50|0x0000000703200000, 0x0000000703300000, 0x0000000703300000|100%| O|  |TAMS 0x0000000703300000, 0x0000000703200000| Untracked 
|  51|0x0000000703300000, 0x0000000703400000, 0x0000000703400000|100%| O|  |TAMS 0x0000000703400000, 0x0000000703300000| Untracked 
|  52|0x0000000703400000, 0x0000000703500000, 0x0000000703500000|100%| O|  |TAMS 0x0000000703500000, 0x0000000703400000| Untracked 
|  53|0x0000000703500000, 0x0000000703600000, 0x0000000703600000|100%| O|  |TAMS 0x0000000703600000, 0x0000000703500000| Untracked 
|  54|0x0000000703600000, 0x0000000703700000, 0x0000000703700000|100%| O|  |TAMS 0x0000000703700000, 0x0000000703600000| Untracked 
|  55|0x0000000703700000, 0x0000000703800000, 0x0000000703800000|100%| O|  |TAMS 0x0000000703800000, 0x0000000703700000| Untracked 
|  56|0x0000000703800000, 0x0000000703900000, 0x0000000703900000|100%| O|  |TAMS 0x0000000703900000, 0x0000000703800000| Untracked 
|  57|0x0000000703900000, 0x0000000703a00000, 0x0000000703a00000|100%| O|  |TAMS 0x0000000703a00000, 0x0000000703900000| Untracked 
|  58|0x0000000703a00000, 0x0000000703b00000, 0x0000000703b00000|100%| O|  |TAMS 0x0000000703b00000, 0x0000000703a00000| Untracked 
|  59|0x0000000703b00000, 0x0000000703c00000, 0x0000000703c00000|100%| O|  |TAMS 0x0000000703c00000, 0x0000000703b00000| Untracked 
|  60|0x0000000703c00000, 0x0000000703d00000, 0x0000000703d00000|100%| O|  |TAMS 0x0000000703d00000, 0x0000000703c00000| Untracked 
|  61|0x0000000703d00000, 0x0000000703e00000, 0x0000000703e00000|100%| O|  |TAMS 0x0000000703e00000, 0x0000000703d00000| Untracked 
|  62|0x0000000703e00000, 0x0000000703f00000, 0x0000000703f00000|100%| O|  |TAMS 0x0000000703f00000, 0x0000000703e00000| Untracked 
|  63|0x0000000703f00000, 0x0000000704000000, 0x0000000704000000|100%| O|  |TAMS 0x0000000704000000, 0x0000000703f00000| Untracked 
|  64|0x0000000704000000, 0x0000000704100000, 0x0000000704100000|100%| O|  |TAMS 0x0000000704100000, 0x0000000704000000| Untracked 
|  65|0x0000000704100000, 0x0000000704200000, 0x0000000704200000|100%| O|  |TAMS 0x0000000704200000, 0x0000000704100000| Untracked 
|  66|0x0000000704200000, 0x0000000704300000, 0x0000000704300000|100%| O|  |TAMS 0x0000000704300000, 0x0000000704200000| Untracked 
|  67|0x0000000704300000, 0x0000000704400000, 0x0000000704400000|100%| O|  |TAMS 0x0000000704400000, 0x0000000704300000| Untracked 
|  68|0x0000000704400000, 0x0000000704500000, 0x0000000704500000|100%| O|  |TAMS 0x0000000704500000, 0x0000000704400000| Untracked 
|  69|0x0000000704500000, 0x0000000704600000, 0x0000000704600000|100%| O|  |TAMS 0x0000000704600000, 0x0000000704500000| Untracked 
|  70|0x0000000704600000, 0x0000000704700000, 0x0000000704700000|100%| O|  |TAMS 0x0000000704700000, 0x0000000704600000| Untracked 
|  71|0x0000000704700000, 0x0000000704800000, 0x0000000704800000|100%| O|  |TAMS 0x0000000704800000, 0x0000000704700000| Untracked 
|  72|0x0000000704800000, 0x0000000704900000, 0x0000000704900000|100%| O|  |TAMS 0x0000000704900000, 0x0000000704800000| Untracked 
|  73|0x0000000704900000, 0x0000000704a00000, 0x0000000704a00000|100%| O|  |TAMS 0x0000000704a00000, 0x0000000704900000| Untracked 
|  74|0x0000000704a00000, 0x0000000704b00000, 0x0000000704b00000|100%| O|  |TAMS 0x0000000704b00000, 0x0000000704a00000| Untracked 
|  75|0x0000000704b00000, 0x0000000704c00000, 0x0000000704c00000|100%| O|  |TAMS 0x0000000704c00000, 0x0000000704b00000| Untracked 
|  76|0x0000000704c00000, 0x0000000704d00000, 0x0000000704d00000|100%| O|  |TAMS 0x0000000704d00000, 0x0000000704c00000| Untracked 
|  77|0x0000000704d00000, 0x0000000704e00000, 0x0000000704e00000|100%| O|  |TAMS 0x0000000704d00000, 0x0000000704d00000| Untracked 
|  78|0x0000000704e00000, 0x0000000704f00000, 0x0000000704f00000|100%| O|  |TAMS 0x0000000704e00000, 0x0000000704e00000| Untracked 
|  79|0x0000000704f00000, 0x0000000705000000, 0x0000000705000000|100%| O|  |TAMS 0x0000000704f00000, 0x0000000704f00000| Untracked 
|  80|0x0000000705000000, 0x0000000705100000, 0x0000000705100000|100%| O|  |TAMS 0x0000000705000000, 0x0000000705000000| Untracked 
|  81|0x0000000705100000, 0x0000000705200000, 0x0000000705200000|100%| O|  |TAMS 0x0000000705100000, 0x0000000705100000| Untracked 
|  82|0x0000000705200000, 0x0000000705300000, 0x0000000705300000|100%| O|  |TAMS 0x0000000705200000, 0x0000000705200000| Untracked 
|  83|0x0000000705300000, 0x0000000705400000, 0x0000000705400000|100%| O|  |TAMS 0x0000000705300000, 0x0000000705300000| Untracked 
|  84|0x0000000705400000, 0x0000000705500000, 0x0000000705500000|100%| O|  |TAMS 0x0000000705400000, 0x0000000705400000| Untracked 
|  85|0x0000000705500000, 0x0000000705600000, 0x0000000705600000|100%| O|  |TAMS 0x0000000705500000, 0x0000000705500000| Untracked 
|  86|0x0000000705600000, 0x0000000705700000, 0x0000000705700000|100%| O|  |TAMS 0x0000000705600000, 0x0000000705600000| Untracked 
|  87|0x0000000705700000, 0x0000000705800000, 0x0000000705800000|100%| O|  |TAMS 0x0000000705700000, 0x0000000705700000| Untracked 
|  88|0x0000000705800000, 0x0000000705900000, 0x0000000705900000|100%| O|  |TAMS 0x0000000705800000, 0x0000000705800000| Untracked 
|  89|0x0000000705900000, 0x0000000705a00000, 0x0000000705a00000|100%| O|  |TAMS 0x0000000705900000, 0x0000000705900000| Untracked 
|  90|0x0000000705a00000, 0x0000000705b00000, 0x0000000705b00000|100%| O|  |TAMS 0x0000000705a00000, 0x0000000705a00000| Untracked 
|  91|0x0000000705b00000, 0x0000000705c00000, 0x0000000705c00000|100%| O|  |TAMS 0x0000000705b00000, 0x0000000705b00000| Untracked 
|  92|0x0000000705c00000, 0x0000000705d00000, 0x0000000705d00000|100%| O|  |TAMS 0x0000000705c00000, 0x0000000705c00000| Untracked 
|  93|0x0000000705d00000, 0x0000000705e00000, 0x0000000705e00000|100%| O|  |TAMS 0x0000000705d00000, 0x0000000705d00000| Untracked 
|  94|0x0000000705e00000, 0x0000000705f00000, 0x0000000705f00000|100%| O|  |TAMS 0x0000000705e00000, 0x0000000705e00000| Untracked 
|  95|0x0000000705f00000, 0x0000000706000000, 0x0000000706000000|100%| O|  |TAMS 0x0000000705f00000, 0x0000000705f00000| Untracked 
|  96|0x0000000706000000, 0x0000000706100000, 0x0000000706100000|100%| O|  |TAMS 0x0000000706000000, 0x0000000706000000| Untracked 
|  97|0x0000000706100000, 0x0000000706200000, 0x0000000706200000|100%| O|  |TAMS 0x0000000706100000, 0x0000000706100000| Untracked 
|  98|0x0000000706200000, 0x0000000706300000, 0x0000000706300000|100%| O|  |TAMS 0x0000000706200000, 0x0000000706200000| Untracked 
|  99|0x0000000706300000, 0x0000000706400000, 0x0000000706400000|100%| O|  |TAMS 0x0000000706300000, 0x0000000706300000| Untracked 
| 100|0x0000000706400000, 0x0000000706500000, 0x0000000706500000|100%|HS|  |TAMS 0x0000000706400000, 0x0000000706400000| Complete 
| 101|0x0000000706500000, 0x0000000706600000, 0x0000000706600000|100%| O|  |TAMS 0x0000000706500000, 0x0000000706500000| Untracked 
| 102|0x0000000706600000, 0x0000000706700000, 0x0000000706700000|100%| O|  |TAMS 0x0000000706600000, 0x0000000706600000| Untracked 
| 103|0x0000000706700000, 0x0000000706800000, 0x0000000706800000|100%| O|  |TAMS 0x0000000706700000, 0x0000000706700000| Untracked 
| 104|0x0000000706800000, 0x0000000706900000, 0x0000000706900000|100%| O|  |TAMS 0x0000000706800000, 0x0000000706800000| Untracked 
| 105|0x0000000706900000, 0x0000000706a00000, 0x0000000706a00000|100%| O|  |TAMS 0x0000000706900000, 0x0000000706900000| Untracked 
| 106|0x0000000706a00000, 0x0000000706b00000, 0x0000000706b00000|100%| O|  |TAMS 0x0000000706a00000, 0x0000000706a00000| Untracked 
| 107|0x0000000706b00000, 0x0000000706c00000, 0x0000000706c00000|100%| O|  |TAMS 0x0000000706b00000, 0x0000000706b00000| Untracked 
| 108|0x0000000706c00000, 0x0000000706d00000, 0x0000000706d00000|100%| O|  |TAMS 0x0000000706c00000, 0x0000000706c00000| Untracked 
| 109|0x0000000706d00000, 0x0000000706e00000, 0x0000000706e00000|100%| O|  |TAMS 0x0000000706d00000, 0x0000000706d00000| Untracked 
| 110|0x0000000706e00000, 0x0000000706f00000, 0x0000000706f00000|100%| O|  |TAMS 0x0000000706e00000, 0x0000000706e00000| Untracked 
| 111|0x0000000706f00000, 0x0000000707000000, 0x0000000707000000|100%| O|  |TAMS 0x0000000706f00000, 0x0000000706f00000| Untracked 
| 112|0x0000000707000000, 0x0000000707100000, 0x0000000707100000|100%| O|  |TAMS 0x0000000707000000, 0x0000000707000000| Untracked 
| 113|0x0000000707100000, 0x0000000707200000, 0x0000000707200000|100%| O|  |TAMS 0x0000000707100000, 0x0000000707100000| Untracked 
| 114|0x0000000707200000, 0x0000000707300000, 0x0000000707300000|100%| O|  |TAMS 0x0000000707200000, 0x0000000707200000| Untracked 
| 115|0x0000000707300000, 0x0000000707400000, 0x0000000707400000|100%| O|  |TAMS 0x0000000707300000, 0x0000000707300000| Untracked 
| 116|0x0000000707400000, 0x0000000707500000, 0x0000000707500000|100%| O|  |TAMS 0x0000000707400000, 0x0000000707400000| Untracked 
| 117|0x0000000707500000, 0x0000000707600000, 0x0000000707600000|100%| O|  |TAMS 0x0000000707500000, 0x0000000707500000| Untracked 
| 118|0x0000000707600000, 0x0000000707700000, 0x0000000707700000|100%| O|  |TAMS 0x0000000707600000, 0x0000000707600000| Untracked 
| 119|0x0000000707700000, 0x0000000707800000, 0x0000000707800000|100%| O|  |TAMS 0x0000000707700000, 0x0000000707700000| Untracked 
| 120|0x0000000707800000, 0x0000000707900000, 0x0000000707900000|100%| O|  |TAMS 0x0000000707800000, 0x0000000707800000| Untracked 
| 121|0x0000000707900000, 0x0000000707a00000, 0x0000000707a00000|100%| O|  |TAMS 0x0000000707900000, 0x0000000707900000| Untracked 
| 122|0x0000000707a00000, 0x0000000707b00000, 0x0000000707b00000|100%| O|  |TAMS 0x0000000707a00000, 0x0000000707a00000| Untracked 
| 123|0x0000000707b00000, 0x0000000707c00000, 0x0000000707c00000|100%| O|  |TAMS 0x0000000707b00000, 0x0000000707b00000| Untracked 
| 124|0x0000000707c00000, 0x0000000707d00000, 0x0000000707d00000|100%| O|  |TAMS 0x0000000707c00000, 0x0000000707c00000| Untracked 
| 125|0x0000000707d00000, 0x0000000707e00000, 0x0000000707e00000|100%| O|  |TAMS 0x0000000707d00000, 0x0000000707d00000| Untracked 
| 126|0x0000000707e00000, 0x0000000707f00000, 0x0000000707f00000|100%| O|  |TAMS 0x0000000707e00000, 0x0000000707e00000| Untracked 
| 127|0x0000000707f00000, 0x0000000708000000, 0x0000000708000000|100%| O|  |TAMS 0x0000000707f00000, 0x0000000707f00000| Untracked 
| 128|0x0000000708000000, 0x0000000708100000, 0x0000000708100000|100%| O|  |TAMS 0x0000000708000000, 0x0000000708000000| Untracked 
| 129|0x0000000708100000, 0x0000000708200000, 0x0000000708200000|100%| O|  |TAMS 0x0000000708100000, 0x0000000708100000| Untracked 
| 130|0x0000000708200000, 0x0000000708300000, 0x0000000708300000|100%| O|  |TAMS 0x0000000708200000, 0x0000000708200000| Untracked 
| 131|0x0000000708300000, 0x0000000708400000, 0x0000000708400000|100%| O|  |TAMS 0x0000000708300000, 0x0000000708300000| Untracked 
| 132|0x0000000708400000, 0x0000000708500000, 0x0000000708500000|100%| O|  |TAMS 0x0000000708400000, 0x0000000708400000| Untracked 
| 133|0x0000000708500000, 0x0000000708600000, 0x0000000708600000|100%| O|  |TAMS 0x0000000708500000, 0x0000000708500000| Untracked 
| 134|0x0000000708600000, 0x0000000708700000, 0x0000000708700000|100%| O|  |TAMS 0x0000000708600000, 0x0000000708600000| Untracked 
| 135|0x0000000708700000, 0x0000000708800000, 0x0000000708800000|100%| O|  |TAMS 0x0000000708700000, 0x0000000708700000| Untracked 
| 136|0x0000000708800000, 0x0000000708900000, 0x0000000708900000|100%| O|  |TAMS 0x0000000708800000, 0x0000000708800000| Untracked 
| 137|0x0000000708900000, 0x0000000708a00000, 0x0000000708a00000|100%| O|  |TAMS 0x0000000708900000, 0x0000000708900000| Untracked 
| 138|0x0000000708a00000, 0x0000000708b00000, 0x0000000708b00000|100%| O|  |TAMS 0x0000000708a00000, 0x0000000708a00000| Untracked 
| 139|0x0000000708b00000, 0x0000000708c00000, 0x0000000708c00000|100%| O|  |TAMS 0x0000000708b00000, 0x0000000708b00000| Untracked 
| 140|0x0000000708c00000, 0x0000000708d00000, 0x0000000708d00000|100%| O|  |TAMS 0x0000000708c00000, 0x0000000708c00000| Untracked 
| 141|0x0000000708d00000, 0x0000000708e00000, 0x0000000708e00000|100%| O|  |TAMS 0x0000000708e00000, 0x0000000708d00000| Untracked 
| 142|0x0000000708e00000, 0x0000000708f00000, 0x0000000708f00000|100%| O|  |TAMS 0x0000000708f00000, 0x0000000708e00000| Untracked 
| 143|0x0000000708f00000, 0x0000000709000000, 0x0000000709000000|100%| O|  |TAMS 0x0000000709000000, 0x0000000708f00000| Untracked 
| 144|0x0000000709000000, 0x0000000709100000, 0x0000000709100000|100%| O|  |TAMS 0x0000000709100000, 0x0000000709000000| Untracked 
| 145|0x0000000709100000, 0x0000000709200000, 0x0000000709200000|100%| O|  |TAMS 0x0000000709200000, 0x0000000709100000| Untracked 
| 146|0x0000000709200000, 0x0000000709300000, 0x0000000709300000|100%| O|  |TAMS 0x0000000709300000, 0x0000000709200000| Untracked 
| 147|0x0000000709300000, 0x0000000709400000, 0x0000000709400000|100%| O|  |TAMS 0x0000000709400000, 0x0000000709300000| Untracked 
| 148|0x0000000709400000, 0x0000000709500000, 0x0000000709500000|100%| O|  |TAMS 0x0000000709500000, 0x0000000709400000| Untracked 
| 149|0x0000000709500000, 0x0000000709600000, 0x0000000709600000|100%| O|  |TAMS 0x0000000709500000, 0x0000000709500000| Untracked 
| 150|0x0000000709600000, 0x0000000709700000, 0x0000000709700000|100%| O|  |TAMS 0x0000000709700000, 0x0000000709600000| Untracked 
| 151|0x0000000709700000, 0x0000000709800000, 0x0000000709800000|100%| O|  |TAMS 0x0000000709700000, 0x0000000709700000| Untracked 
| 152|0x0000000709800000, 0x0000000709900000, 0x0000000709900000|100%| O|  |TAMS 0x0000000709900000, 0x0000000709800000| Untracked 
| 153|0x0000000709900000, 0x0000000709a00000, 0x0000000709a00000|100%| O|  |TAMS 0x0000000709a00000, 0x0000000709900000| Untracked 
| 154|0x0000000709a00000, 0x0000000709b00000, 0x0000000709b00000|100%| O|  |TAMS 0x0000000709a00000, 0x0000000709a00000| Untracked 
| 155|0x0000000709b00000, 0x0000000709c00000, 0x0000000709c00000|100%| O|  |TAMS 0x0000000709c00000, 0x0000000709b00000| Untracked 
| 156|0x0000000709c00000, 0x0000000709d00000, 0x0000000709d00000|100%| O|  |TAMS 0x0000000709d00000, 0x0000000709c00000| Untracked 
| 157|0x0000000709d00000, 0x0000000709e00000, 0x0000000709e00000|100%| O|  |TAMS 0x0000000709d00000, 0x0000000709d00000| Untracked 
| 158|0x0000000709e00000, 0x0000000709f00000, 0x0000000709f00000|100%| O|  |TAMS 0x0000000709e00000, 0x0000000709e00000| Untracked 
| 159|0x0000000709f00000, 0x000000070a000000, 0x000000070a000000|100%| O|  |TAMS 0x0000000709f00000, 0x0000000709f00000| Untracked 
| 160|0x000000070a000000, 0x000000070a100000, 0x000000070a100000|100%| O|  |TAMS 0x000000070a000000, 0x000000070a000000| Untracked 
| 161|0x000000070a100000, 0x000000070a200000, 0x000000070a200000|100%| O|  |TAMS 0x000000070a100000, 0x000000070a100000| Untracked 
| 162|0x000000070a200000, 0x000000070a300000, 0x000000070a300000|100%| O|  |TAMS 0x000000070a200000, 0x000000070a200000| Untracked 
| 163|0x000000070a300000, 0x000000070a400000, 0x000000070a400000|100%| O|  |TAMS 0x000000070a300000, 0x000000070a300000| Untracked 
| 164|0x000000070a400000, 0x000000070a500000, 0x000000070a500000|100%| O|  |TAMS 0x000000070a400000, 0x000000070a400000| Untracked 
| 165|0x000000070a500000, 0x000000070a600000, 0x000000070a600000|100%| O|  |TAMS 0x000000070a600000, 0x000000070a500000| Untracked 
| 166|0x000000070a600000, 0x000000070a700000, 0x000000070a700000|100%| O|  |TAMS 0x000000070a700000, 0x000000070a600000| Untracked 
| 167|0x000000070a700000, 0x000000070a800000, 0x000000070a800000|100%| O|  |TAMS 0x000000070a800000, 0x000000070a700000| Untracked 
| 168|0x000000070a800000, 0x000000070a900000, 0x000000070a900000|100%| O|  |TAMS 0x000000070a800000, 0x000000070a800000| Untracked 
| 169|0x000000070a900000, 0x000000070aa00000, 0x000000070aa00000|100%| O|  |TAMS 0x000000070aa00000, 0x000000070a900000| Untracked 
| 170|0x000000070aa00000, 0x000000070ab00000, 0x000000070ab00000|100%| O|  |TAMS 0x000000070aa00000, 0x000000070aa00000| Untracked 
| 171|0x000000070ab00000, 0x000000070ac00000, 0x000000070ac00000|100%| O|  |TAMS 0x000000070ab00000, 0x000000070ab00000| Untracked 
| 172|0x000000070ac00000, 0x000000070ad00000, 0x000000070ad00000|100%| O|  |TAMS 0x000000070ac00000, 0x000000070ac00000| Untracked 
| 173|0x000000070ad00000, 0x000000070ae00000, 0x000000070ae00000|100%| O|  |TAMS 0x000000070ad00000, 0x000000070ad00000| Untracked 
| 174|0x000000070ae00000, 0x000000070af00000, 0x000000070af00000|100%| O|  |TAMS 0x000000070ae00000, 0x000000070ae00000| Untracked 
| 175|0x000000070af00000, 0x000000070b000000, 0x000000070b000000|100%| O|  |TAMS 0x000000070af00000, 0x000000070af00000| Untracked 
| 176|0x000000070b000000, 0x000000070b100000, 0x000000070b100000|100%| O|  |TAMS 0x000000070b000000, 0x000000070b000000| Untracked 
| 177|0x000000070b100000, 0x000000070b200000, 0x000000070b200000|100%| O|  |TAMS 0x000000070b100000, 0x000000070b100000| Untracked 
| 178|0x000000070b200000, 0x000000070b300000, 0x000000070b300000|100%| O|  |TAMS 0x000000070b300000, 0x000000070b200000| Untracked 
| 179|0x000000070b300000, 0x000000070b400000, 0x000000070b400000|100%| O|  |TAMS 0x000000070b400000, 0x000000070b300000| Untracked 
| 180|0x000000070b400000, 0x000000070b500000, 0x000000070b500000|100%| O|  |TAMS 0x000000070b500000, 0x000000070b400000| Untracked 
| 181|0x000000070b500000, 0x000000070b600000, 0x000000070b600000|100%| O|  |TAMS 0x000000070b600000, 0x000000070b500000| Untracked 
| 182|0x000000070b600000, 0x000000070b700000, 0x000000070b700000|100%| O|  |TAMS 0x000000070b700000, 0x000000070b600000| Untracked 
| 183|0x000000070b700000, 0x000000070b800000, 0x000000070b800000|100%| O|  |TAMS 0x000000070b800000, 0x000000070b700000| Untracked 
| 184|0x000000070b800000, 0x000000070b900000, 0x000000070b900000|100%| O|  |TAMS 0x000000070b900000, 0x000000070b800000| Untracked 
| 185|0x000000070b900000, 0x000000070ba00000, 0x000000070ba00000|100%| O|  |TAMS 0x000000070b900000, 0x000000070b900000| Untracked 
| 186|0x000000070ba00000, 0x000000070bb00000, 0x000000070bb00000|100%| O|  |TAMS 0x000000070ba00000, 0x000000070ba00000| Untracked 
| 187|0x000000070bb00000, 0x000000070bc00000, 0x000000070bc00000|100%| O|  |TAMS 0x000000070bb00000, 0x000000070bb00000| Untracked 
| 188|0x000000070bc00000, 0x000000070bd00000, 0x000000070bd00000|100%| O|  |TAMS 0x000000070bc00000, 0x000000070bc00000| Untracked 
| 189|0x000000070bd00000, 0x000000070be00000, 0x000000070be00000|100%| O|  |TAMS 0x000000070be00000, 0x000000070bd00000| Untracked 
| 190|0x000000070be00000, 0x000000070bf00000, 0x000000070bf00000|100%| O|  |TAMS 0x000000070bf00000, 0x000000070be00000| Untracked 
| 191|0x000000070bf00000, 0x000000070c000000, 0x000000070c000000|100%| O|  |TAMS 0x000000070bf00000, 0x000000070bf00000| Untracked 
| 192|0x000000070c000000, 0x000000070c100000, 0x000000070c100000|100%| O|  |TAMS 0x000000070c000000, 0x000000070c000000| Untracked 
| 193|0x000000070c100000, 0x000000070c200000, 0x000000070c200000|100%| O|  |TAMS 0x000000070c100000, 0x000000070c100000| Untracked 
| 194|0x000000070c200000, 0x000000070c300000, 0x000000070c300000|100%| O|  |TAMS 0x000000070c200000, 0x000000070c200000| Untracked 
| 195|0x000000070c300000, 0x000000070c400000, 0x000000070c400000|100%| O|  |TAMS 0x000000070c300000, 0x000000070c300000| Untracked 
| 196|0x000000070c400000, 0x000000070c500000, 0x000000070c500000|100%| O|  |TAMS 0x000000070c400000, 0x000000070c400000| Untracked 
| 197|0x000000070c500000, 0x000000070c600000, 0x000000070c600000|100%| O|  |TAMS 0x000000070c600000, 0x000000070c500000| Untracked 
| 198|0x000000070c600000, 0x000000070c700000, 0x000000070c700000|100%| O|  |TAMS 0x000000070c600000, 0x000000070c600000| Untracked 
| 199|0x000000070c700000, 0x000000070c800000, 0x000000070c800000|100%| O|  |TAMS 0x000000070c700000, 0x000000070c700000| Untracked 
| 200|0x000000070c800000, 0x000000070c900000, 0x000000070c900000|100%| O|  |TAMS 0x000000070c800000, 0x000000070c800000| Untracked 
| 201|0x000000070c900000, 0x000000070ca00000, 0x000000070ca00000|100%| O|  |TAMS 0x000000070c900000, 0x000000070c900000| Untracked 
| 202|0x000000070ca00000, 0x000000070cb00000, 0x000000070cb00000|100%| O|  |TAMS 0x000000070ca00000, 0x000000070ca00000| Untracked 
| 203|0x000000070cb00000, 0x000000070cc00000, 0x000000070cc00000|100%| O|  |TAMS 0x000000070cb00000, 0x000000070cb00000| Untracked 
| 204|0x000000070cc00000, 0x000000070cd00000, 0x000000070cd00000|100%| O|  |TAMS 0x000000070cd00000, 0x000000070cc00000| Untracked 
| 205|0x000000070cd00000, 0x000000070ce00000, 0x000000070ce00000|100%| O|  |TAMS 0x000000070ce00000, 0x000000070cd00000| Untracked 
| 206|0x000000070ce00000, 0x000000070cf00000, 0x000000070cf00000|100%| O|  |TAMS 0x000000070cf00000, 0x000000070ce00000| Untracked 
| 207|0x000000070cf00000, 0x000000070d000000, 0x000000070d000000|100%| O|  |TAMS 0x000000070cf00000, 0x000000070cf00000| Untracked 
| 208|0x000000070d000000, 0x000000070d100000, 0x000000070d100000|100%| O|  |TAMS 0x000000070d100000, 0x000000070d000000| Untracked 
| 209|0x000000070d100000, 0x000000070d200000, 0x000000070d200000|100%| O|  |TAMS 0x000000070d100000, 0x000000070d100000| Untracked 
| 210|0x000000070d200000, 0x000000070d300000, 0x000000070d300000|100%| O|  |TAMS 0x000000070d200000, 0x000000070d200000| Untracked 
| 211|0x000000070d300000, 0x000000070d400000, 0x000000070d400000|100%| O|  |TAMS 0x000000070d300000, 0x000000070d300000| Untracked 
| 212|0x000000070d400000, 0x000000070d500000, 0x000000070d500000|100%| O|  |TAMS 0x000000070d400000, 0x000000070d400000| Untracked 
| 213|0x000000070d500000, 0x000000070d600000, 0x000000070d600000|100%| O|  |TAMS 0x000000070d500000, 0x000000070d500000| Untracked 
| 214|0x000000070d600000, 0x000000070d700000, 0x000000070d700000|100%| O|  |TAMS 0x000000070d600000, 0x000000070d600000| Untracked 
| 215|0x000000070d700000, 0x000000070d800000, 0x000000070d800000|100%| O|  |TAMS 0x000000070d700000, 0x000000070d700000| Untracked 
| 216|0x000000070d800000, 0x000000070d900000, 0x000000070d900000|100%| O|  |TAMS 0x000000070d800000, 0x000000070d800000| Untracked 
| 217|0x000000070d900000, 0x000000070d900000, 0x000000070da00000|  0%| F|  |TAMS 0x000000070d900000, 0x000000070d900000| Untracked 
| 218|0x000000070da00000, 0x000000070da00000, 0x000000070db00000|  0%| F|  |TAMS 0x000000070da00000, 0x000000070da00000| Untracked 
| 219|0x000000070db00000, 0x000000070db00000, 0x000000070dc00000|  0%| F|  |TAMS 0x000000070db00000, 0x000000070db00000| Untracked 
| 220|0x000000070dc00000, 0x000000070dc00000, 0x000000070dd00000|  0%| F|  |TAMS 0x000000070dc00000, 0x000000070dc00000| Untracked 
| 221|0x000000070dd00000, 0x000000070dd00000, 0x000000070de00000|  0%| F|  |TAMS 0x000000070dd00000, 0x000000070dd00000| Untracked 
| 222|0x000000070de00000, 0x000000070de00000, 0x000000070df00000|  0%| F|  |TAMS 0x000000070de00000, 0x000000070de00000| Untracked 
| 223|0x000000070df00000, 0x000000070e000000, 0x000000070e000000|100%| O|  |TAMS 0x000000070e000000, 0x000000070df00000| Untracked 
| 224|0x000000070e000000, 0x000000070e100000, 0x000000070e100000|100%| O|  |TAMS 0x000000070e100000, 0x000000070e000000| Untracked 
| 225|0x000000070e100000, 0x000000070e200000, 0x000000070e200000|100%| O|  |TAMS 0x000000070e200000, 0x000000070e100000| Untracked 
| 226|0x000000070e200000, 0x000000070e300000, 0x000000070e300000|100%| O|  |TAMS 0x000000070e300000, 0x000000070e200000| Untracked 
| 227|0x000000070e300000, 0x000000070e400000, 0x000000070e400000|100%| O|  |TAMS 0x000000070e400000, 0x000000070e300000| Untracked 
| 228|0x000000070e400000, 0x000000070e500000, 0x000000070e500000|100%| O|  |TAMS 0x000000070e500000, 0x000000070e400000| Untracked 
| 229|0x000000070e500000, 0x000000070e600000, 0x000000070e600000|100%| O|  |TAMS 0x000000070e600000, 0x000000070e500000| Untracked 
| 230|0x000000070e600000, 0x000000070e700000, 0x000000070e700000|100%| O|  |TAMS 0x000000070e700000, 0x000000070e600000| Untracked 
| 231|0x000000070e700000, 0x000000070e800000, 0x000000070e800000|100%| O|  |TAMS 0x000000070e800000, 0x000000070e700000| Untracked 
| 232|0x000000070e800000, 0x000000070e900000, 0x000000070e900000|100%| O|  |TAMS 0x000000070e900000, 0x000000070e800000| Untracked 
| 233|0x000000070e900000, 0x000000070ea00000, 0x000000070ea00000|100%| O|  |TAMS 0x000000070ea00000, 0x000000070e900000| Untracked 
| 234|0x000000070ea00000, 0x000000070eb00000, 0x000000070eb00000|100%| O|  |TAMS 0x000000070eb00000, 0x000000070ea00000| Untracked 
| 235|0x000000070eb00000, 0x000000070ec00000, 0x000000070ec00000|100%| O|  |TAMS 0x000000070ec00000, 0x000000070eb00000| Untracked 
| 236|0x000000070ec00000, 0x000000070ed00000, 0x000000070ed00000|100%| O|  |TAMS 0x000000070ed00000, 0x000000070ec00000| Untracked 
| 237|0x000000070ed00000, 0x000000070ee00000, 0x000000070ee00000|100%| O|  |TAMS 0x000000070ee00000, 0x000000070ed00000| Untracked 
| 238|0x000000070ee00000, 0x000000070ef00000, 0x000000070ef00000|100%| O|  |TAMS 0x000000070ef00000, 0x000000070ee00000| Untracked 
| 239|0x000000070ef00000, 0x000000070f000000, 0x000000070f000000|100%| O|  |TAMS 0x000000070f000000, 0x000000070ef00000| Untracked 
| 240|0x000000070f000000, 0x000000070f100000, 0x000000070f100000|100%| O|  |TAMS 0x000000070f100000, 0x000000070f000000| Untracked 
| 241|0x000000070f100000, 0x000000070f200000, 0x000000070f200000|100%| O|  |TAMS 0x000000070f200000, 0x000000070f100000| Untracked 
| 242|0x000000070f200000, 0x000000070f300000, 0x000000070f300000|100%| O|  |TAMS 0x000000070f300000, 0x000000070f200000| Untracked 
| 243|0x000000070f300000, 0x000000070f400000, 0x000000070f400000|100%| O|  |TAMS 0x000000070f400000, 0x000000070f300000| Untracked 
| 244|0x000000070f400000, 0x000000070f400000, 0x000000070f500000|  0%| F|  |TAMS 0x000000070f400000, 0x000000070f400000| Untracked 
| 245|0x000000070f500000, 0x000000070f500000, 0x000000070f600000|  0%| F|  |TAMS 0x000000070f500000, 0x000000070f500000| Untracked 
| 246|0x000000070f600000, 0x000000070f600000, 0x000000070f700000|  0%| F|  |TAMS 0x000000070f600000, 0x000000070f600000| Untracked 
| 247|0x000000070f700000, 0x000000070f700000, 0x000000070f800000|  0%| F|  |TAMS 0x000000070f700000, 0x000000070f700000| Untracked 
| 248|0x000000070f800000, 0x000000070f800000, 0x000000070f900000|  0%| F|  |TAMS 0x000000070f800000, 0x000000070f800000| Untracked 
| 249|0x000000070f900000, 0x000000070f900000, 0x000000070fa00000|  0%| F|  |TAMS 0x000000070f900000, 0x000000070f900000| Untracked 
| 250|0x000000070fa00000, 0x000000070fa00000, 0x000000070fb00000|  0%| F|  |TAMS 0x000000070fa00000, 0x000000070fa00000| Untracked 
| 251|0x000000070fb00000, 0x000000070fb00000, 0x000000070fc00000|  0%| F|  |TAMS 0x000000070fb00000, 0x000000070fb00000| Untracked 
| 252|0x000000070fc00000, 0x000000070fc00000, 0x000000070fd00000|  0%| F|  |TAMS 0x000000070fc00000, 0x000000070fc00000| Untracked 
| 253|0x000000070fd00000, 0x000000070fd00000, 0x000000070fe00000|  0%| F|  |TAMS 0x000000070fd00000, 0x000000070fd00000| Untracked 
| 254|0x000000070fe00000, 0x000000070fe00000, 0x000000070ff00000|  0%| F|  |TAMS 0x000000070fe00000, 0x000000070fe00000| Untracked 
| 255|0x000000070ff00000, 0x000000070ff00000, 0x0000000710000000|  0%| F|  |TAMS 0x000000070ff00000, 0x000000070ff00000| Untracked 
| 256|0x0000000710000000, 0x0000000710000000, 0x0000000710100000|  0%| F|  |TAMS 0x0000000710000000, 0x0000000710000000| Untracked 
| 257|0x0000000710100000, 0x0000000710100000, 0x0000000710200000|  0%| F|  |TAMS 0x0000000710100000, 0x0000000710100000| Untracked 
| 258|0x0000000710200000, 0x0000000710200000, 0x0000000710300000|  0%| F|  |TAMS 0x0000000710200000, 0x0000000710200000| Untracked 
| 259|0x0000000710300000, 0x0000000710300000, 0x0000000710400000|  0%| F|  |TAMS 0x0000000710300000, 0x0000000710300000| Untracked 
| 260|0x0000000710400000, 0x0000000710500000, 0x0000000710500000|100%| O|  |TAMS 0x0000000710500000, 0x0000000710400000| Untracked 
| 261|0x0000000710500000, 0x0000000710600000, 0x0000000710600000|100%| O|  |TAMS 0x0000000710600000, 0x0000000710500000| Untracked 
| 262|0x0000000710600000, 0x0000000710700000, 0x0000000710700000|100%| O|  |TAMS 0x0000000710700000, 0x0000000710600000| Untracked 
| 263|0x0000000710700000, 0x0000000710800000, 0x0000000710800000|100%| O|  |TAMS 0x0000000710800000, 0x0000000710700000| Untracked 
| 264|0x0000000710800000, 0x0000000710900000, 0x0000000710900000|100%| O|  |TAMS 0x0000000710900000, 0x0000000710800000| Untracked 
| 265|0x0000000710900000, 0x0000000710a00000, 0x0000000710a00000|100%| O|  |TAMS 0x0000000710a00000, 0x0000000710900000| Untracked 
| 266|0x0000000710a00000, 0x0000000710b00000, 0x0000000710b00000|100%| O|  |TAMS 0x0000000710b00000, 0x0000000710a00000| Untracked 
| 267|0x0000000710b00000, 0x0000000710c00000, 0x0000000710c00000|100%| O|  |TAMS 0x0000000710c00000, 0x0000000710b00000| Untracked 
| 268|0x0000000710c00000, 0x0000000710d00000, 0x0000000710d00000|100%| O|  |TAMS 0x0000000710d00000, 0x0000000710c00000| Untracked 
| 269|0x0000000710d00000, 0x0000000710e00000, 0x0000000710e00000|100%| O|  |TAMS 0x0000000710e00000, 0x0000000710d00000| Untracked 
| 270|0x0000000710e00000, 0x0000000710f00000, 0x0000000710f00000|100%| O|  |TAMS 0x0000000710f00000, 0x0000000710e00000| Untracked 
| 271|0x0000000710f00000, 0x0000000711000000, 0x0000000711000000|100%| O|  |TAMS 0x0000000711000000, 0x0000000710f00000| Untracked 
| 272|0x0000000711000000, 0x0000000711100000, 0x0000000711100000|100%| O|  |TAMS 0x0000000711100000, 0x0000000711000000| Untracked 
| 273|0x0000000711100000, 0x0000000711200000, 0x0000000711200000|100%| O|  |TAMS 0x0000000711200000, 0x0000000711100000| Untracked 
| 274|0x0000000711200000, 0x0000000711300000, 0x0000000711300000|100%| O|  |TAMS 0x0000000711300000, 0x0000000711200000| Untracked 
| 275|0x0000000711300000, 0x0000000711400000, 0x0000000711400000|100%| O|  |TAMS 0x0000000711400000, 0x0000000711300000| Untracked 
| 276|0x0000000711400000, 0x0000000711500000, 0x0000000711500000|100%| O|  |TAMS 0x0000000711500000, 0x0000000711400000| Untracked 
| 277|0x0000000711500000, 0x0000000711600000, 0x0000000711600000|100%| O|  |TAMS 0x0000000711600000, 0x0000000711500000| Untracked 
| 278|0x0000000711600000, 0x0000000711700000, 0x0000000711700000|100%| O|  |TAMS 0x0000000711700000, 0x0000000711600000| Untracked 
| 279|0x0000000711700000, 0x0000000711800000, 0x0000000711800000|100%| O|  |TAMS 0x0000000711800000, 0x0000000711700000| Untracked 
| 280|0x0000000711800000, 0x0000000711900000, 0x0000000711900000|100%| O|  |TAMS 0x0000000711900000, 0x0000000711800000| Untracked 
| 281|0x0000000711900000, 0x0000000711a00000, 0x0000000711a00000|100%| O|  |TAMS 0x0000000711a00000, 0x0000000711900000| Untracked 
| 282|0x0000000711a00000, 0x0000000711a00000, 0x0000000711b00000|  0%| F|  |TAMS 0x0000000711a00000, 0x0000000711a00000| Untracked 
| 283|0x0000000711b00000, 0x0000000711b00000, 0x0000000711c00000|  0%| F|  |TAMS 0x0000000711b00000, 0x0000000711b00000| Untracked 
| 284|0x0000000711c00000, 0x0000000711c00000, 0x0000000711d00000|  0%| F|  |TAMS 0x0000000711c00000, 0x0000000711c00000| Untracked 
| 285|0x0000000711d00000, 0x0000000711d00000, 0x0000000711e00000|  0%| F|  |TAMS 0x0000000711d00000, 0x0000000711d00000| Untracked 
| 286|0x0000000711e00000, 0x0000000711e00000, 0x0000000711f00000|  0%| F|  |TAMS 0x0000000711e00000, 0x0000000711e00000| Untracked 
| 287|0x0000000711f00000, 0x0000000711f00000, 0x0000000712000000|  0%| F|  |TAMS 0x0000000711f00000, 0x0000000711f00000| Untracked 
| 288|0x0000000712000000, 0x0000000712000000, 0x0000000712100000|  0%| F|  |TAMS 0x0000000712000000, 0x0000000712000000| Untracked 
| 289|0x0000000712100000, 0x0000000712100000, 0x0000000712200000|  0%| F|  |TAMS 0x0000000712100000, 0x0000000712100000| Untracked 
| 290|0x0000000712200000, 0x0000000712200000, 0x0000000712300000|  0%| F|  |TAMS 0x0000000712200000, 0x0000000712200000| Untracked 
| 291|0x0000000712300000, 0x0000000712300000, 0x0000000712400000|  0%| F|  |TAMS 0x0000000712300000, 0x0000000712300000| Untracked 
| 292|0x0000000712400000, 0x0000000712400000, 0x0000000712500000|  0%| F|  |TAMS 0x0000000712400000, 0x0000000712400000| Untracked 
| 293|0x0000000712500000, 0x0000000712500000, 0x0000000712600000|  0%| F|  |TAMS 0x0000000712500000, 0x0000000712500000| Untracked 
| 294|0x0000000712600000, 0x0000000712600000, 0x0000000712700000|  0%| F|  |TAMS 0x0000000712600000, 0x0000000712600000| Untracked 
| 295|0x0000000712700000, 0x0000000712700000, 0x0000000712800000|  0%| F|  |TAMS 0x0000000712700000, 0x0000000712700000| Untracked 
| 296|0x0000000712800000, 0x0000000712800000, 0x0000000712900000|  0%| F|  |TAMS 0x0000000712800000, 0x0000000712800000| Untracked 
| 297|0x0000000712900000, 0x0000000712900000, 0x0000000712a00000|  0%| F|  |TAMS 0x0000000712900000, 0x0000000712900000| Untracked 
| 298|0x0000000712a00000, 0x0000000712a00000, 0x0000000712b00000|  0%| F|  |TAMS 0x0000000712a00000, 0x0000000712a00000| Untracked 
| 299|0x0000000712b00000, 0x0000000712b00000, 0x0000000712c00000|  0%| F|  |TAMS 0x0000000712b00000, 0x0000000712b00000| Untracked 
| 300|0x0000000712c00000, 0x0000000712c00000, 0x0000000712d00000|  0%| F|  |TAMS 0x0000000712c00000, 0x0000000712c00000| Untracked 
| 301|0x0000000712d00000, 0x0000000712d00000, 0x0000000712e00000|  0%| F|  |TAMS 0x0000000712d00000, 0x0000000712d00000| Untracked 
| 302|0x0000000712e00000, 0x0000000712e00000, 0x0000000712f00000|  0%| F|  |TAMS 0x0000000712e00000, 0x0000000712e00000| Untracked 
| 303|0x0000000712f00000, 0x0000000712f00000, 0x0000000713000000|  0%| F|  |TAMS 0x0000000712f00000, 0x0000000712f00000| Untracked 
| 304|0x0000000713000000, 0x0000000713000000, 0x0000000713100000|  0%| F|  |TAMS 0x0000000713000000, 0x0000000713000000| Untracked 
| 305|0x0000000713100000, 0x0000000713100000, 0x0000000713200000|  0%| F|  |TAMS 0x0000000713100000, 0x0000000713100000| Untracked 
| 306|0x0000000713200000, 0x0000000713200000, 0x0000000713300000|  0%| F|  |TAMS 0x0000000713200000, 0x0000000713200000| Untracked 
| 307|0x0000000713300000, 0x0000000713300000, 0x0000000713400000|  0%| F|  |TAMS 0x0000000713300000, 0x0000000713300000| Untracked 
| 308|0x0000000713400000, 0x0000000713400000, 0x0000000713500000|  0%| F|  |TAMS 0x0000000713400000, 0x0000000713400000| Untracked 
| 309|0x0000000713500000, 0x0000000713500000, 0x0000000713600000|  0%| F|  |TAMS 0x0000000713500000, 0x0000000713500000| Untracked 
| 310|0x0000000713600000, 0x0000000713600000, 0x0000000713700000|  0%| F|  |TAMS 0x0000000713600000, 0x0000000713600000| Untracked 
| 311|0x0000000713700000, 0x0000000713700000, 0x0000000713800000|  0%| F|  |TAMS 0x0000000713700000, 0x0000000713700000| Untracked 
| 312|0x0000000713800000, 0x0000000713800000, 0x0000000713900000|  0%| F|  |TAMS 0x0000000713800000, 0x0000000713800000| Untracked 
| 313|0x0000000713900000, 0x0000000713900000, 0x0000000713a00000|  0%| F|  |TAMS 0x0000000713900000, 0x0000000713900000| Untracked 
| 314|0x0000000713a00000, 0x0000000713a00000, 0x0000000713b00000|  0%| F|  |TAMS 0x0000000713a00000, 0x0000000713a00000| Untracked 
| 315|0x0000000713b00000, 0x0000000713b00000, 0x0000000713c00000|  0%| F|  |TAMS 0x0000000713b00000, 0x0000000713b00000| Untracked 
| 316|0x0000000713c00000, 0x0000000713c00000, 0x0000000713d00000|  0%| F|  |TAMS 0x0000000713c00000, 0x0000000713c00000| Untracked 
| 317|0x0000000713d00000, 0x0000000713d00000, 0x0000000713e00000|  0%| F|  |TAMS 0x0000000713d00000, 0x0000000713d00000| Untracked 
| 318|0x0000000713e00000, 0x0000000713e00000, 0x0000000713f00000|  0%| F|  |TAMS 0x0000000713e00000, 0x0000000713e00000| Untracked 
| 319|0x0000000713f00000, 0x0000000713f00000, 0x0000000714000000|  0%| F|  |TAMS 0x0000000713f00000, 0x0000000713f00000| Untracked 
| 320|0x0000000714000000, 0x0000000714000000, 0x0000000714100000|  0%| F|  |TAMS 0x0000000714000000, 0x0000000714000000| Untracked 
| 321|0x0000000714100000, 0x0000000714100000, 0x0000000714200000|  0%| F|  |TAMS 0x0000000714100000, 0x0000000714100000| Untracked 
| 322|0x0000000714200000, 0x0000000714200000, 0x0000000714300000|  0%| F|  |TAMS 0x0000000714200000, 0x0000000714200000| Untracked 
| 323|0x0000000714300000, 0x0000000714300000, 0x0000000714400000|  0%| F|  |TAMS 0x0000000714300000, 0x0000000714300000| Untracked 
| 324|0x0000000714400000, 0x0000000714400000, 0x0000000714500000|  0%| F|  |TAMS 0x0000000714400000, 0x0000000714400000| Untracked 
| 325|0x0000000714500000, 0x0000000714500000, 0x0000000714600000|  0%| F|  |TAMS 0x0000000714500000, 0x0000000714500000| Untracked 
| 326|0x0000000714600000, 0x0000000714600000, 0x0000000714700000|  0%| F|  |TAMS 0x0000000714600000, 0x0000000714600000| Untracked 
| 327|0x0000000714700000, 0x0000000714700000, 0x0000000714800000|  0%| F|  |TAMS 0x0000000714700000, 0x0000000714700000| Untracked 
| 328|0x0000000714800000, 0x0000000714800000, 0x0000000714900000|  0%| F|  |TAMS 0x0000000714800000, 0x0000000714800000| Untracked 
| 329|0x0000000714900000, 0x0000000714900000, 0x0000000714a00000|  0%| F|  |TAMS 0x0000000714900000, 0x0000000714900000| Untracked 
| 330|0x0000000714a00000, 0x0000000714a00000, 0x0000000714b00000|  0%| F|  |TAMS 0x0000000714a00000, 0x0000000714a00000| Untracked 
| 331|0x0000000714b00000, 0x0000000714b00000, 0x0000000714c00000|  0%| F|  |TAMS 0x0000000714b00000, 0x0000000714b00000| Untracked 
| 332|0x0000000714c00000, 0x0000000714c00000, 0x0000000714d00000|  0%| F|  |TAMS 0x0000000714c00000, 0x0000000714c00000| Untracked 
| 333|0x0000000714d00000, 0x0000000714d00000, 0x0000000714e00000|  0%| F|  |TAMS 0x0000000714d00000, 0x0000000714d00000| Untracked 
| 334|0x0000000714e00000, 0x0000000714e00000, 0x0000000714f00000|  0%| F|  |TAMS 0x0000000714e00000, 0x0000000714e00000| Untracked 
| 335|0x0000000714f00000, 0x0000000714f00000, 0x0000000715000000|  0%| F|  |TAMS 0x0000000714f00000, 0x0000000714f00000| Untracked 
| 336|0x0000000715000000, 0x0000000715000000, 0x0000000715100000|  0%| F|  |TAMS 0x0000000715000000, 0x0000000715000000| Untracked 
| 337|0x0000000715100000, 0x0000000715100000, 0x0000000715200000|  0%| F|  |TAMS 0x0000000715100000, 0x0000000715100000| Untracked 
| 338|0x0000000715200000, 0x0000000715200000, 0x0000000715300000|  0%| F|  |TAMS 0x0000000715200000, 0x0000000715200000| Untracked 
| 339|0x0000000715300000, 0x0000000715300000, 0x0000000715400000|  0%| F|  |TAMS 0x0000000715300000, 0x0000000715300000| Untracked 
| 340|0x0000000715400000, 0x0000000715400000, 0x0000000715500000|  0%| F|  |TAMS 0x0000000715400000, 0x0000000715400000| Untracked 
| 341|0x0000000715500000, 0x0000000715500000, 0x0000000715600000|  0%| F|  |TAMS 0x0000000715500000, 0x0000000715500000| Untracked 
| 342|0x0000000715600000, 0x0000000715600000, 0x0000000715700000|  0%| F|  |TAMS 0x0000000715600000, 0x0000000715600000| Untracked 
| 343|0x0000000715700000, 0x0000000715700000, 0x0000000715800000|  0%| F|  |TAMS 0x0000000715700000, 0x0000000715700000| Untracked 
| 344|0x0000000715800000, 0x0000000715800000, 0x0000000715900000|  0%| F|  |TAMS 0x0000000715800000, 0x0000000715800000| Untracked 
| 345|0x0000000715900000, 0x0000000715900000, 0x0000000715a00000|  0%| F|  |TAMS 0x0000000715900000, 0x0000000715900000| Untracked 
| 346|0x0000000715a00000, 0x0000000715a00000, 0x0000000715b00000|  0%| F|  |TAMS 0x0000000715a00000, 0x0000000715a00000| Untracked 
| 347|0x0000000715b00000, 0x0000000715b00000, 0x0000000715c00000|  0%| F|  |TAMS 0x0000000715b00000, 0x0000000715b00000| Untracked 
| 348|0x0000000715c00000, 0x0000000715c00000, 0x0000000715d00000|  0%| F|  |TAMS 0x0000000715c00000, 0x0000000715c00000| Untracked 
| 349|0x0000000715d00000, 0x0000000715d00000, 0x0000000715e00000|  0%| F|  |TAMS 0x0000000715d00000, 0x0000000715d00000| Untracked 
| 350|0x0000000715e00000, 0x0000000715e00000, 0x0000000715f00000|  0%| F|  |TAMS 0x0000000715e00000, 0x0000000715e00000| Untracked 
| 351|0x0000000715f00000, 0x0000000715f00000, 0x0000000716000000|  0%| F|  |TAMS 0x0000000715f00000, 0x0000000715f00000| Untracked 
| 352|0x0000000716000000, 0x0000000716000000, 0x0000000716100000|  0%| F|  |TAMS 0x0000000716000000, 0x0000000716000000| Untracked 
| 353|0x0000000716100000, 0x0000000716100000, 0x0000000716200000|  0%| F|  |TAMS 0x0000000716100000, 0x0000000716100000| Untracked 
| 354|0x0000000716200000, 0x0000000716200000, 0x0000000716300000|  0%| F|  |TAMS 0x0000000716200000, 0x0000000716200000| Untracked 
| 355|0x0000000716300000, 0x0000000716300000, 0x0000000716400000|  0%| F|  |TAMS 0x0000000716300000, 0x0000000716300000| Untracked 
| 356|0x0000000716400000, 0x0000000716400000, 0x0000000716500000|  0%| F|  |TAMS 0x0000000716400000, 0x0000000716400000| Untracked 
| 357|0x0000000716500000, 0x0000000716500000, 0x0000000716600000|  0%| F|  |TAMS 0x0000000716500000, 0x0000000716500000| Untracked 
| 358|0x0000000716600000, 0x0000000716600000, 0x0000000716700000|  0%| F|  |TAMS 0x0000000716600000, 0x0000000716600000| Untracked 
| 359|0x0000000716700000, 0x0000000716700000, 0x0000000716800000|  0%| F|  |TAMS 0x0000000716700000, 0x0000000716700000| Untracked 
| 360|0x0000000716800000, 0x0000000716800000, 0x0000000716900000|  0%| F|  |TAMS 0x0000000716800000, 0x0000000716800000| Untracked 
| 361|0x0000000716900000, 0x0000000716900000, 0x0000000716a00000|  0%| F|  |TAMS 0x0000000716900000, 0x0000000716900000| Untracked 
| 362|0x0000000716a00000, 0x0000000716a00000, 0x0000000716b00000|  0%| F|  |TAMS 0x0000000716a00000, 0x0000000716a00000| Untracked 
| 363|0x0000000716b00000, 0x0000000716b00000, 0x0000000716c00000|  0%| F|  |TAMS 0x0000000716b00000, 0x0000000716b00000| Untracked 
| 364|0x0000000716c00000, 0x0000000716c00000, 0x0000000716d00000|  0%| F|  |TAMS 0x0000000716c00000, 0x0000000716c00000| Untracked 
| 365|0x0000000716d00000, 0x0000000716d00000, 0x0000000716e00000|  0%| F|  |TAMS 0x0000000716d00000, 0x0000000716d00000| Untracked 
| 366|0x0000000716e00000, 0x0000000716e00000, 0x0000000716f00000|  0%| F|  |TAMS 0x0000000716e00000, 0x0000000716e00000| Untracked 
| 367|0x0000000716f00000, 0x0000000716f00000, 0x0000000717000000|  0%| F|  |TAMS 0x0000000716f00000, 0x0000000716f00000| Untracked 
| 368|0x0000000717000000, 0x0000000717000000, 0x0000000717100000|  0%| F|  |TAMS 0x0000000717000000, 0x0000000717000000| Untracked 
| 369|0x0000000717100000, 0x0000000717100000, 0x0000000717200000|  0%| F|  |TAMS 0x0000000717100000, 0x0000000717100000| Untracked 
| 370|0x0000000717200000, 0x0000000717200000, 0x0000000717300000|  0%| F|  |TAMS 0x0000000717200000, 0x0000000717200000| Untracked 
| 371|0x0000000717300000, 0x0000000717300000, 0x0000000717400000|  0%| F|  |TAMS 0x0000000717300000, 0x0000000717300000| Untracked 
| 372|0x0000000717400000, 0x0000000717400000, 0x0000000717500000|  0%| F|  |TAMS 0x0000000717400000, 0x0000000717400000| Untracked 
| 373|0x0000000717500000, 0x0000000717500000, 0x0000000717600000|  0%| F|  |TAMS 0x0000000717500000, 0x0000000717500000| Untracked 
| 374|0x0000000717600000, 0x0000000717600000, 0x0000000717700000|  0%| F|  |TAMS 0x0000000717600000, 0x0000000717600000| Untracked 
| 375|0x0000000717700000, 0x0000000717700000, 0x0000000717800000|  0%| F|  |TAMS 0x0000000717700000, 0x0000000717700000| Untracked 
| 376|0x0000000717800000, 0x0000000717800000, 0x0000000717900000|  0%| F|  |TAMS 0x0000000717800000, 0x0000000717800000| Untracked 
| 377|0x0000000717900000, 0x0000000717900000, 0x0000000717a00000|  0%| F|  |TAMS 0x0000000717900000, 0x0000000717900000| Untracked 
| 378|0x0000000717a00000, 0x0000000717a00000, 0x0000000717b00000|  0%| F|  |TAMS 0x0000000717a00000, 0x0000000717a00000| Untracked 
| 379|0x0000000717b00000, 0x0000000717b00000, 0x0000000717c00000|  0%| F|  |TAMS 0x0000000717b00000, 0x0000000717b00000| Untracked 
| 380|0x0000000717c00000, 0x0000000717c00000, 0x0000000717d00000|  0%| F|  |TAMS 0x0000000717c00000, 0x0000000717c00000| Untracked 
| 381|0x0000000717d00000, 0x0000000717d00000, 0x0000000717e00000|  0%| F|  |TAMS 0x0000000717d00000, 0x0000000717d00000| Untracked 
| 382|0x0000000717e00000, 0x0000000717e00000, 0x0000000717f00000|  0%| F|  |TAMS 0x0000000717e00000, 0x0000000717e00000| Untracked 
| 383|0x0000000717f00000, 0x0000000717f00000, 0x0000000718000000|  0%| F|  |TAMS 0x0000000717f00000, 0x0000000717f00000| Untracked 
| 384|0x0000000718000000, 0x0000000718000000, 0x0000000718100000|  0%| F|  |TAMS 0x0000000718000000, 0x0000000718000000| Untracked 
| 385|0x0000000718100000, 0x0000000718100000, 0x0000000718200000|  0%| F|  |TAMS 0x0000000718100000, 0x0000000718100000| Untracked 
| 386|0x0000000718200000, 0x0000000718200000, 0x0000000718300000|  0%| F|  |TAMS 0x0000000718200000, 0x0000000718200000| Untracked 
| 387|0x0000000718300000, 0x0000000718300000, 0x0000000718400000|  0%| F|  |TAMS 0x0000000718300000, 0x0000000718300000| Untracked 
| 388|0x0000000718400000, 0x0000000718400000, 0x0000000718500000|  0%| F|  |TAMS 0x0000000718400000, 0x0000000718400000| Untracked 
| 389|0x0000000718500000, 0x0000000718500000, 0x0000000718600000|  0%| F|  |TAMS 0x0000000718500000, 0x0000000718500000| Untracked 
| 390|0x0000000718600000, 0x0000000718600000, 0x0000000718700000|  0%| F|  |TAMS 0x0000000718600000, 0x0000000718600000| Untracked 
| 391|0x0000000718700000, 0x0000000718700000, 0x0000000718800000|  0%| F|  |TAMS 0x0000000718700000, 0x0000000718700000| Untracked 
| 392|0x0000000718800000, 0x0000000718800000, 0x0000000718900000|  0%| F|  |TAMS 0x0000000718800000, 0x0000000718800000| Untracked 
| 393|0x0000000718900000, 0x0000000718900000, 0x0000000718a00000|  0%| F|  |TAMS 0x0000000718900000, 0x0000000718900000| Untracked 
| 394|0x0000000718a00000, 0x0000000718a00000, 0x0000000718b00000|  0%| F|  |TAMS 0x0000000718a00000, 0x0000000718a00000| Untracked 
| 395|0x0000000718b00000, 0x0000000718b00000, 0x0000000718c00000|  0%| F|  |TAMS 0x0000000718b00000, 0x0000000718b00000| Untracked 
| 396|0x0000000718c00000, 0x0000000718c00000, 0x0000000718d00000|  0%| F|  |TAMS 0x0000000718c00000, 0x0000000718c00000| Untracked 
| 397|0x0000000718d00000, 0x0000000718d00000, 0x0000000718e00000|  0%| F|  |TAMS 0x0000000718d00000, 0x0000000718d00000| Untracked 
| 398|0x0000000718e00000, 0x0000000718e00000, 0x0000000718f00000|  0%| F|  |TAMS 0x0000000718e00000, 0x0000000718e00000| Untracked 
| 399|0x0000000718f00000, 0x0000000718f00000, 0x0000000719000000|  0%| F|  |TAMS 0x0000000718f00000, 0x0000000718f00000| Untracked 
| 400|0x0000000719000000, 0x0000000719000000, 0x0000000719100000|  0%| F|  |TAMS 0x0000000719000000, 0x0000000719000000| Untracked 
| 401|0x0000000719100000, 0x0000000719100000, 0x0000000719200000|  0%| F|  |TAMS 0x0000000719100000, 0x0000000719100000| Untracked 
| 402|0x0000000719200000, 0x0000000719200000, 0x0000000719300000|  0%| F|  |TAMS 0x0000000719200000, 0x0000000719200000| Untracked 
| 403|0x0000000719300000, 0x0000000719300000, 0x0000000719400000|  0%| F|  |TAMS 0x0000000719300000, 0x0000000719300000| Untracked 
| 404|0x0000000719400000, 0x0000000719400000, 0x0000000719500000|  0%| F|  |TAMS 0x0000000719400000, 0x0000000719400000| Untracked 
| 405|0x0000000719500000, 0x0000000719500000, 0x0000000719600000|  0%| F|  |TAMS 0x0000000719500000, 0x0000000719500000| Untracked 
| 406|0x0000000719600000, 0x0000000719600000, 0x0000000719700000|  0%| F|  |TAMS 0x0000000719600000, 0x0000000719600000| Untracked 
| 407|0x0000000719700000, 0x0000000719700000, 0x0000000719800000|  0%| F|  |TAMS 0x0000000719700000, 0x0000000719700000| Untracked 
| 408|0x0000000719800000, 0x0000000719800000, 0x0000000719900000|  0%| F|  |TAMS 0x0000000719800000, 0x0000000719800000| Untracked 
| 409|0x0000000719900000, 0x0000000719900000, 0x0000000719a00000|  0%| F|  |TAMS 0x0000000719900000, 0x0000000719900000| Untracked 
| 410|0x0000000719a00000, 0x0000000719a00000, 0x0000000719b00000|  0%| F|  |TAMS 0x0000000719a00000, 0x0000000719a00000| Untracked 
| 411|0x0000000719b00000, 0x0000000719b00000, 0x0000000719c00000|  0%| F|  |TAMS 0x0000000719b00000, 0x0000000719b00000| Untracked 
| 412|0x0000000719c00000, 0x0000000719c00000, 0x0000000719d00000|  0%| F|  |TAMS 0x0000000719c00000, 0x0000000719c00000| Untracked 
| 413|0x0000000719d00000, 0x0000000719d00000, 0x0000000719e00000|  0%| F|  |TAMS 0x0000000719d00000, 0x0000000719d00000| Untracked 
| 414|0x0000000719e00000, 0x0000000719e00000, 0x0000000719f00000|  0%| F|  |TAMS 0x0000000719e00000, 0x0000000719e00000| Untracked 
| 415|0x0000000719f00000, 0x0000000719f00000, 0x000000071a000000|  0%| F|  |TAMS 0x0000000719f00000, 0x0000000719f00000| Untracked 
| 416|0x000000071a000000, 0x000000071a000000, 0x000000071a100000|  0%| F|  |TAMS 0x000000071a000000, 0x000000071a000000| Untracked 
| 417|0x000000071a100000, 0x000000071a100000, 0x000000071a200000|  0%| F|  |TAMS 0x000000071a100000, 0x000000071a100000| Untracked 
| 418|0x000000071a200000, 0x000000071a200000, 0x000000071a300000|  0%| F|  |TAMS 0x000000071a200000, 0x000000071a200000| Untracked 
| 419|0x000000071a300000, 0x000000071a300000, 0x000000071a400000|  0%| F|  |TAMS 0x000000071a300000, 0x000000071a300000| Untracked 
| 420|0x000000071a400000, 0x000000071a400000, 0x000000071a500000|  0%| F|  |TAMS 0x000000071a400000, 0x000000071a400000| Untracked 
| 421|0x000000071a500000, 0x000000071a500000, 0x000000071a600000|  0%| F|  |TAMS 0x000000071a500000, 0x000000071a500000| Untracked 
| 422|0x000000071a600000, 0x000000071a600000, 0x000000071a700000|  0%| F|  |TAMS 0x000000071a600000, 0x000000071a600000| Untracked 
| 423|0x000000071a700000, 0x000000071a700000, 0x000000071a800000|  0%| F|  |TAMS 0x000000071a700000, 0x000000071a700000| Untracked 
| 424|0x000000071a800000, 0x000000071a800000, 0x000000071a900000|  0%| F|  |TAMS 0x000000071a800000, 0x000000071a800000| Untracked 
| 425|0x000000071a900000, 0x000000071a900000, 0x000000071aa00000|  0%| F|  |TAMS 0x000000071a900000, 0x000000071a900000| Untracked 
| 426|0x000000071aa00000, 0x000000071aa00000, 0x000000071ab00000|  0%| F|  |TAMS 0x000000071aa00000, 0x000000071aa00000| Untracked 
| 427|0x000000071ab00000, 0x000000071ab00000, 0x000000071ac00000|  0%| F|  |TAMS 0x000000071ab00000, 0x000000071ab00000| Untracked 
| 428|0x000000071ac00000, 0x000000071ac00000, 0x000000071ad00000|  0%| F|  |TAMS 0x000000071ac00000, 0x000000071ac00000| Untracked 
| 429|0x000000071ad00000, 0x000000071ad00000, 0x000000071ae00000|  0%| F|  |TAMS 0x000000071ad00000, 0x000000071ad00000| Untracked 
| 430|0x000000071ae00000, 0x000000071ae00000, 0x000000071af00000|  0%| F|  |TAMS 0x000000071ae00000, 0x000000071ae00000| Untracked 
| 431|0x000000071af00000, 0x000000071af00000, 0x000000071b000000|  0%| F|  |TAMS 0x000000071af00000, 0x000000071af00000| Untracked 
| 432|0x000000071b000000, 0x000000071b000000, 0x000000071b100000|  0%| F|  |TAMS 0x000000071b000000, 0x000000071b000000| Untracked 
| 433|0x000000071b100000, 0x000000071b100000, 0x000000071b200000|  0%| F|  |TAMS 0x000000071b100000, 0x000000071b100000| Untracked 
| 434|0x000000071b200000, 0x000000071b200000, 0x000000071b300000|  0%| F|  |TAMS 0x000000071b200000, 0x000000071b200000| Untracked 
| 435|0x000000071b300000, 0x000000071b300000, 0x000000071b400000|  0%| F|  |TAMS 0x000000071b300000, 0x000000071b300000| Untracked 
| 436|0x000000071b400000, 0x000000071b400000, 0x000000071b500000|  0%| F|  |TAMS 0x000000071b400000, 0x000000071b400000| Untracked 
| 437|0x000000071b500000, 0x000000071b500000, 0x000000071b600000|  0%| F|  |TAMS 0x000000071b500000, 0x000000071b500000| Untracked 
| 438|0x000000071b600000, 0x000000071b600000, 0x000000071b700000|  0%| F|  |TAMS 0x000000071b600000, 0x000000071b600000| Untracked 
| 439|0x000000071b700000, 0x000000071b700000, 0x000000071b800000|  0%| F|  |TAMS 0x000000071b700000, 0x000000071b700000| Untracked 
| 440|0x000000071b800000, 0x000000071b800000, 0x000000071b900000|  0%| F|  |TAMS 0x000000071b800000, 0x000000071b800000| Untracked 
| 441|0x000000071b900000, 0x000000071b900000, 0x000000071ba00000|  0%| F|  |TAMS 0x000000071b900000, 0x000000071b900000| Untracked 
| 442|0x000000071ba00000, 0x000000071ba00000, 0x000000071bb00000|  0%| F|  |TAMS 0x000000071ba00000, 0x000000071ba00000| Untracked 
| 443|0x000000071bb00000, 0x000000071bb00000, 0x000000071bc00000|  0%| F|  |TAMS 0x000000071bb00000, 0x000000071bb00000| Untracked 
| 444|0x000000071bc00000, 0x000000071bc00000, 0x000000071bd00000|  0%| F|  |TAMS 0x000000071bc00000, 0x000000071bc00000| Untracked 
| 445|0x000000071bd00000, 0x000000071bd00000, 0x000000071be00000|  0%| F|  |TAMS 0x000000071bd00000, 0x000000071bd00000| Untracked 
| 446|0x000000071be00000, 0x000000071be00000, 0x000000071bf00000|  0%| F|  |TAMS 0x000000071be00000, 0x000000071be00000| Untracked 
| 447|0x000000071bf00000, 0x000000071bf00000, 0x000000071c000000|  0%| F|  |TAMS 0x000000071bf00000, 0x000000071bf00000| Untracked 
| 448|0x000000071c000000, 0x000000071c000000, 0x000000071c100000|  0%| F|  |TAMS 0x000000071c000000, 0x000000071c000000| Untracked 
| 449|0x000000071c100000, 0x000000071c100000, 0x000000071c200000|  0%| F|  |TAMS 0x000000071c100000, 0x000000071c100000| Untracked 
| 450|0x000000071c200000, 0x000000071c200000, 0x000000071c300000|  0%| F|  |TAMS 0x000000071c200000, 0x000000071c200000| Untracked 
| 451|0x000000071c300000, 0x000000071c300000, 0x000000071c400000|  0%| F|  |TAMS 0x000000071c300000, 0x000000071c300000| Untracked 
| 452|0x000000071c400000, 0x000000071c400000, 0x000000071c500000|  0%| F|  |TAMS 0x000000071c400000, 0x000000071c400000| Untracked 
| 453|0x000000071c500000, 0x000000071c500000, 0x000000071c600000|  0%| F|  |TAMS 0x000000071c500000, 0x000000071c500000| Untracked 
| 454|0x000000071c600000, 0x000000071c600000, 0x000000071c700000|  0%| F|  |TAMS 0x000000071c600000, 0x000000071c600000| Untracked 
| 455|0x000000071c700000, 0x000000071c700000, 0x000000071c800000|  0%| F|  |TAMS 0x000000071c700000, 0x000000071c700000| Untracked 
| 456|0x000000071c800000, 0x000000071c800000, 0x000000071c900000|  0%| F|  |TAMS 0x000000071c800000, 0x000000071c800000| Untracked 
| 457|0x000000071c900000, 0x000000071c900000, 0x000000071ca00000|  0%| F|  |TAMS 0x000000071c900000, 0x000000071c900000| Untracked 
| 458|0x000000071ca00000, 0x000000071ca00000, 0x000000071cb00000|  0%| F|  |TAMS 0x000000071ca00000, 0x000000071ca00000| Untracked 
| 459|0x000000071cb00000, 0x000000071cb00000, 0x000000071cc00000|  0%| F|  |TAMS 0x000000071cb00000, 0x000000071cb00000| Untracked 
| 460|0x000000071cc00000, 0x000000071cc00000, 0x000000071cd00000|  0%| F|  |TAMS 0x000000071cc00000, 0x000000071cc00000| Untracked 
| 461|0x000000071cd00000, 0x000000071cd00000, 0x000000071ce00000|  0%| F|  |TAMS 0x000000071cd00000, 0x000000071cd00000| Untracked 
| 462|0x000000071ce00000, 0x000000071ce00000, 0x000000071cf00000|  0%| F|  |TAMS 0x000000071ce00000, 0x000000071ce00000| Untracked 
| 463|0x000000071cf00000, 0x000000071cf00000, 0x000000071d000000|  0%| F|  |TAMS 0x000000071cf00000, 0x000000071cf00000| Untracked 
| 464|0x000000071d000000, 0x000000071d000000, 0x000000071d100000|  0%| F|  |TAMS 0x000000071d000000, 0x000000071d000000| Untracked 
| 465|0x000000071d100000, 0x000000071d100000, 0x000000071d200000|  0%| F|  |TAMS 0x000000071d100000, 0x000000071d100000| Untracked 
| 466|0x000000071d200000, 0x000000071d200000, 0x000000071d300000|  0%| F|  |TAMS 0x000000071d200000, 0x000000071d200000| Untracked 
| 467|0x000000071d300000, 0x000000071d300000, 0x000000071d400000|  0%| F|  |TAMS 0x000000071d300000, 0x000000071d300000| Untracked 
| 468|0x000000071d400000, 0x000000071d400000, 0x000000071d500000|  0%| F|  |TAMS 0x000000071d400000, 0x000000071d400000| Untracked 
| 469|0x000000071d500000, 0x000000071d500000, 0x000000071d600000|  0%| F|  |TAMS 0x000000071d500000, 0x000000071d500000| Untracked 
| 470|0x000000071d600000, 0x000000071d600000, 0x000000071d700000|  0%| F|  |TAMS 0x000000071d600000, 0x000000071d600000| Untracked 
| 471|0x000000071d700000, 0x000000071d700000, 0x000000071d800000|  0%| F|  |TAMS 0x000000071d700000, 0x000000071d700000| Untracked 
| 472|0x000000071d800000, 0x000000071d800000, 0x000000071d900000|  0%| F|  |TAMS 0x000000071d800000, 0x000000071d800000| Untracked 
| 473|0x000000071d900000, 0x000000071d900000, 0x000000071da00000|  0%| F|  |TAMS 0x000000071d900000, 0x000000071d900000| Untracked 
| 474|0x000000071da00000, 0x000000071da00000, 0x000000071db00000|  0%| F|  |TAMS 0x000000071da00000, 0x000000071da00000| Untracked 
| 475|0x000000071db00000, 0x000000071db00000, 0x000000071dc00000|  0%| F|  |TAMS 0x000000071db00000, 0x000000071db00000| Untracked 
| 476|0x000000071dc00000, 0x000000071dc00000, 0x000000071dd00000|  0%| F|  |TAMS 0x000000071dc00000, 0x000000071dc00000| Untracked 
| 477|0x000000071dd00000, 0x000000071dd00000, 0x000000071de00000|  0%| F|  |TAMS 0x000000071dd00000, 0x000000071dd00000| Untracked 
| 478|0x000000071de00000, 0x000000071de00000, 0x000000071df00000|  0%| F|  |TAMS 0x000000071de00000, 0x000000071de00000| Untracked 
| 479|0x000000071df00000, 0x000000071df00000, 0x000000071e000000|  0%| F|  |TAMS 0x000000071df00000, 0x000000071df00000| Untracked 
| 480|0x000000071e000000, 0x000000071e000000, 0x000000071e100000|  0%| F|  |TAMS 0x000000071e000000, 0x000000071e000000| Untracked 
| 481|0x000000071e100000, 0x000000071e100000, 0x000000071e200000|  0%| F|  |TAMS 0x000000071e100000, 0x000000071e100000| Untracked 
| 482|0x000000071e200000, 0x000000071e200000, 0x000000071e300000|  0%| F|  |TAMS 0x000000071e200000, 0x000000071e200000| Untracked 
| 483|0x000000071e300000, 0x000000071e300000, 0x000000071e400000|  0%| F|  |TAMS 0x000000071e300000, 0x000000071e300000| Untracked 
| 484|0x000000071e400000, 0x000000071e400000, 0x000000071e500000|  0%| F|  |TAMS 0x000000071e400000, 0x000000071e400000| Untracked 
| 485|0x000000071e500000, 0x000000071e500000, 0x000000071e600000|  0%| F|  |TAMS 0x000000071e500000, 0x000000071e500000| Untracked 
| 486|0x000000071e600000, 0x000000071e600000, 0x000000071e700000|  0%| F|  |TAMS 0x000000071e600000, 0x000000071e600000| Untracked 
| 487|0x000000071e700000, 0x000000071e700000, 0x000000071e800000|  0%| F|  |TAMS 0x000000071e700000, 0x000000071e700000| Untracked 
| 488|0x000000071e800000, 0x000000071e800000, 0x000000071e900000|  0%| F|  |TAMS 0x000000071e800000, 0x000000071e800000| Untracked 
| 489|0x000000071e900000, 0x000000071e900000, 0x000000071ea00000|  0%| F|  |TAMS 0x000000071e900000, 0x000000071e900000| Untracked 
| 490|0x000000071ea00000, 0x000000071ea00000, 0x000000071eb00000|  0%| F|  |TAMS 0x000000071ea00000, 0x000000071ea00000| Untracked 
| 491|0x000000071eb00000, 0x000000071eb00000, 0x000000071ec00000|  0%| F|  |TAMS 0x000000071eb00000, 0x000000071eb00000| Untracked 
| 492|0x000000071ec00000, 0x000000071ec00000, 0x000000071ed00000|  0%| F|  |TAMS 0x000000071ec00000, 0x000000071ec00000| Untracked 
| 493|0x000000071ed00000, 0x000000071ed00000, 0x000000071ee00000|  0%| F|  |TAMS 0x000000071ed00000, 0x000000071ed00000| Untracked 
| 494|0x000000071ee00000, 0x000000071ee00000, 0x000000071ef00000|  0%| F|  |TAMS 0x000000071ee00000, 0x000000071ee00000| Untracked 
| 495|0x000000071ef00000, 0x000000071ef00000, 0x000000071f000000|  0%| F|  |TAMS 0x000000071ef00000, 0x000000071ef00000| Untracked 
| 496|0x000000071f000000, 0x000000071f000000, 0x000000071f100000|  0%| F|  |TAMS 0x000000071f000000, 0x000000071f000000| Untracked 
| 497|0x000000071f100000, 0x000000071f100000, 0x000000071f200000|  0%| F|  |TAMS 0x000000071f100000, 0x000000071f100000| Untracked 
| 498|0x000000071f200000, 0x000000071f200000, 0x000000071f300000|  0%| F|  |TAMS 0x000000071f200000, 0x000000071f200000| Untracked 
| 499|0x000000071f300000, 0x000000071f300000, 0x000000071f400000|  0%| F|  |TAMS 0x000000071f300000, 0x000000071f300000| Untracked 
| 500|0x000000071f400000, 0x000000071f400000, 0x000000071f500000|  0%| F|  |TAMS 0x000000071f400000, 0x000000071f400000| Untracked 
| 501|0x000000071f500000, 0x000000071f500000, 0x000000071f600000|  0%| F|  |TAMS 0x000000071f500000, 0x000000071f500000| Untracked 
| 502|0x000000071f600000, 0x000000071f600000, 0x000000071f700000|  0%| F|  |TAMS 0x000000071f600000, 0x000000071f600000| Untracked 
| 503|0x000000071f700000, 0x000000071f700000, 0x000000071f800000|  0%| F|  |TAMS 0x000000071f700000, 0x000000071f700000| Untracked 
| 504|0x000000071f800000, 0x000000071f800000, 0x000000071f900000|  0%| F|  |TAMS 0x000000071f800000, 0x000000071f800000| Untracked 
| 505|0x000000071f900000, 0x000000071f900000, 0x000000071fa00000|  0%| F|  |TAMS 0x000000071f900000, 0x000000071f900000| Untracked 
| 506|0x000000071fa00000, 0x000000071fa00000, 0x000000071fb00000|  0%| F|  |TAMS 0x000000071fa00000, 0x000000071fa00000| Untracked 
| 507|0x000000071fb00000, 0x000000071fb00000, 0x000000071fc00000|  0%| F|  |TAMS 0x000000071fb00000, 0x000000071fb00000| Untracked 
| 508|0x000000071fc00000, 0x000000071fc00000, 0x000000071fd00000|  0%| F|  |TAMS 0x000000071fc00000, 0x000000071fc00000| Untracked 
| 509|0x000000071fd00000, 0x000000071fd00000, 0x000000071fe00000|  0%| F|  |TAMS 0x000000071fd00000, 0x000000071fd00000| Untracked 
| 510|0x000000071fe00000, 0x000000071fe00000, 0x000000071ff00000|  0%| F|  |TAMS 0x000000071fe00000, 0x000000071fe00000| Untracked 
| 511|0x000000071ff00000, 0x000000071ff00000, 0x0000000720000000|  0%| F|  |TAMS 0x000000071ff00000, 0x000000071ff00000| Untracked 
| 512|0x0000000720000000, 0x0000000720000000, 0x0000000720100000|  0%| F|  |TAMS 0x0000000720000000, 0x0000000720000000| Untracked 
| 513|0x0000000720100000, 0x0000000720100000, 0x0000000720200000|  0%| F|  |TAMS 0x0000000720100000, 0x0000000720100000| Untracked 
| 514|0x0000000720200000, 0x0000000720200000, 0x0000000720300000|  0%| F|  |TAMS 0x0000000720200000, 0x0000000720200000| Untracked 
| 515|0x0000000720300000, 0x0000000720300000, 0x0000000720400000|  0%| F|  |TAMS 0x0000000720300000, 0x0000000720300000| Untracked 
| 516|0x0000000720400000, 0x0000000720400000, 0x0000000720500000|  0%| F|  |TAMS 0x0000000720400000, 0x0000000720400000| Untracked 
| 517|0x0000000720500000, 0x0000000720500000, 0x0000000720600000|  0%| F|  |TAMS 0x0000000720500000, 0x0000000720500000| Untracked 
| 518|0x0000000720600000, 0x0000000720600000, 0x0000000720700000|  0%| F|  |TAMS 0x0000000720600000, 0x0000000720600000| Untracked 
| 519|0x0000000720700000, 0x0000000720700000, 0x0000000720800000|  0%| F|  |TAMS 0x0000000720700000, 0x0000000720700000| Untracked 
| 520|0x0000000720800000, 0x0000000720800000, 0x0000000720900000|  0%| F|  |TAMS 0x0000000720800000, 0x0000000720800000| Untracked 
| 521|0x0000000720900000, 0x0000000720900000, 0x0000000720a00000|  0%| F|  |TAMS 0x0000000720900000, 0x0000000720900000| Untracked 
| 522|0x0000000720a00000, 0x0000000720a00000, 0x0000000720b00000|  0%| F|  |TAMS 0x0000000720a00000, 0x0000000720a00000| Untracked 
| 523|0x0000000720b00000, 0x0000000720b00000, 0x0000000720c00000|  0%| F|  |TAMS 0x0000000720b00000, 0x0000000720b00000| Untracked 
| 524|0x0000000720c00000, 0x0000000720c00000, 0x0000000720d00000|  0%| F|  |TAMS 0x0000000720c00000, 0x0000000720c00000| Untracked 
| 525|0x0000000720d00000, 0x0000000720d00000, 0x0000000720e00000|  0%| F|  |TAMS 0x0000000720d00000, 0x0000000720d00000| Untracked 
| 526|0x0000000720e00000, 0x0000000720e00000, 0x0000000720f00000|  0%| F|  |TAMS 0x0000000720e00000, 0x0000000720e00000| Untracked 
| 527|0x0000000720f00000, 0x0000000720f00000, 0x0000000721000000|  0%| F|  |TAMS 0x0000000720f00000, 0x0000000720f00000| Untracked 
| 528|0x0000000721000000, 0x0000000721000000, 0x0000000721100000|  0%| F|  |TAMS 0x0000000721000000, 0x0000000721000000| Untracked 
| 529|0x0000000721100000, 0x0000000721100000, 0x0000000721200000|  0%| F|  |TAMS 0x0000000721100000, 0x0000000721100000| Untracked 
| 530|0x0000000721200000, 0x0000000721200000, 0x0000000721300000|  0%| F|  |TAMS 0x0000000721200000, 0x0000000721200000| Untracked 
| 531|0x0000000721300000, 0x0000000721300000, 0x0000000721400000|  0%| F|  |TAMS 0x0000000721300000, 0x0000000721300000| Untracked 
| 532|0x0000000721400000, 0x0000000721400000, 0x0000000721500000|  0%| F|  |TAMS 0x0000000721400000, 0x0000000721400000| Untracked 
| 533|0x0000000721500000, 0x0000000721500000, 0x0000000721600000|  0%| F|  |TAMS 0x0000000721500000, 0x0000000721500000| Untracked 
| 534|0x0000000721600000, 0x0000000721700000, 0x0000000721700000|100%| S|CS|TAMS 0x0000000721600000, 0x0000000721600000| Complete 
| 535|0x0000000721700000, 0x0000000721800000, 0x0000000721800000|100%| S|CS|TAMS 0x0000000721700000, 0x0000000721700000| Complete 
| 536|0x0000000721800000, 0x0000000721900000, 0x0000000721900000|100%| S|CS|TAMS 0x0000000721800000, 0x0000000721800000| Complete 
| 537|0x0000000721900000, 0x0000000721a00000, 0x0000000721a00000|100%| S|CS|TAMS 0x0000000721900000, 0x0000000721900000| Complete 
| 538|0x0000000721a00000, 0x0000000721b00000, 0x0000000721b00000|100%| S|CS|TAMS 0x0000000721a00000, 0x0000000721a00000| Complete 
| 539|0x0000000721b00000, 0x0000000721c00000, 0x0000000721c00000|100%| S|CS|TAMS 0x0000000721b00000, 0x0000000721b00000| Complete 
| 540|0x0000000721c00000, 0x0000000721d00000, 0x0000000721d00000|100%| S|CS|TAMS 0x0000000721c00000, 0x0000000721c00000| Complete 
| 541|0x0000000721d00000, 0x0000000721e00000, 0x0000000721e00000|100%| S|CS|TAMS 0x0000000721d00000, 0x0000000721d00000| Complete 
| 542|0x0000000721e00000, 0x0000000721f00000, 0x0000000721f00000|100%| S|CS|TAMS 0x0000000721e00000, 0x0000000721e00000| Complete 
| 543|0x0000000721f00000, 0x0000000722000000, 0x0000000722000000|100%| S|CS|TAMS 0x0000000721f00000, 0x0000000721f00000| Complete 
| 544|0x0000000722000000, 0x0000000722100000, 0x0000000722100000|100%| S|CS|TAMS 0x0000000722000000, 0x0000000722000000| Complete 
| 545|0x0000000722100000, 0x0000000722200000, 0x0000000722200000|100%| S|CS|TAMS 0x0000000722100000, 0x0000000722100000| Complete 
| 546|0x0000000722200000, 0x0000000722300000, 0x0000000722300000|100%| S|CS|TAMS 0x0000000722200000, 0x0000000722200000| Complete 
| 547|0x0000000722300000, 0x0000000722400000, 0x0000000722400000|100%| S|CS|TAMS 0x0000000722300000, 0x0000000722300000| Complete 
| 548|0x0000000722400000, 0x0000000722400000, 0x0000000722500000|  0%| F|  |TAMS 0x0000000722400000, 0x0000000722400000| Untracked 
| 549|0x0000000722500000, 0x0000000722500000, 0x0000000722600000|  0%| F|  |TAMS 0x0000000722500000, 0x0000000722500000| Untracked 
| 550|0x0000000722600000, 0x0000000722600000, 0x0000000722700000|  0%| F|  |TAMS 0x0000000722600000, 0x0000000722600000| Untracked 
| 551|0x0000000722700000, 0x0000000722700000, 0x0000000722800000|  0%| F|  |TAMS 0x0000000722700000, 0x0000000722700000| Untracked 
| 552|0x0000000722800000, 0x0000000722800000, 0x0000000722900000|  0%| F|  |TAMS 0x0000000722800000, 0x0000000722800000| Untracked 
| 553|0x0000000722900000, 0x0000000722900000, 0x0000000722a00000|  0%| F|  |TAMS 0x0000000722900000, 0x0000000722900000| Untracked 
| 554|0x0000000722a00000, 0x0000000722a00000, 0x0000000722b00000|  0%| F|  |TAMS 0x0000000722a00000, 0x0000000722a00000| Untracked 
| 555|0x0000000722b00000, 0x0000000722b00000, 0x0000000722c00000|  0%| F|  |TAMS 0x0000000722b00000, 0x0000000722b00000| Untracked 
| 556|0x0000000722c00000, 0x0000000722c00000, 0x0000000722d00000|  0%| F|  |TAMS 0x0000000722c00000, 0x0000000722c00000| Untracked 
| 557|0x0000000722d00000, 0x0000000722d00000, 0x0000000722e00000|  0%| F|  |TAMS 0x0000000722d00000, 0x0000000722d00000| Untracked 
| 558|0x0000000722e00000, 0x0000000722e00000, 0x0000000722f00000|  0%| F|  |TAMS 0x0000000722e00000, 0x0000000722e00000| Untracked 
| 559|0x0000000722f00000, 0x0000000722f00000, 0x0000000723000000|  0%| F|  |TAMS 0x0000000722f00000, 0x0000000722f00000| Untracked 
| 560|0x0000000723000000, 0x0000000723000000, 0x0000000723100000|  0%| F|  |TAMS 0x0000000723000000, 0x0000000723000000| Untracked 
| 561|0x0000000723100000, 0x0000000723100000, 0x0000000723200000|  0%| F|  |TAMS 0x0000000723100000, 0x0000000723100000| Untracked 
| 562|0x0000000723200000, 0x0000000723200000, 0x0000000723300000|  0%| F|  |TAMS 0x0000000723200000, 0x0000000723200000| Untracked 
| 563|0x0000000723300000, 0x0000000723300000, 0x0000000723400000|  0%| F|  |TAMS 0x0000000723300000, 0x0000000723300000| Untracked 
| 564|0x0000000723400000, 0x0000000723400000, 0x0000000723500000|  0%| F|  |TAMS 0x0000000723400000, 0x0000000723400000| Untracked 
| 565|0x0000000723500000, 0x0000000723500000, 0x0000000723600000|  0%| F|  |TAMS 0x0000000723500000, 0x0000000723500000| Untracked 
| 566|0x0000000723600000, 0x0000000723600000, 0x0000000723700000|  0%| F|  |TAMS 0x0000000723600000, 0x0000000723600000| Untracked 
| 567|0x0000000723700000, 0x0000000723800000, 0x0000000723800000|100%| S|CS|TAMS 0x0000000723700000, 0x0000000723700000| Complete 
| 568|0x0000000723800000, 0x0000000723900000, 0x0000000723900000|100%| S|CS|TAMS 0x0000000723800000, 0x0000000723800000| Complete 
| 569|0x0000000723900000, 0x0000000723a00000, 0x0000000723a00000|100%| S|CS|TAMS 0x0000000723900000, 0x0000000723900000| Complete 
| 570|0x0000000723a00000, 0x0000000723b00000, 0x0000000723b00000|100%| S|CS|TAMS 0x0000000723a00000, 0x0000000723a00000| Complete 
| 571|0x0000000723b00000, 0x0000000723c00000, 0x0000000723c00000|100%| S|CS|TAMS 0x0000000723b00000, 0x0000000723b00000| Complete 
| 572|0x0000000723c00000, 0x0000000723d00000, 0x0000000723d00000|100%| S|CS|TAMS 0x0000000723c00000, 0x0000000723c00000| Complete 
| 573|0x0000000723d00000, 0x0000000723e00000, 0x0000000723e00000|100%| S|CS|TAMS 0x0000000723d00000, 0x0000000723d00000| Complete 
| 574|0x0000000723e00000, 0x0000000723f00000, 0x0000000723f00000|100%| S|CS|TAMS 0x0000000723e00000, 0x0000000723e00000| Complete 
| 575|0x0000000723f00000, 0x0000000724000000, 0x0000000724000000|100%| S|CS|TAMS 0x0000000723f00000, 0x0000000723f00000| Complete 
| 576|0x0000000724000000, 0x0000000724100000, 0x0000000724100000|100%| S|CS|TAMS 0x0000000724000000, 0x0000000724000000| Complete 
| 577|0x0000000724100000, 0x0000000724200000, 0x0000000724200000|100%| S|CS|TAMS 0x0000000724100000, 0x0000000724100000| Complete 
| 578|0x0000000724200000, 0x0000000724300000, 0x0000000724300000|100%| S|CS|TAMS 0x0000000724200000, 0x0000000724200000| Complete 
| 579|0x0000000724300000, 0x0000000724400000, 0x0000000724400000|100%| S|CS|TAMS 0x0000000724300000, 0x0000000724300000| Complete 
| 580|0x0000000724400000, 0x0000000724500000, 0x0000000724500000|100%| S|CS|TAMS 0x0000000724400000, 0x0000000724400000| Complete 
| 581|0x0000000724500000, 0x0000000724600000, 0x0000000724600000|100%| S|CS|TAMS 0x0000000724500000, 0x0000000724500000| Complete 
| 582|0x0000000724600000, 0x0000000724700000, 0x0000000724700000|100%| S|CS|TAMS 0x0000000724600000, 0x0000000724600000| Complete 
| 583|0x0000000724700000, 0x0000000724700000, 0x0000000724800000|  0%| F|  |TAMS 0x0000000724700000, 0x0000000724700000| Untracked 
| 584|0x0000000724800000, 0x0000000724800000, 0x0000000724900000|  0%| F|  |TAMS 0x0000000724800000, 0x0000000724800000| Untracked 
| 585|0x0000000724900000, 0x0000000724900000, 0x0000000724a00000|  0%| F|  |TAMS 0x0000000724900000, 0x0000000724900000| Untracked 
| 586|0x0000000724a00000, 0x0000000724a00000, 0x0000000724b00000|  0%| F|  |TAMS 0x0000000724a00000, 0x0000000724a00000| Untracked 
| 587|0x0000000724b00000, 0x0000000724b00000, 0x0000000724c00000|  0%| F|  |TAMS 0x0000000724b00000, 0x0000000724b00000| Untracked 
| 588|0x0000000724c00000, 0x0000000724c00000, 0x0000000724d00000|  0%| F|  |TAMS 0x0000000724c00000, 0x0000000724c00000| Untracked 
| 589|0x0000000724d00000, 0x0000000724d00000, 0x0000000724e00000|  0%| F|  |TAMS 0x0000000724d00000, 0x0000000724d00000| Untracked 
| 590|0x0000000724e00000, 0x0000000724e00000, 0x0000000724f00000|  0%| F|  |TAMS 0x0000000724e00000, 0x0000000724e00000| Untracked 
| 591|0x0000000724f00000, 0x0000000724f00000, 0x0000000725000000|  0%| F|  |TAMS 0x0000000724f00000, 0x0000000724f00000| Untracked 
| 592|0x0000000725000000, 0x0000000725000000, 0x0000000725100000|  0%| F|  |TAMS 0x0000000725000000, 0x0000000725000000| Untracked 
| 593|0x0000000725100000, 0x0000000725100000, 0x0000000725200000|  0%| F|  |TAMS 0x0000000725100000, 0x0000000725100000| Untracked 
| 594|0x0000000725200000, 0x0000000725200000, 0x0000000725300000|  0%| F|  |TAMS 0x0000000725200000, 0x0000000725200000| Untracked 
| 595|0x0000000725300000, 0x0000000725300000, 0x0000000725400000|  0%| F|  |TAMS 0x0000000725300000, 0x0000000725300000| Untracked 
| 596|0x0000000725400000, 0x0000000725400000, 0x0000000725500000|  0%| F|  |TAMS 0x0000000725400000, 0x0000000725400000| Untracked 
| 597|0x0000000725500000, 0x0000000725500000, 0x0000000725600000|  0%| F|  |TAMS 0x0000000725500000, 0x0000000725500000| Untracked 
| 598|0x0000000725600000, 0x0000000725600000, 0x0000000725700000|  0%| F|  |TAMS 0x0000000725600000, 0x0000000725600000| Untracked 
| 599|0x0000000725700000, 0x0000000725700000, 0x0000000725800000|  0%| F|  |TAMS 0x0000000725700000, 0x0000000725700000| Untracked 
| 600|0x0000000725800000, 0x0000000725800000, 0x0000000725900000|  0%| F|  |TAMS 0x0000000725800000, 0x0000000725800000| Untracked 
| 601|0x0000000725900000, 0x0000000725900000, 0x0000000725a00000|  0%| F|  |TAMS 0x0000000725900000, 0x0000000725900000| Untracked 
| 602|0x0000000725a00000, 0x0000000725a00000, 0x0000000725b00000|  0%| F|  |TAMS 0x0000000725a00000, 0x0000000725a00000| Untracked 
| 603|0x0000000725b00000, 0x0000000725b00000, 0x0000000725c00000|  0%| F|  |TAMS 0x0000000725b00000, 0x0000000725b00000| Untracked 
| 604|0x0000000725c00000, 0x0000000725c00000, 0x0000000725d00000|  0%| F|  |TAMS 0x0000000725c00000, 0x0000000725c00000| Untracked 
| 605|0x0000000725d00000, 0x0000000725d00000, 0x0000000725e00000|  0%| F|  |TAMS 0x0000000725d00000, 0x0000000725d00000| Untracked 
| 606|0x0000000725e00000, 0x0000000725e00000, 0x0000000725f00000|  0%| F|  |TAMS 0x0000000725e00000, 0x0000000725e00000| Untracked 
| 607|0x0000000725f00000, 0x0000000725f00000, 0x0000000726000000|  0%| F|  |TAMS 0x0000000725f00000, 0x0000000725f00000| Untracked 
| 608|0x0000000726000000, 0x0000000726000000, 0x0000000726100000|  0%| F|  |TAMS 0x0000000726000000, 0x0000000726000000| Untracked 
| 609|0x0000000726100000, 0x0000000726100000, 0x0000000726200000|  0%| F|  |TAMS 0x0000000726100000, 0x0000000726100000| Untracked 
| 610|0x0000000726200000, 0x0000000726200000, 0x0000000726300000|  0%| F|  |TAMS 0x0000000726200000, 0x0000000726200000| Untracked 
| 611|0x0000000726300000, 0x0000000726300000, 0x0000000726400000|  0%| F|  |TAMS 0x0000000726300000, 0x0000000726300000| Untracked 
| 612|0x0000000726400000, 0x0000000726400000, 0x0000000726500000|  0%| F|  |TAMS 0x0000000726400000, 0x0000000726400000| Untracked 
| 613|0x0000000726500000, 0x0000000726500000, 0x0000000726600000|  0%| F|  |TAMS 0x0000000726500000, 0x0000000726500000| Untracked 
| 614|0x0000000726600000, 0x0000000726600000, 0x0000000726700000|  0%| F|  |TAMS 0x0000000726600000, 0x0000000726600000| Untracked 
| 615|0x0000000726700000, 0x0000000726700000, 0x0000000726800000|  0%| F|  |TAMS 0x0000000726700000, 0x0000000726700000| Untracked 
| 616|0x0000000726800000, 0x0000000726800000, 0x0000000726900000|  0%| F|  |TAMS 0x0000000726800000, 0x0000000726800000| Untracked 
| 617|0x0000000726900000, 0x0000000726900000, 0x0000000726a00000|  0%| F|  |TAMS 0x0000000726900000, 0x0000000726900000| Untracked 
| 618|0x0000000726a00000, 0x0000000726a00000, 0x0000000726b00000|  0%| F|  |TAMS 0x0000000726a00000, 0x0000000726a00000| Untracked 
| 619|0x0000000726b00000, 0x0000000726b00000, 0x0000000726c00000|  0%| F|  |TAMS 0x0000000726b00000, 0x0000000726b00000| Untracked 
| 620|0x0000000726c00000, 0x0000000726c00000, 0x0000000726d00000|  0%| F|  |TAMS 0x0000000726c00000, 0x0000000726c00000| Untracked 
| 621|0x0000000726d00000, 0x0000000726d00000, 0x0000000726e00000|  0%| F|  |TAMS 0x0000000726d00000, 0x0000000726d00000| Untracked 
| 622|0x0000000726e00000, 0x0000000726e00000, 0x0000000726f00000|  0%| F|  |TAMS 0x0000000726e00000, 0x0000000726e00000| Untracked 
| 623|0x0000000726f00000, 0x0000000726f00000, 0x0000000727000000|  0%| F|  |TAMS 0x0000000726f00000, 0x0000000726f00000| Untracked 
| 624|0x0000000727000000, 0x0000000727000000, 0x0000000727100000|  0%| F|  |TAMS 0x0000000727000000, 0x0000000727000000| Untracked 
| 625|0x0000000727100000, 0x0000000727100000, 0x0000000727200000|  0%| F|  |TAMS 0x0000000727100000, 0x0000000727100000| Untracked 
| 626|0x0000000727200000, 0x0000000727200000, 0x0000000727300000|  0%| F|  |TAMS 0x0000000727200000, 0x0000000727200000| Untracked 
| 627|0x0000000727300000, 0x0000000727300000, 0x0000000727400000|  0%| F|  |TAMS 0x0000000727300000, 0x0000000727300000| Untracked 
| 628|0x0000000727400000, 0x0000000727400000, 0x0000000727500000|  0%| F|  |TAMS 0x0000000727400000, 0x0000000727400000| Untracked 
| 629|0x0000000727500000, 0x0000000727500000, 0x0000000727600000|  0%| F|  |TAMS 0x0000000727500000, 0x0000000727500000| Untracked 
| 630|0x0000000727600000, 0x0000000727600000, 0x0000000727700000|  0%| F|  |TAMS 0x0000000727600000, 0x0000000727600000| Untracked 
| 631|0x0000000727700000, 0x0000000727700000, 0x0000000727800000|  0%| F|  |TAMS 0x0000000727700000, 0x0000000727700000| Untracked 
| 632|0x0000000727800000, 0x0000000727800000, 0x0000000727900000|  0%| F|  |TAMS 0x0000000727800000, 0x0000000727800000| Untracked 
| 633|0x0000000727900000, 0x0000000727900000, 0x0000000727a00000|  0%| F|  |TAMS 0x0000000727900000, 0x0000000727900000| Untracked 
| 634|0x0000000727a00000, 0x0000000727a00000, 0x0000000727b00000|  0%| F|  |TAMS 0x0000000727a00000, 0x0000000727a00000| Untracked 
| 635|0x0000000727b00000, 0x0000000727b00000, 0x0000000727c00000|  0%| F|  |TAMS 0x0000000727b00000, 0x0000000727b00000| Untracked 
| 636|0x0000000727c00000, 0x0000000727c00000, 0x0000000727d00000|  0%| F|  |TAMS 0x0000000727c00000, 0x0000000727c00000| Untracked 
| 637|0x0000000727d00000, 0x0000000727d00000, 0x0000000727e00000|  0%| F|  |TAMS 0x0000000727d00000, 0x0000000727d00000| Untracked 
| 638|0x0000000727e00000, 0x0000000727e00000, 0x0000000727f00000|  0%| F|  |TAMS 0x0000000727e00000, 0x0000000727e00000| Untracked 
| 639|0x0000000727f00000, 0x0000000727f00000, 0x0000000728000000|  0%| F|  |TAMS 0x0000000727f00000, 0x0000000727f00000| Untracked 
| 640|0x0000000728000000, 0x0000000728000000, 0x0000000728100000|  0%| F|  |TAMS 0x0000000728000000, 0x0000000728000000| Untracked 
| 641|0x0000000728100000, 0x0000000728100000, 0x0000000728200000|  0%| F|  |TAMS 0x0000000728100000, 0x0000000728100000| Untracked 
| 642|0x0000000728200000, 0x0000000728200000, 0x0000000728300000|  0%| F|  |TAMS 0x0000000728200000, 0x0000000728200000| Untracked 
| 643|0x0000000728300000, 0x0000000728300000, 0x0000000728400000|  0%| F|  |TAMS 0x0000000728300000, 0x0000000728300000| Untracked 
| 644|0x0000000728400000, 0x0000000728400000, 0x0000000728500000|  0%| F|  |TAMS 0x0000000728400000, 0x0000000728400000| Untracked 
| 645|0x0000000728500000, 0x0000000728500000, 0x0000000728600000|  0%| F|  |TAMS 0x0000000728500000, 0x0000000728500000| Untracked 
| 646|0x0000000728600000, 0x0000000728600000, 0x0000000728700000|  0%| F|  |TAMS 0x0000000728600000, 0x0000000728600000| Untracked 
| 647|0x0000000728700000, 0x0000000728700000, 0x0000000728800000|  0%| F|  |TAMS 0x0000000728700000, 0x0000000728700000| Untracked 
| 648|0x0000000728800000, 0x0000000728800000, 0x0000000728900000|  0%| F|  |TAMS 0x0000000728800000, 0x0000000728800000| Untracked 
| 649|0x0000000728900000, 0x0000000728900000, 0x0000000728a00000|  0%| F|  |TAMS 0x0000000728900000, 0x0000000728900000| Untracked 
| 650|0x0000000728a00000, 0x0000000728a00000, 0x0000000728b00000|  0%| F|  |TAMS 0x0000000728a00000, 0x0000000728a00000| Untracked 
| 651|0x0000000728b00000, 0x0000000728b00000, 0x0000000728c00000|  0%| F|  |TAMS 0x0000000728b00000, 0x0000000728b00000| Untracked 
| 652|0x0000000728c00000, 0x0000000728c00000, 0x0000000728d00000|  0%| F|  |TAMS 0x0000000728c00000, 0x0000000728c00000| Untracked 
| 653|0x0000000728d00000, 0x0000000728d00000, 0x0000000728e00000|  0%| F|  |TAMS 0x0000000728d00000, 0x0000000728d00000| Untracked 
| 654|0x0000000728e00000, 0x0000000728e00000, 0x0000000728f00000|  0%| F|  |TAMS 0x0000000728e00000, 0x0000000728e00000| Untracked 
| 655|0x0000000728f00000, 0x0000000728f00000, 0x0000000729000000|  0%| F|  |TAMS 0x0000000728f00000, 0x0000000728f00000| Untracked 
| 656|0x0000000729000000, 0x0000000729000000, 0x0000000729100000|  0%| F|  |TAMS 0x0000000729000000, 0x0000000729000000| Untracked 
| 657|0x0000000729100000, 0x0000000729100000, 0x0000000729200000|  0%| F|  |TAMS 0x0000000729100000, 0x0000000729100000| Untracked 
| 658|0x0000000729200000, 0x0000000729200000, 0x0000000729300000|  0%| F|  |TAMS 0x0000000729200000, 0x0000000729200000| Untracked 
| 659|0x0000000729300000, 0x0000000729300000, 0x0000000729400000|  0%| F|  |TAMS 0x0000000729300000, 0x0000000729300000| Untracked 
| 660|0x0000000729400000, 0x0000000729400000, 0x0000000729500000|  0%| F|  |TAMS 0x0000000729400000, 0x0000000729400000| Untracked 
| 661|0x0000000729500000, 0x0000000729500000, 0x0000000729600000|  0%| F|  |TAMS 0x0000000729500000, 0x0000000729500000| Untracked 
| 662|0x0000000729600000, 0x0000000729600000, 0x0000000729700000|  0%| F|  |TAMS 0x0000000729600000, 0x0000000729600000| Untracked 
| 663|0x0000000729700000, 0x0000000729700000, 0x0000000729800000|  0%| F|  |TAMS 0x0000000729700000, 0x0000000729700000| Untracked 
| 664|0x0000000729800000, 0x0000000729800000, 0x0000000729900000|  0%| F|  |TAMS 0x0000000729800000, 0x0000000729800000| Untracked 
| 665|0x0000000729900000, 0x0000000729900000, 0x0000000729a00000|  0%| F|  |TAMS 0x0000000729900000, 0x0000000729900000| Untracked 
| 666|0x0000000729a00000, 0x0000000729a00000, 0x0000000729b00000|  0%| F|  |TAMS 0x0000000729a00000, 0x0000000729a00000| Untracked 
| 667|0x0000000729b00000, 0x0000000729b00000, 0x0000000729c00000|  0%| F|  |TAMS 0x0000000729b00000, 0x0000000729b00000| Untracked 
| 668|0x0000000729c00000, 0x0000000729c00000, 0x0000000729d00000|  0%| F|  |TAMS 0x0000000729c00000, 0x0000000729c00000| Untracked 
| 669|0x0000000729d00000, 0x0000000729d00000, 0x0000000729e00000|  0%| F|  |TAMS 0x0000000729d00000, 0x0000000729d00000| Untracked 
| 670|0x0000000729e00000, 0x0000000729e00000, 0x0000000729f00000|  0%| F|  |TAMS 0x0000000729e00000, 0x0000000729e00000| Untracked 
| 671|0x0000000729f00000, 0x0000000729f00000, 0x000000072a000000|  0%| F|  |TAMS 0x0000000729f00000, 0x0000000729f00000| Untracked 
| 672|0x000000072a000000, 0x000000072a000000, 0x000000072a100000|  0%| F|  |TAMS 0x000000072a000000, 0x000000072a000000| Untracked 
| 673|0x000000072a100000, 0x000000072a100000, 0x000000072a200000|  0%| F|  |TAMS 0x000000072a100000, 0x000000072a100000| Untracked 
| 674|0x000000072a200000, 0x000000072a200000, 0x000000072a300000|  0%| F|  |TAMS 0x000000072a200000, 0x000000072a200000| Untracked 
| 675|0x000000072a300000, 0x000000072a300000, 0x000000072a400000|  0%| F|  |TAMS 0x000000072a300000, 0x000000072a300000| Untracked 
| 676|0x000000072a400000, 0x000000072a400000, 0x000000072a500000|  0%| F|  |TAMS 0x000000072a400000, 0x000000072a400000| Untracked 
| 677|0x000000072a500000, 0x000000072a500000, 0x000000072a600000|  0%| F|  |TAMS 0x000000072a500000, 0x000000072a500000| Untracked 
| 678|0x000000072a600000, 0x000000072a600000, 0x000000072a700000|  0%| F|  |TAMS 0x000000072a600000, 0x000000072a600000| Untracked 
| 679|0x000000072a700000, 0x000000072a700000, 0x000000072a800000|  0%| F|  |TAMS 0x000000072a700000, 0x000000072a700000| Untracked 
| 680|0x000000072a800000, 0x000000072a800000, 0x000000072a900000|  0%| F|  |TAMS 0x000000072a800000, 0x000000072a800000| Untracked 
| 681|0x000000072a900000, 0x000000072a900000, 0x000000072aa00000|  0%| F|  |TAMS 0x000000072a900000, 0x000000072a900000| Untracked 
| 682|0x000000072aa00000, 0x000000072aa00000, 0x000000072ab00000|  0%| F|  |TAMS 0x000000072aa00000, 0x000000072aa00000| Untracked 
| 683|0x000000072ab00000, 0x000000072ab00000, 0x000000072ac00000|  0%| F|  |TAMS 0x000000072ab00000, 0x000000072ab00000| Untracked 
| 684|0x000000072ac00000, 0x000000072ac00000, 0x000000072ad00000|  0%| F|  |TAMS 0x000000072ac00000, 0x000000072ac00000| Untracked 
| 685|0x000000072ad00000, 0x000000072ad00000, 0x000000072ae00000|  0%| F|  |TAMS 0x000000072ad00000, 0x000000072ad00000| Untracked 
| 686|0x000000072ae00000, 0x000000072ae00000, 0x000000072af00000|  0%| F|  |TAMS 0x000000072ae00000, 0x000000072ae00000| Untracked 
| 687|0x000000072af00000, 0x000000072af00000, 0x000000072b000000|  0%| F|  |TAMS 0x000000072af00000, 0x000000072af00000| Untracked 
| 688|0x000000072b000000, 0x000000072b000000, 0x000000072b100000|  0%| F|  |TAMS 0x000000072b000000, 0x000000072b000000| Untracked 
| 689|0x000000072b100000, 0x000000072b100000, 0x000000072b200000|  0%| F|  |TAMS 0x000000072b100000, 0x000000072b100000| Untracked 
| 690|0x000000072b200000, 0x000000072b200000, 0x000000072b300000|  0%| F|  |TAMS 0x000000072b200000, 0x000000072b200000| Untracked 
| 691|0x000000072b300000, 0x000000072b300000, 0x000000072b400000|  0%| F|  |TAMS 0x000000072b300000, 0x000000072b300000| Untracked 
| 692|0x000000072b400000, 0x000000072b400000, 0x000000072b500000|  0%| F|  |TAMS 0x000000072b400000, 0x000000072b400000| Untracked 
| 693|0x000000072b500000, 0x000000072b500000, 0x000000072b600000|  0%| F|  |TAMS 0x000000072b500000, 0x000000072b500000| Untracked 
| 694|0x000000072b600000, 0x000000072b600000, 0x000000072b700000|  0%| F|  |TAMS 0x000000072b600000, 0x000000072b600000| Untracked 
| 695|0x000000072b700000, 0x000000072b700000, 0x000000072b800000|  0%| F|  |TAMS 0x000000072b700000, 0x000000072b700000| Untracked 
| 696|0x000000072b800000, 0x000000072b800000, 0x000000072b900000|  0%| F|  |TAMS 0x000000072b800000, 0x000000072b800000| Untracked 
| 697|0x000000072b900000, 0x000000072b900000, 0x000000072ba00000|  0%| F|  |TAMS 0x000000072b900000, 0x000000072b900000| Untracked 
| 698|0x000000072ba00000, 0x000000072ba00000, 0x000000072bb00000|  0%| F|  |TAMS 0x000000072ba00000, 0x000000072ba00000| Untracked 
| 699|0x000000072bb00000, 0x000000072bb00000, 0x000000072bc00000|  0%| F|  |TAMS 0x000000072bb00000, 0x000000072bb00000| Untracked 
| 700|0x000000072bc00000, 0x000000072bc00000, 0x000000072bd00000|  0%| F|  |TAMS 0x000000072bc00000, 0x000000072bc00000| Untracked 
| 701|0x000000072bd00000, 0x000000072bd00000, 0x000000072be00000|  0%| F|  |TAMS 0x000000072bd00000, 0x000000072bd00000| Untracked 
| 702|0x000000072be00000, 0x000000072be00000, 0x000000072bf00000|  0%| F|  |TAMS 0x000000072be00000, 0x000000072be00000| Untracked 
| 703|0x000000072bf00000, 0x000000072bf00000, 0x000000072c000000|  0%| F|  |TAMS 0x000000072bf00000, 0x000000072bf00000| Untracked 
| 704|0x000000072c000000, 0x000000072c000000, 0x000000072c100000|  0%| F|  |TAMS 0x000000072c000000, 0x000000072c000000| Untracked 
| 705|0x000000072c100000, 0x000000072c100000, 0x000000072c200000|  0%| F|  |TAMS 0x000000072c100000, 0x000000072c100000| Untracked 
| 706|0x000000072c200000, 0x000000072c200000, 0x000000072c300000|  0%| F|  |TAMS 0x000000072c200000, 0x000000072c200000| Untracked 
| 707|0x000000072c300000, 0x000000072c300000, 0x000000072c400000|  0%| F|  |TAMS 0x000000072c300000, 0x000000072c300000| Untracked 
| 708|0x000000072c400000, 0x000000072c400000, 0x000000072c500000|  0%| F|  |TAMS 0x000000072c400000, 0x000000072c400000| Untracked 
| 709|0x000000072c500000, 0x000000072c500000, 0x000000072c600000|  0%| F|  |TAMS 0x000000072c500000, 0x000000072c500000| Untracked 
| 710|0x000000072c600000, 0x000000072c600000, 0x000000072c700000|  0%| F|  |TAMS 0x000000072c600000, 0x000000072c600000| Untracked 
| 711|0x000000072c700000, 0x000000072c700000, 0x000000072c800000|  0%| F|  |TAMS 0x000000072c700000, 0x000000072c700000| Untracked 
| 712|0x000000072c800000, 0x000000072c800000, 0x000000072c900000|  0%| F|  |TAMS 0x000000072c800000, 0x000000072c800000| Untracked 
| 713|0x000000072c900000, 0x000000072c900000, 0x000000072ca00000|  0%| F|  |TAMS 0x000000072c900000, 0x000000072c900000| Untracked 
| 714|0x000000072ca00000, 0x000000072ca00000, 0x000000072cb00000|  0%| F|  |TAMS 0x000000072ca00000, 0x000000072ca00000| Untracked 
| 715|0x000000072cb00000, 0x000000072cb00000, 0x000000072cc00000|  0%| F|  |TAMS 0x000000072cb00000, 0x000000072cb00000| Untracked 
| 716|0x000000072cc00000, 0x000000072cc00000, 0x000000072cd00000|  0%| F|  |TAMS 0x000000072cc00000, 0x000000072cc00000| Untracked 
| 717|0x000000072cd00000, 0x000000072cd00000, 0x000000072ce00000|  0%| F|  |TAMS 0x000000072cd00000, 0x000000072cd00000| Untracked 
| 718|0x000000072ce00000, 0x000000072ce00000, 0x000000072cf00000|  0%| F|  |TAMS 0x000000072ce00000, 0x000000072ce00000| Untracked 
| 719|0x000000072cf00000, 0x000000072cf00000, 0x000000072d000000|  0%| F|  |TAMS 0x000000072cf00000, 0x000000072cf00000| Untracked 
| 720|0x000000072d000000, 0x000000072d000000, 0x000000072d100000|  0%| F|  |TAMS 0x000000072d000000, 0x000000072d000000| Untracked 
| 721|0x000000072d100000, 0x000000072d100000, 0x000000072d200000|  0%| F|  |TAMS 0x000000072d100000, 0x000000072d100000| Untracked 
| 722|0x000000072d200000, 0x000000072d200000, 0x000000072d300000|  0%| F|  |TAMS 0x000000072d200000, 0x000000072d200000| Untracked 
| 723|0x000000072d300000, 0x000000072d300000, 0x000000072d400000|  0%| F|  |TAMS 0x000000072d300000, 0x000000072d300000| Untracked 
| 724|0x000000072d400000, 0x000000072d400000, 0x000000072d500000|  0%| F|  |TAMS 0x000000072d400000, 0x000000072d400000| Untracked 
| 725|0x000000072d500000, 0x000000072d500000, 0x000000072d600000|  0%| F|  |TAMS 0x000000072d500000, 0x000000072d500000| Untracked 
| 726|0x000000072d600000, 0x000000072d600000, 0x000000072d700000|  0%| F|  |TAMS 0x000000072d600000, 0x000000072d600000| Untracked 
| 727|0x000000072d700000, 0x000000072d700000, 0x000000072d800000|  0%| F|  |TAMS 0x000000072d700000, 0x000000072d700000| Untracked 
| 728|0x000000072d800000, 0x000000072d800000, 0x000000072d900000|  0%| F|  |TAMS 0x000000072d800000, 0x000000072d800000| Untracked 
| 729|0x000000072d900000, 0x000000072d900000, 0x000000072da00000|  0%| F|  |TAMS 0x000000072d900000, 0x000000072d900000| Untracked 
| 730|0x000000072da00000, 0x000000072da00000, 0x000000072db00000|  0%| F|  |TAMS 0x000000072da00000, 0x000000072da00000| Untracked 
| 731|0x000000072db00000, 0x000000072db00000, 0x000000072dc00000|  0%| F|  |TAMS 0x000000072db00000, 0x000000072db00000| Untracked 
| 732|0x000000072dc00000, 0x000000072dc00000, 0x000000072dd00000|  0%| F|  |TAMS 0x000000072dc00000, 0x000000072dc00000| Untracked 
| 733|0x000000072dd00000, 0x000000072dd00000, 0x000000072de00000|  0%| F|  |TAMS 0x000000072dd00000, 0x000000072dd00000| Untracked 
| 734|0x000000072de00000, 0x000000072de00000, 0x000000072df00000|  0%| F|  |TAMS 0x000000072de00000, 0x000000072de00000| Untracked 
| 735|0x000000072df00000, 0x000000072df00000, 0x000000072e000000|  0%| F|  |TAMS 0x000000072df00000, 0x000000072df00000| Untracked 
| 736|0x000000072e000000, 0x000000072e000000, 0x000000072e100000|  0%| F|  |TAMS 0x000000072e000000, 0x000000072e000000| Untracked 
| 737|0x000000072e100000, 0x000000072e100000, 0x000000072e200000|  0%| F|  |TAMS 0x000000072e100000, 0x000000072e100000| Untracked 
| 738|0x000000072e200000, 0x000000072e200000, 0x000000072e300000|  0%| F|  |TAMS 0x000000072e200000, 0x000000072e200000| Untracked 
| 739|0x000000072e300000, 0x000000072e300000, 0x000000072e400000|  0%| F|  |TAMS 0x000000072e300000, 0x000000072e300000| Untracked 
| 740|0x000000072e400000, 0x000000072e400000, 0x000000072e500000|  0%| F|  |TAMS 0x000000072e400000, 0x000000072e400000| Untracked 
| 741|0x000000072e500000, 0x000000072e500000, 0x000000072e600000|  0%| F|  |TAMS 0x000000072e500000, 0x000000072e500000| Untracked 
| 742|0x000000072e600000, 0x000000072e600000, 0x000000072e700000|  0%| F|  |TAMS 0x000000072e600000, 0x000000072e600000| Untracked 
| 743|0x000000072e700000, 0x000000072e700000, 0x000000072e800000|  0%| F|  |TAMS 0x000000072e700000, 0x000000072e700000| Untracked 
| 744|0x000000072e800000, 0x000000072e800000, 0x000000072e900000|  0%| F|  |TAMS 0x000000072e800000, 0x000000072e800000| Untracked 
| 745|0x000000072e900000, 0x000000072e900000, 0x000000072ea00000|  0%| F|  |TAMS 0x000000072e900000, 0x000000072e900000| Untracked 
| 746|0x000000072ea00000, 0x000000072ea00000, 0x000000072eb00000|  0%| F|  |TAMS 0x000000072ea00000, 0x000000072ea00000| Untracked 
| 747|0x000000072eb00000, 0x000000072eb00000, 0x000000072ec00000|  0%| F|  |TAMS 0x000000072eb00000, 0x000000072eb00000| Untracked 
| 748|0x000000072ec00000, 0x000000072ec00000, 0x000000072ed00000|  0%| F|  |TAMS 0x000000072ec00000, 0x000000072ec00000| Untracked 
| 749|0x000000072ed00000, 0x000000072ed00000, 0x000000072ee00000|  0%| F|  |TAMS 0x000000072ed00000, 0x000000072ed00000| Untracked 
| 750|0x000000072ee00000, 0x000000072ee00000, 0x000000072ef00000|  0%| F|  |TAMS 0x000000072ee00000, 0x000000072ee00000| Untracked 
| 751|0x000000072ef00000, 0x000000072ef00000, 0x000000072f000000|  0%| F|  |TAMS 0x000000072ef00000, 0x000000072ef00000| Untracked 
| 752|0x000000072f000000, 0x000000072f000000, 0x000000072f100000|  0%| F|  |TAMS 0x000000072f000000, 0x000000072f000000| Untracked 
| 753|0x000000072f100000, 0x000000072f100000, 0x000000072f200000|  0%| F|  |TAMS 0x000000072f100000, 0x000000072f100000| Untracked 
| 754|0x000000072f200000, 0x000000072f200000, 0x000000072f300000|  0%| F|  |TAMS 0x000000072f200000, 0x000000072f200000| Untracked 
| 755|0x000000072f300000, 0x000000072f300000, 0x000000072f400000|  0%| F|  |TAMS 0x000000072f300000, 0x000000072f300000| Untracked 
| 756|0x000000072f400000, 0x000000072f400000, 0x000000072f500000|  0%| F|  |TAMS 0x000000072f400000, 0x000000072f400000| Untracked 
| 757|0x000000072f500000, 0x000000072f500000, 0x000000072f600000|  0%| F|  |TAMS 0x000000072f500000, 0x000000072f500000| Untracked 
| 758|0x000000072f600000, 0x000000072f600000, 0x000000072f700000|  0%| F|  |TAMS 0x000000072f600000, 0x000000072f600000| Untracked 
| 759|0x000000072f700000, 0x000000072f700000, 0x000000072f800000|  0%| F|  |TAMS 0x000000072f700000, 0x000000072f700000| Untracked 
| 760|0x000000072f800000, 0x000000072f800000, 0x000000072f900000|  0%| F|  |TAMS 0x000000072f800000, 0x000000072f800000| Untracked 
| 761|0x000000072f900000, 0x000000072f900000, 0x000000072fa00000|  0%| F|  |TAMS 0x000000072f900000, 0x000000072f900000| Untracked 
| 762|0x000000072fa00000, 0x000000072fa00000, 0x000000072fb00000|  0%| F|  |TAMS 0x000000072fa00000, 0x000000072fa00000| Untracked 
| 763|0x000000072fb00000, 0x000000072fb00000, 0x000000072fc00000|  0%| F|  |TAMS 0x000000072fb00000, 0x000000072fb00000| Untracked 
| 764|0x000000072fc00000, 0x000000072fc00000, 0x000000072fd00000|  0%| F|  |TAMS 0x000000072fc00000, 0x000000072fc00000| Untracked 
| 765|0x000000072fd00000, 0x000000072fd00000, 0x000000072fe00000|  0%| F|  |TAMS 0x000000072fd00000, 0x000000072fd00000| Untracked 
| 766|0x000000072fe00000, 0x000000072fe00000, 0x000000072ff00000|  0%| F|  |TAMS 0x000000072fe00000, 0x000000072fe00000| Untracked 
| 767|0x000000072ff00000, 0x000000072ff00000, 0x0000000730000000|  0%| F|  |TAMS 0x000000072ff00000, 0x000000072ff00000| Untracked 
| 768|0x0000000730000000, 0x0000000730000000, 0x0000000730100000|  0%| F|  |TAMS 0x0000000730000000, 0x0000000730000000| Untracked 
| 769|0x0000000730100000, 0x0000000730100000, 0x0000000730200000|  0%| F|  |TAMS 0x0000000730100000, 0x0000000730100000| Untracked 
| 770|0x0000000730200000, 0x0000000730200000, 0x0000000730300000|  0%| F|  |TAMS 0x0000000730200000, 0x0000000730200000| Untracked 
| 771|0x0000000730300000, 0x0000000730300000, 0x0000000730400000|  0%| F|  |TAMS 0x0000000730300000, 0x0000000730300000| Untracked 
| 772|0x0000000730400000, 0x0000000730400000, 0x0000000730500000|  0%| F|  |TAMS 0x0000000730400000, 0x0000000730400000| Untracked 
| 773|0x0000000730500000, 0x0000000730500000, 0x0000000730600000|  0%| F|  |TAMS 0x0000000730500000, 0x0000000730500000| Untracked 
| 774|0x0000000730600000, 0x0000000730600000, 0x0000000730700000|  0%| F|  |TAMS 0x0000000730600000, 0x0000000730600000| Untracked 
| 775|0x0000000730700000, 0x0000000730700000, 0x0000000730800000|  0%| F|  |TAMS 0x0000000730700000, 0x0000000730700000| Untracked 
| 776|0x0000000730800000, 0x0000000730800000, 0x0000000730900000|  0%| F|  |TAMS 0x0000000730800000, 0x0000000730800000| Untracked 
| 777|0x0000000730900000, 0x0000000730900000, 0x0000000730a00000|  0%| F|  |TAMS 0x0000000730900000, 0x0000000730900000| Untracked 
| 778|0x0000000730a00000, 0x0000000730a00000, 0x0000000730b00000|  0%| F|  |TAMS 0x0000000730a00000, 0x0000000730a00000| Untracked 
| 779|0x0000000730b00000, 0x0000000730b00000, 0x0000000730c00000|  0%| F|  |TAMS 0x0000000730b00000, 0x0000000730b00000| Untracked 
| 780|0x0000000730c00000, 0x0000000730c00000, 0x0000000730d00000|  0%| F|  |TAMS 0x0000000730c00000, 0x0000000730c00000| Untracked 
| 781|0x0000000730d00000, 0x0000000730d00000, 0x0000000730e00000|  0%| F|  |TAMS 0x0000000730d00000, 0x0000000730d00000| Untracked 
| 782|0x0000000730e00000, 0x0000000730e00000, 0x0000000730f00000|  0%| F|  |TAMS 0x0000000730e00000, 0x0000000730e00000| Untracked 
| 783|0x0000000730f00000, 0x0000000730f00000, 0x0000000731000000|  0%| F|  |TAMS 0x0000000730f00000, 0x0000000730f00000| Untracked 
| 784|0x0000000731000000, 0x0000000731000000, 0x0000000731100000|  0%| F|  |TAMS 0x0000000731000000, 0x0000000731000000| Untracked 
| 785|0x0000000731100000, 0x0000000731100000, 0x0000000731200000|  0%| F|  |TAMS 0x0000000731100000, 0x0000000731100000| Untracked 
| 786|0x0000000731200000, 0x0000000731200000, 0x0000000731300000|  0%| F|  |TAMS 0x0000000731200000, 0x0000000731200000| Untracked 
| 787|0x0000000731300000, 0x0000000731300000, 0x0000000731400000|  0%| F|  |TAMS 0x0000000731300000, 0x0000000731300000| Untracked 
| 788|0x0000000731400000, 0x0000000731400000, 0x0000000731500000|  0%| F|  |TAMS 0x0000000731400000, 0x0000000731400000| Untracked 
| 789|0x0000000731500000, 0x0000000731500000, 0x0000000731600000|  0%| F|  |TAMS 0x0000000731500000, 0x0000000731500000| Untracked 
| 790|0x0000000731600000, 0x0000000731600000, 0x0000000731700000|  0%| F|  |TAMS 0x0000000731600000, 0x0000000731600000| Untracked 
| 791|0x0000000731700000, 0x0000000731700000, 0x0000000731800000|  0%| F|  |TAMS 0x0000000731700000, 0x0000000731700000| Untracked 
| 792|0x0000000731800000, 0x0000000731800000, 0x0000000731900000|  0%| F|  |TAMS 0x0000000731800000, 0x0000000731800000| Untracked 
| 793|0x0000000731900000, 0x0000000731900000, 0x0000000731a00000|  0%| F|  |TAMS 0x0000000731900000, 0x0000000731900000| Untracked 
| 794|0x0000000731a00000, 0x0000000731a00000, 0x0000000731b00000|  0%| F|  |TAMS 0x0000000731a00000, 0x0000000731a00000| Untracked 
| 795|0x0000000731b00000, 0x0000000731b00000, 0x0000000731c00000|  0%| F|  |TAMS 0x0000000731b00000, 0x0000000731b00000| Untracked 
| 796|0x0000000731c00000, 0x0000000731c00000, 0x0000000731d00000|  0%| F|  |TAMS 0x0000000731c00000, 0x0000000731c00000| Untracked 
| 797|0x0000000731d00000, 0x0000000731d00000, 0x0000000731e00000|  0%| F|  |TAMS 0x0000000731d00000, 0x0000000731d00000| Untracked 
| 798|0x0000000731e00000, 0x0000000731e00000, 0x0000000731f00000|  0%| F|  |TAMS 0x0000000731e00000, 0x0000000731e00000| Untracked 
| 799|0x0000000731f00000, 0x0000000731f00000, 0x0000000732000000|  0%| F|  |TAMS 0x0000000731f00000, 0x0000000731f00000| Untracked 
| 800|0x0000000732000000, 0x0000000732000000, 0x0000000732100000|  0%| F|  |TAMS 0x0000000732000000, 0x0000000732000000| Untracked 
| 801|0x0000000732100000, 0x0000000732100000, 0x0000000732200000|  0%| F|  |TAMS 0x0000000732100000, 0x0000000732100000| Untracked 
| 802|0x0000000732200000, 0x0000000732200000, 0x0000000732300000|  0%| F|  |TAMS 0x0000000732200000, 0x0000000732200000| Untracked 
| 803|0x0000000732300000, 0x0000000732300000, 0x0000000732400000|  0%| F|  |TAMS 0x0000000732300000, 0x0000000732300000| Untracked 

Card table byte_map: [0x0000017fc2c70000,0x0000017fc3470000] _byte_map_base: 0x0000017fbf470000

Marking Bits (Prev, Next): (CMBitMap*) 0x0000017faad26088, (CMBitMap*) 0x0000017faad260c0
 Prev Bits: [0x0000017fc3c70000, 0x0000017fc7c70000)
 Next Bits: [0x0000017fc7c70000, 0x0000017fcbc70000)

Polling page: 0x0000017fa8af0000

Metaspace:

Usage:
  Non-class:    144.88 MB capacity,   139.09 MB ( 96%) used,     4.61 MB (  3%) free+waste,     1.17 MB ( <1%) overhead. 
      Class:     27.75 MB capacity,    22.85 MB ( 82%) used,     4.27 MB ( 15%) free+waste,   653.50 KB (  2%) overhead. 
       Both:    172.63 MB capacity,   161.94 MB ( 94%) used,     8.88 MB (  5%) free+waste,     1.81 MB (  1%) overhead. 

Virtual space:
  Non-class space:      146.00 MB reserved,     145.25 MB (>99%) committed 
      Class space:        1.00 GB reserved,      28.00 MB (  3%) committed 
             Both:        1.14 GB reserved,     173.25 MB ( 15%) committed 

Chunk freelists:
   Non-Class:  251.00 KB
       Class:  235.00 KB
        Both:  486.00 KB

MaxMetaspaceSize: 17179869184.00 GB
CompressedClassSpaceSize: 1.00 GB
Initial GC threshold: 20.80 MB
Current GC threshold: 288.33 MB
CDS: on

CodeHeap 'non-profiled nmethods': size=120064Kb used=15422Kb max_used=15422Kb free=104642Kb
 bounds [0x0000017fbaf30000, 0x0000017fbbe40000, 0x0000017fc2470000]
CodeHeap 'profiled nmethods': size=120000Kb used=42847Kb max_used=42847Kb free=77152Kb
 bounds [0x0000017fb3a00000, 0x0000017fb63e0000, 0x0000017fbaf30000]
CodeHeap 'non-nmethods': size=5696Kb used=1742Kb max_used=1812Kb free=3953Kb
 bounds [0x0000017fb3470000, 0x0000017fb36e0000, 0x0000017fb3a00000]
 total_blobs=21398 nmethods=20272 adapters=1034
 compilation: enabled
              stopped_count=0, restarted_count=0
 full_count=0

Compilation events (20 events):
Event: 71.544 Thread 0x0000017fce183800 22258       4       org.codehaus.janino.UnitCompiler::checkThrownExceptions (48 bytes)
Event: 71.547 Thread 0x0000017fce183800 nmethod 22258 0x0000017fbbe35090 code [0x0000017fbbe35240, 0x0000017fbbe354a8]
Event: 71.548 Thread 0x0000017fce183800 22254       4       org.codehaus.janino.Java$Statement::findLocalVariable (22 bytes)
Event: 71.558 Thread 0x0000017fce183800 nmethod 22254 0x0000017fbbe35690 code [0x0000017fbbe35880, 0x0000017fbbe35ee8]
Event: 71.558 Thread 0x0000017fce183800 22251       4       org.codehaus.janino.util.AbstractTraverser$4$1::visitAmbiguousName (6 bytes)
Event: 71.561 Thread 0x0000017fce183800 nmethod 22251 0x0000017fbbe36390 code [0x0000017fbbe36540, 0x0000017fbbe36718]
Event: 71.561 Thread 0x0000017fce183800 22266       4       java.lang.StringBuilder::<init> (18 bytes)
Event: 71.572 Thread 0x0000017fce183800 nmethod 22266 0x0000017fbbe36910 code [0x0000017fbbe36ae0, 0x0000017fbbe37408]
Event: 71.573 Thread 0x0000017fce183800 22253       4       org.codehaus.janino.UnitCompiler$15$1::visitAmbiguousName (6 bytes)
Event: 71.578 Thread 0x0000017fce183800 nmethod 22253 0x0000017fbbe37810 code [0x0000017fbbe379e0, 0x0000017fbbe37d68]
Event: 71.578 Thread 0x0000017fce183800 22259       4       org.codehaus.janino.IClass$PrimitiveIClass::isPrimitiveNumeric (8 bytes)
Event: 71.581 Thread 0x0000017fce183800 nmethod 22259 0x0000017fbbe38090 code [0x0000017fbbe38220, 0x0000017fbbe38398]
Event: 71.581 Thread 0x0000017fce183800 22250       4       org.codehaus.janino.TokenStreamImpl::peekRead (82 bytes)
Event: 71.789 Thread 0x0000017fce183800 nmethod 22250 0x0000017fbbe38590 code [0x0000017fbbe38900, 0x0000017fbbe3cfc0]
Event: 71.971 Thread 0x0000017fce18a000 22268       3       scala.collection.Iterator$$anon$13::hasNext (77 bytes)
Event: 71.971 Thread 0x0000017fce18a000 nmethod 22268 0x0000017fb63dad10 code [0x0000017fb63daf20, 0x0000017fb63db5a8]
Event: 71.973 Thread 0x0000017fce183800 22269       4       java.util.Formatter::checkText (58 bytes)
Event: 71.979 Thread 0x0000017fce183800 nmethod 22269 0x0000017fbbe3ea90 code [0x0000017fbbe3ec20, 0x0000017fbbe3ee98]
Event: 72.205 Thread 0x0000017fce183800 22270       4       com.fasterxml.jackson.core.json.UTF8StreamJsonParser::_skipColon2 (197 bytes)
Event: 72.210 Thread 0x0000017fce183800 nmethod 22270 0x0000017fbbe3ef90 code [0x0000017fbbe3f160, 0x0000017fbbe3f4a8]

GC Heap History (20 events):
Event: 65.293 GC heap after
{Heap after GC invocations=68 (full 0):
 garbage-first heap   total 477184K, used 203346K [0x0000000700000000, 0x0000000800000000)
  region size 1024K, 9 young (9216K), 9 survivors (9216K)
 Metaspace       used 165661K, capacity 176665K, committed 176892K, reserved 1198080K
  class space    used 23530K, capacity 28628K, committed 28668K, reserved 1048576K
}
Event: 65.464 GC heap before
{Heap before GC invocations=68 (full 0):
 garbage-first heap   total 477184K, used 278098K [0x0000000700000000, 0x0000000800000000)
  region size 1024K, 82 young (83968K), 9 survivors (9216K)
 Metaspace       used 165676K, capacity 176665K, committed 176892K, reserved 1198080K
  class space    used 23530K, capacity 28628K, committed 28668K, reserved 1048576K
}
Event: 65.487 GC heap after
{Heap after GC invocations=69 (full 0):
 garbage-first heap   total 477184K, used 214111K [0x0000000700000000, 0x0000000800000000)
  region size 1024K, 11 young (11264K), 11 survivors (11264K)
 Metaspace       used 165676K, capacity 176665K, committed 176892K, reserved 1198080K
  class space    used 23530K, capacity 28628K, committed 28668K, reserved 1048576K
}
Event: 65.768 GC heap before
{Heap before GC invocations=69 (full 0):
 garbage-first heap   total 477184K, used 307295K [0x0000000700000000, 0x0000000800000000)
  region size 1024K, 102 young (104448K), 11 survivors (11264K)
 Metaspace       used 165677K, capacity 176665K, committed 176892K, reserved 1198080K
  class space    used 23530K, capacity 28628K, committed 28668K, reserved 1048576K
}
Event: 65.803 GC heap after
{Heap after GC invocations=70 (full 0):
 garbage-first heap   total 573440K, used 226768K [0x0000000700000000, 0x0000000800000000)
  region size 1024K, 13 young (13312K), 13 survivors (13312K)
 Metaspace       used 165677K, capacity 176665K, committed 176892K, reserved 1198080K
  class space    used 23530K, capacity 28628K, committed 28668K, reserved 1048576K
}
Event: 66.201 GC heap before
{Heap before GC invocations=70 (full 0):
 garbage-first heap   total 573440K, used 346576K [0x0000000700000000, 0x0000000800000000)
  region size 1024K, 129 young (132096K), 13 survivors (13312K)
 Metaspace       used 165677K, capacity 176665K, committed 176892K, reserved 1198080K
  class space    used 23530K, capacity 28628K, committed 28668K, reserved 1048576K
}
Event: 66.237 GC heap after
{Heap after GC invocations=71 (full 0):
 garbage-first heap   total 573440K, used 244178K [0x0000000700000000, 0x0000000800000000)
  region size 1024K, 16 young (16384K), 16 survivors (16384K)
 Metaspace       used 165677K, capacity 176665K, committed 176892K, reserved 1198080K
  class space    used 23530K, capacity 28628K, committed 28668K, reserved 1048576K
}
Event: 67.557 GC heap before
{Heap before GC invocations=71 (full 0):
 garbage-first heap   total 573440K, used 416210K [0x0000000700000000, 0x0000000800000000)
  region size 1024K, 164 young (167936K), 16 survivors (16384K)
 Metaspace       used 166017K, capacity 177027K, committed 177148K, reserved 1198080K
  class space    used 23543K, capacity 28649K, committed 28668K, reserved 1048576K
}
Event: 67.599 GC heap after
{Heap after GC invocations=72 (full 0):
 garbage-first heap   total 573440K, used 259584K [0x0000000700000000, 0x0000000800000000)
  region size 1024K, 15 young (15360K), 15 survivors (15360K)
 Metaspace       used 166017K, capacity 177027K, committed 177148K, reserved 1198080K
  class space    used 23543K, capacity 28649K, committed 28668K, reserved 1048576K
}
Event: 68.280 GC heap before
{Heap before GC invocations=72 (full 0):
 garbage-first heap   total 573440K, used 418304K [0x0000000700000000, 0x0000000800000000)
  region size 1024K, 170 young (174080K), 15 survivors (15360K)
 Metaspace       used 166019K, capacity 177028K, committed 177148K, reserved 1198080K
  class space    used 23543K, capacity 28649K, committed 28668K, reserved 1048576K
}
Event: 68.325 GC heap after
{Heap after GC invocations=73 (full 0):
 garbage-first heap   total 573440K, used 284672K [0x0000000700000000, 0x0000000800000000)
  region size 1024K, 22 young (22528K), 22 survivors (22528K)
 Metaspace       used 166019K, capacity 177028K, committed 177148K, reserved 1198080K
  class space    used 23543K, capacity 28649K, committed 28668K, reserved 1048576K
}
Event: 68.676 GC heap before
{Heap before GC invocations=73 (full 0):
 garbage-first heap   total 573440K, used 440320K [0x0000000700000000, 0x0000000800000000)
  region size 1024K, 174 young (178176K), 22 survivors (22528K)
 Metaspace       used 166019K, capacity 177028K, committed 177148K, reserved 1198080K
  class space    used 23543K, capacity 28649K, committed 28668K, reserved 1048576K
}
Event: 68.748 GC heap after
{Heap after GC invocations=74 (full 0):
 garbage-first heap   total 823296K, used 311296K [0x0000000700000000, 0x0000000800000000)
  region size 1024K, 22 young (22528K), 22 survivors (22528K)
 Metaspace       used 166019K, capacity 177028K, committed 177148K, reserved 1198080K
  class space    used 23543K, capacity 28649K, committed 28668K, reserved 1048576K
}
Event: 70.105 GC heap before
{Heap before GC invocations=75 (full 0):
 garbage-first heap   total 823296K, used 346112K [0x0000000700000000, 0x0000000800000000)
  region size 1024K, 190 young (194560K), 22 survivors (22528K)
 Metaspace       used 165656K, capacity 176497K, committed 177148K, reserved 1198080K
  class space    used 23376K, capacity 28391K, committed 28668K, reserved 1048576K
}
Event: 70.182 GC heap after
{Heap after GC invocations=76 (full 0):
 garbage-first heap   total 823296K, used 202752K [0x0000000700000000, 0x0000000800000000)
  region size 1024K, 24 young (24576K), 24 survivors (24576K)
 Metaspace       used 165656K, capacity 176497K, committed 177148K, reserved 1198080K
  class space    used 23376K, capacity 28391K, committed 28668K, reserved 1048576K
}
Event: 71.096 GC heap before
{Heap before GC invocations=76 (full 0):
 garbage-first heap   total 823296K, used 394240K [0x0000000700000000, 0x0000000800000000)
  region size 1024K, 210 young (215040K), 24 survivors (24576K)
 Metaspace       used 165673K, capacity 176562K, committed 177148K, reserved 1198080K
  class space    used 23376K, capacity 28391K, committed 28668K, reserved 1048576K
}
Event: 71.160 GC heap after
{Heap after GC invocations=77 (full 0):
 garbage-first heap   total 823296K, used 232960K [0x0000000700000000, 0x0000000800000000)
  region size 1024K, 27 young (27648K), 27 survivors (27648K)
 Metaspace       used 165673K, capacity 176562K, committed 177148K, reserved 1198080K
  class space    used 23376K, capacity 28391K, committed 28668K, reserved 1048576K
}
Event: 71.907 GC heap before
{Heap before GC invocations=77 (full 0):
 garbage-first heap   total 823296K, used 458240K [0x0000000700000000, 0x0000000800000000)
  region size 1024K, 227 young (232448K), 27 survivors (27648K)
 Metaspace       used 165825K, capacity 176772K, committed 177404K, reserved 1198080K
  class space    used 23393K, capacity 28415K, committed 28668K, reserved 1048576K
}
Event: 71.968 GC heap after
{Heap after GC invocations=78 (full 0):
 garbage-first heap   total 823296K, used 262144K [0x0000000700000000, 0x0000000800000000)
  region size 1024K, 29 young (29696K), 29 survivors (29696K)
 Metaspace       used 165825K, capacity 176772K, committed 177404K, reserved 1198080K
  class space    used 23393K, capacity 28415K, committed 28668K, reserved 1048576K
}
Event: 72.433 GC heap before
{Heap before GC invocations=78 (full 0):
 garbage-first heap   total 823296K, used 478208K [0x0000000700000000, 0x0000000800000000)
  region size 1024K, 240 young (245760K), 29 survivors (29696K)
 Metaspace       used 165826K, capacity 176772K, committed 177404K, reserved 1198080K
  class space    used 23393K, capacity 28415K, committed 28668K, reserved 1048576K
}

Deoptimization events (20 events):
Event: 71.344 Thread 0x0000017fcf92d800 Uncommon trap: trap_request=0xffffffc6 fr.pc=0x0000017fbbcc2c5c relative=0x00000000000005bc
Event: 71.344 Thread 0x0000017fcf92d800 Uncommon trap: reason=bimorphic_or_optimized_type_check action=maybe_recompile pc=0x0000017fbbcc2c5c method=scala.collection.TraversableOnce$reducer$1.apply(Ljava/lang/Object;)V @ 28 c2
Event: 71.344 Thread 0x0000017fcf92d800 DEOPT PACKING pc=0x0000017fbbcc2c5c sp=0x0000002c0d7fb830
Event: 71.344 Thread 0x0000017fcf92d800 DEOPT UNPACKING pc=0x0000017fb34ba1af sp=0x0000002c0d7fb770 mode 2
Event: 71.344 Thread 0x0000017fcf92d800 Uncommon trap: trap_request=0xffffffc6 fr.pc=0x0000017fbbcc2c5c relative=0x00000000000005bc
Event: 71.344 Thread 0x0000017fcf92d800 Uncommon trap: reason=bimorphic_or_optimized_type_check action=maybe_recompile pc=0x0000017fbbcc2c5c method=scala.collection.TraversableOnce$reducer$1.apply(Ljava/lang/Object;)V @ 28 c2
Event: 71.344 Thread 0x0000017fcf92d800 DEOPT PACKING pc=0x0000017fbbcc2c5c sp=0x0000002c0d7fb830
Event: 71.344 Thread 0x0000017fcf92d800 DEOPT UNPACKING pc=0x0000017fb34ba1af sp=0x0000002c0d7fb770 mode 2
Event: 71.364 Thread 0x0000017fcf92d800 Uncommon trap: trap_request=0xffffffc6 fr.pc=0x0000017fbaf4c2a4 relative=0x0000000000000484
Event: 71.364 Thread 0x0000017fcf92d800 Uncommon trap: reason=bimorphic_or_optimized_type_check action=maybe_recompile pc=0x0000017fbaf4c2a4 method=org.apache.spark.sql.catalyst.expressions.codegen.CodegenContext.splitExpressionsWithCurrentInputs(Lscala/collection/Seq;Ljava/lang/String;Lscala/c
Event: 71.364 Thread 0x0000017fcf92d800 DEOPT PACKING pc=0x0000017fbaf4c2a4 sp=0x0000002c0d7f9450
Event: 71.364 Thread 0x0000017fcf92d800 DEOPT UNPACKING pc=0x0000017fb34ba1af sp=0x0000002c0d7f9450 mode 2
Event: 71.365 Thread 0x0000017fcf92d800 Uncommon trap: trap_request=0xffffffc6 fr.pc=0x0000017fbaf4c2a4 relative=0x0000000000000484
Event: 71.365 Thread 0x0000017fcf92d800 Uncommon trap: reason=bimorphic_or_optimized_type_check action=maybe_recompile pc=0x0000017fbaf4c2a4 method=org.apache.spark.sql.catalyst.expressions.codegen.CodegenContext.splitExpressionsWithCurrentInputs(Lscala/collection/Seq;Ljava/lang/String;Lscala/c
Event: 71.365 Thread 0x0000017fcf92d800 DEOPT PACKING pc=0x0000017fbaf4c2a4 sp=0x0000002c0d7f9450
Event: 71.365 Thread 0x0000017fcf92d800 DEOPT UNPACKING pc=0x0000017fb34ba1af sp=0x0000002c0d7f9450 mode 2
Event: 71.454 Thread 0x0000017fdb94b000 Uncommon trap: trap_request=0xffffffde fr.pc=0x0000017fbbd38bcc relative=0x0000000000000bac
Event: 71.454 Thread 0x0000017fdb94b000 Uncommon trap: reason=class_check action=maybe_recompile pc=0x0000017fbbd38bcc method=org.apache.spark.sql.catalyst.StructFilters.<init>(Lscala/collection/Seq;Lorg/apache/spark/sql/types/StructType;)V @ 22 c2
Event: 71.454 Thread 0x0000017fdb94b000 DEOPT PACKING pc=0x0000017fbbd38bcc sp=0x0000002c196fe430
Event: 71.454 Thread 0x0000017fdb94b000 DEOPT UNPACKING pc=0x0000017fb34ba1af sp=0x0000002c196fe428 mode 2

Classes redefined (0 events):
No events

Internal exceptions (20 events):
Event: 47.282 Thread 0x0000017fdb944800 Exception <a 'java/lang/NoSuchMethodError'{0x00000007125c4fb0}: 'long java.lang.invoke.DirectMethodHandle$Holder.invokeSpecial(java.lang.Object, java.lang.Object, java.lang.Object)'> (0x00000007125c4fb0) thrown at [s\src\hotspot\share\interpreter\linkResolver.cpp, line 773]
Event: 47.313 Thread 0x0000017fdb94b000 Exception <a 'java/lang/NoSuchMethodError'{0x000000071219a030}: 'java.lang.Object java.lang.invoke.DelegatingMethodHandle$Holder.reinvoke_L(java.lang.Object, java.lang.Object, int, java.lang.Object, java.lang.Object, java.lang.Object, java.lang.Object)'> (0x000000071219a030) thrown at [s\src\hotspot\share\interpreter\linkResolver.cpp, line 773]
Event: 47.313 Thread 0x0000017fdb944800 Exception <a 'java/lang/NoSuchMethodError'{0x00000007120710c0}: 'java.lang.Object java.lang.invoke.DelegatingMethodHandle$Holder.reinvoke_L(java.lang.Object, java.lang.Object, int, java.lang.Object, java.lang.Object, java.lang.Object, java.lang.Object)'> (0x00000007120710c0) thrown at [s\src\hotspot\share\interpreter\linkResolver.cpp, line 773]
Event: 47.313 Thread 0x0000017fcfd10800 Exception <a 'java/lang/NoSuchMethodError'{0x0000000711f530d0}: 'java.lang.Object java.lang.invoke.DelegatingMethodHandle$Holder.reinvoke_L(java.lang.Object, java.lang.Object, int, java.lang.Object, java.lang.Object, java.lang.Object, java.lang.Object)'> (0x0000000711f530d0) thrown at [s\src\hotspot\share\interpreter\linkResolver.cpp, line 773]
Event: 47.879 Thread 0x0000017fcfd10800 Implicit null exception at 0x0000017fbb730adc to 0x0000017fbb731690
Event: 47.880 Thread 0x0000017fdb944800 Implicit null exception at 0x0000017fbb72fd83 to 0x0000017fbb730226
Event: 48.519 Thread 0x0000017fcfd10800 Implicit null exception at 0x0000017fbb99f864 to 0x0000017fbb99fdc4
Event: 51.880 Thread 0x0000017fcfd08000 Implicit null exception at 0x0000017fbb369a0e to 0x0000017fbb36bc2c
Event: 54.780 Thread 0x0000017fcf92d800 Exception <a 'java/lang/NoSuchMethodError'{0x0000000712a64738}: 'java.lang.Object java.lang.invoke.DirectMethodHandle$Holder.invokeSpecial(java.lang.Object, java.lang.Object, long, java.lang.Object, java.lang.Object)'> (0x0000000712a64738) thrown at [s\src\hotspot\share\interpreter\linkResolver.cpp, line 773]
Event: 54.987 Thread 0x0000017fcf92d800 Exception <a 'org/apache/hadoop/io/nativeio/NativeIOException'{0x00000007123dbb00}> (0x00000007123dbb00) thrown at [s\src\hotspot\share\prims\jni.cpp, line 617]
Event: 54.990 Thread 0x0000017fcf92d800 Exception <a 'org/apache/hadoop/io/nativeio/NativeIOException'{0x00000007123e4798}> (0x00000007123e4798) thrown at [s\src\hotspot\share\prims\jni.cpp, line 617]
Event: 54.991 Thread 0x0000017fcf92d800 Implicit null exception at 0x0000017fbb88057e to 0x0000017fbb8809bc
Event: 55.537 Thread 0x0000017fcf92d800 Exception <a 'java/lang/reflect/InvocationTargetException'{0x00000007121b42a0}> (0x00000007121b42a0) thrown at [s\src\hotspot\share\runtime\reflection.cpp, line 1245]
Event: 55.538 Thread 0x0000017fcf92d800 Exception <a 'java/lang/NoSuchMethodError'{0x00000007121bad20}: 'java.lang.Object java.lang.invoke.DirectMethodHandle$Holder.invokeSpecial(java.lang.Object, java.lang.Object, java.lang.Object, long, java.lang.Object, java.lang.Object)'> (0x00000007121bad20) thrown at [s\src\hotspot\share\interpreter\linkResolver.cpp, line 773]
Event: 55.539 Thread 0x0000017fcf92d800 Exception <a 'java/lang/NoSuchMethodError'{0x00000007121be468}: 'java.lang.Object java.lang.invoke.Invokers$Holder.linkToTargetMethod(java.lang.Object, long, java.lang.Object, java.lang.Object, java.lang.Object)'> (0x00000007121be468) thrown at [s\src\hotspot\share\interpreter\linkResolver.cpp, line 773]
Event: 55.698 Thread 0x0000017fdb945000 Implicit null exception at 0x0000017fbb87dc87 to 0x0000017fbb87dd6c
Event: 61.885 Thread 0x0000017fcf92d800 Exception <a 'java/lang/NoSuchMethodError'{0x000000070fcb4808}: 'java.lang.Object java.lang.invoke.DirectMethodHandle$Holder.invokeStatic(java.lang.Object, int, java.lang.Object, int)'> (0x000000070fcb4808) thrown at [s\src\hotspot\share\interpreter\linkResolver.cpp, line 773]
Event: 61.885 Thread 0x0000017fcf92d800 Exception <a 'java/lang/NoSuchMethodError'{0x000000070fcb8050}: 'java.lang.Object java.lang.invoke.DirectMethodHandle$Holder.invokeSpecial(java.lang.Object, java.lang.Object, int, java.lang.Object, int)'> (0x000000070fcb8050) thrown at [s\src\hotspot\share\interpreter\linkResolver.cpp, line 773]
Event: 61.886 Thread 0x0000017fcf92d800 Exception <a 'java/lang/NoSuchMethodError'{0x000000070fcbb268}: 'java.lang.Object java.lang.invoke.Invokers$Holder.linkToTargetMethod(int, java.lang.Object, int, java.lang.Object)'> (0x000000070fcbb268) thrown at [s\src\hotspot\share\interpreter\linkResolver.cpp, line 773]
Event: 71.428 Thread 0x0000017fcfd07800 Exception <a 'java/lang/NoSuchMethodError'{0x0000000730093248}: <clinit>> (0x0000000730093248) thrown at [s\src\hotspot\share\prims\jni.cpp, line 1372]

Events (20 events):
Event: 71.470 loading class org/apache/spark/sql/catalyst/expressions/GeneratedClass$SpecificPredicate done
Event: 71.471 loading class org/apache/spark/sql/catalyst/json/JsonFilters$JsonPredicate
Event: 71.471 loading class org/apache/spark/sql/catalyst/json/JsonFilters$JsonPredicate done
Event: 71.471 loading class scala/Tuple2
Event: 71.471 loading class scala/Tuple2 done
Event: 71.471 loading class org/apache/spark/sql/catalyst/json/JsonFilters$JsonPredicate
Event: 71.471 loading class org/apache/spark/sql/catalyst/json/JsonFilters$JsonPredicate done
Event: 71.472 loading class scala/Tuple2
Event: 71.472 loading class scala/Tuple2 done
Event: 71.472 loading class scala/Tuple2
Event: 71.472 loading class scala/Tuple2 done
Event: 71.472 loading class scala/Function1
Event: 71.472 loading class scala/Function1 done
Event: 71.906 Executing VM operation: G1CollectForAllocation
Event: 71.968 Executing VM operation: G1CollectForAllocation done
Event: 71.971 Executing VM operation: RevokeBias
Event: 71.971 Executing VM operation: RevokeBias done
Event: 71.972 Thread 0x0000017fde952800 Thread added: 0x0000017fde952800
Event: 71.973 Thread 0x0000017fde951000 Thread added: 0x0000017fde951000
Event: 72.432 Executing VM operation: G1CollectForAllocation


Dynamic libraries:
0x00007ff6bc0d0000 - 0x00007ff6bc0de000 	C:\Program Files\Microsoft\jdk-11.0.30.7-hotspot\bin\java.exe
0x00007ffc44af0000 - 0x00007ffc44ce8000 	C:\Windows\SYSTEM32\ntdll.dll
0x00007ffc449e0000 - 0x00007ffc44aa2000 	C:\Windows\System32\KERNEL32.DLL
0x00007ffc42700000 - 0x00007ffc429f6000 	C:\Windows\System32\KERNELBASE.dll
0x00007ffc42180000 - 0x00007ffc42280000 	C:\Windows\System32\ucrtbase.dll
0x00007ffc1d590000 - 0x00007ffc1d5ae000 	C:\Program Files\Microsoft\jdk-11.0.30.7-hotspot\bin\VCRUNTIME140.dll
0x00007ffc1d570000 - 0x00007ffc1d588000 	C:\Program Files\Microsoft\jdk-11.0.30.7-hotspot\bin\jli.dll
0x00007ffc44450000 - 0x00007ffc445f1000 	C:\Windows\System32\USER32.dll
0x00007ffc426d0000 - 0x00007ffc426f2000 	C:\Windows\System32\win32u.dll
0x00007ffc43350000 - 0x00007ffc4337b000 	C:\Windows\System32\GDI32.dll
0x00007ffc42360000 - 0x00007ffc42479000 	C:\Windows\System32\gdi32full.dll
0x00007ffc425e0000 - 0x00007ffc4267d000 	C:\Windows\System32\msvcp_win.dll
0x00007ffc2ca20000 - 0x00007ffc2ccbb000 	C:\Windows\WinSxS\amd64_microsoft.windows.common-controls_6595b64144ccf1df_6.0.19041.6456_none_60b8a6cb71f64256\COMCTL32.dll
0x00007ffc43bc0000 - 0x00007ffc43c5e000 	C:\Windows\System32\msvcrt.dll
0x00007ffc43460000 - 0x00007ffc4348f000 	C:\Windows\System32\IMM32.DLL
0x00007ffc255d0000 - 0x00007ffc255dc000 	C:\Program Files\Microsoft\jdk-11.0.30.7-hotspot\bin\vcruntime140_1.dll
0x00007ffc18560000 - 0x00007ffc185ed000 	C:\Program Files\Microsoft\jdk-11.0.30.7-hotspot\bin\msvcp140.dll
0x00007ffb640f0000 - 0x00007ffb64cc6000 	C:\Program Files\Microsoft\jdk-11.0.30.7-hotspot\bin\server\jvm.dll
0x00007ffc43290000 - 0x00007ffc43341000 	C:\Windows\System32\ADVAPI32.dll
0x00007ffc43d80000 - 0x00007ffc43e1f000 	C:\Windows\System32\sechost.dll
0x00007ffc43970000 - 0x00007ffc43a90000 	C:\Windows\System32\RPCRT4.dll
0x00007ffc42330000 - 0x00007ffc42357000 	C:\Windows\System32\bcrypt.dll
0x00007ffc43860000 - 0x00007ffc438cb000 	C:\Windows\System32\WS2_32.dll
0x00007ffc2daf0000 - 0x00007ffc2db17000 	C:\Windows\SYSTEM32\WINMM.dll
0x00007ffc39de0000 - 0x00007ffc39dea000 	C:\Windows\SYSTEM32\VERSION.dll
0x00007ffc409c0000 - 0x00007ffc409d2000 	C:\Windows\SYSTEM32\kernel.appcore.dll
0x00007ffc25410000 - 0x00007ffc25420000 	C:\Program Files\Microsoft\jdk-11.0.30.7-hotspot\bin\verify.dll
0x00007ffc40640000 - 0x00007ffc40841000 	C:\Windows\SYSTEM32\DBGHELP.DLL
0x00007ffc326c0000 - 0x00007ffc326f4000 	C:\Windows\SYSTEM32\dbgcore.DLL
0x00007ffc42a00000 - 0x00007ffc42a82000 	C:\Windows\System32\bcryptPrimitives.dll
0x00007ffc17360000 - 0x00007ffc1738a000 	C:\Program Files\Microsoft\jdk-11.0.30.7-hotspot\bin\java.dll
0x00007ffc1f3e0000 - 0x00007ffc1f3ea000 	C:\Program Files\Microsoft\jdk-11.0.30.7-hotspot\bin\jimage.dll
0x00007ffc1d0b0000 - 0x00007ffc1d0c8000 	C:\Program Files\Microsoft\jdk-11.0.30.7-hotspot\bin\zip.dll
0x00007ffc42b10000 - 0x00007ffc43280000 	C:\Windows\System32\SHELL32.dll
0x00007ffc3fdc0000 - 0x00007ffc40565000 	C:\Windows\SYSTEM32\windows.storage.dll
0x00007ffc43490000 - 0x00007ffc437e4000 	C:\Windows\System32\combase.dll
0x00007ffc41ad0000 - 0x00007ffc41afb000 	C:\Windows\SYSTEM32\Wldp.dll
0x00007ffc43af0000 - 0x00007ffc43bbd000 	C:\Windows\System32\OLEAUT32.dll
0x00007ffc442f0000 - 0x00007ffc4439d000 	C:\Windows\System32\SHCORE.dll
0x00007ffc43800000 - 0x00007ffc4385b000 	C:\Windows\System32\shlwapi.dll
0x00007ffc420b0000 - 0x00007ffc420d4000 	C:\Windows\SYSTEM32\profapi.dll
0x00007ffc17eb0000 - 0x00007ffc17ecb000 	C:\Program Files\Microsoft\jdk-11.0.30.7-hotspot\bin\net.dll
0x00007ffc314e0000 - 0x00007ffc315ea000 	C:\Windows\SYSTEM32\WINHTTP.dll
0x00007ffc41830000 - 0x00007ffc4189a000 	C:\Windows\system32\mswsock.dll
0x00007ffc17300000 - 0x00007ffc17313000 	C:\Program Files\Microsoft\jdk-11.0.30.7-hotspot\bin\nio.dll
0x00007ffc1d540000 - 0x00007ffc1d54a000 	C:\Program Files\Microsoft\jdk-11.0.30.7-hotspot\bin\management.dll
0x00007ffc1d4f0000 - 0x00007ffc1d4fc000 	C:\Program Files\Microsoft\jdk-11.0.30.7-hotspot\bin\management_ext.dll
0x00007ffc437f0000 - 0x00007ffc437f8000 	C:\Windows\System32\PSAPI.DLL
0x00007ffc39ad0000 - 0x00007ffc39ae7000 	C:\Windows\system32\napinsp.dll
0x00007ffc32710000 - 0x00007ffc3272b000 	C:\Windows\system32\pnrpnsp.dll
0x00007ffc3c5b0000 - 0x00007ffc3c5cd000 	C:\Windows\system32\wshbth.dll
0x00007ffc39910000 - 0x00007ffc3992d000 	C:\Windows\system32\NLAapi.dll
0x00007ffc41510000 - 0x00007ffc4154b000 	C:\Windows\SYSTEM32\IPHLPAPI.DLL
0x00007ffc41550000 - 0x00007ffc4161a000 	C:\Windows\SYSTEM32\DNSAPI.dll
0x00007ffc43280000 - 0x00007ffc43288000 	C:\Windows\System32\NSI.dll
0x00007ffc30eb0000 - 0x00007ffc30ec2000 	C:\Windows\System32\winrnr.dll
0x0000000054090000 - 0x00000000540b6000 	C:\Program Files\Bonjour\mdnsNSP.dll
0x00007ffc2f170000 - 0x00007ffc2f17a000 	C:\Windows\System32\rasadhlp.dll
0x00007ffc2d4e0000 - 0x00007ffc2d560000 	C:\Windows\System32\fwpuclnt.dll
0x00007ffc41a20000 - 0x00007ffc41a38000 	C:\Windows\SYSTEM32\CRYPTSP.dll
0x00007ffc41150000 - 0x00007ffc41188000 	C:\Windows\system32\rsaenh.dll
0x00007ffc42070000 - 0x00007ffc4209e000 	C:\Windows\SYSTEM32\USERENV.dll
0x00007ffc41a40000 - 0x00007ffc41a4c000 	C:\Windows\SYSTEM32\CRYPTBASE.dll
0x00007ffc31d50000 - 0x00007ffc31d67000 	C:\Windows\SYSTEM32\dhcpcsvc6.DLL
0x00007ffc32230000 - 0x00007ffc3224d000 	C:\Windows\SYSTEM32\dhcpcsvc.DLL
0x00007ffc136e0000 - 0x00007ffc136f7000 	C:\hadoop\bin\hadoop.dll
0x00007ffc40e70000 - 0x00007ffc40ebf000 	C:\Windows\SYSTEM32\AUTHZ.dll
0x00007ffc2be20000 - 0x00007ffc2be39000 	C:\Windows\SYSTEM32\NETAPI32.dll
0x00007ffc2bd10000 - 0x00007ffc2bd29000 	C:\Windows\SYSTEM32\SAMCLI.DLL
0x00007ffc41620000 - 0x00007ffc4162c000 	C:\Windows\SYSTEM32\NETUTILS.DLL
0x00007ffc1d170000 - 0x00007ffc1d179000 	C:\Program Files\Microsoft\jdk-11.0.30.7-hotspot\bin\jaas.dll
0x00007ffc413a0000 - 0x00007ffc413d3000 	C:\Windows\SYSTEM32\ntmarta.dll
0x0000000066f40000 - 0x0000000066fc4000 	C:\Users\koffi\AppData\Local\Temp\liblz4-java-2908912810794904827.so
0x0000000070fc0000 - 0x000000007108d000 	C:\Users\koffi\AppData\Local\Temp\snappy-1.1.10-1519a652-4130-4cdd-b972-3b734612e09a-snappyjava.dll

dbghelp: loaded successfully - version: 4.0.5 - missing functions: none
symbol engine: initialized successfully - sym options: 0x614 - pdb path: .;C:\Program Files\Microsoft\jdk-11.0.30.7-hotspot\bin;C:\Windows\SYSTEM32;C:\Windows\WinSxS\amd64_microsoft.windows.common-controls_6595b64144ccf1df_6.0.19041.6456_none_60b8a6cb71f64256;C:\Program Files\Microsoft\jdk-11.0.30.7-hotspot\bin\server;C:\Program Files\Bonjour;C:\hadoop\bin;C:\Users\koffi\AppData\Local\Temp

VM Arguments:
jvm_args: -Xmx4g -Djava.library.path=C:/hadoop/bin -Dhadoop.home.dir=C:/hadoop -XX:+IgnoreUnrecognizedVMOptions --add-opens=java.base/java.lang=ALL-UNNAMED --add-opens=java.base/java.lang.invoke=ALL-UNNAMED --add-opens=java.base/java.lang.reflect=ALL-UNNAMED --add-opens=java.base/java.io=ALL-UNNAMED --add-opens=java.base/java.net=ALL-UNNAMED --add-opens=java.base/java.nio=ALL-UNNAMED --add-opens=java.base/java.util=ALL-UNNAMED --add-opens=java.base/java.util.concurrent=ALL-UNNAMED --add-opens=java.base/java.util.concurrent.atomic=ALL-UNNAMED --add-opens=java.base/jdk.internal.ref=ALL-UNNAMED --add-opens=java.base/sun.nio.ch=ALL-UNNAMED --add-opens=java.base/sun.nio.cs=ALL-UNNAMED --add-opens=java.base/sun.security.action=ALL-UNNAMED --add-opens=java.base/sun.util.calendar=ALL-UNNAMED --add-opens=java.security.jgss/sun.security.krb5=ALL-UNNAMED -Djdk.reflect.useDirectMethodHandle=false 
java_command: org.apache.spark.deploy.SparkSubmit --conf spark.executor.memory=4g --conf spark.master=local[*] --conf spark.driver.memory=4g --conf spark.jars.packages=io.delta:delta-spark_2.12:3.1.0 --conf spark.sql.catalog.spark_catalog=org.apache.spark.sql.delta.catalog.DeltaCatalog --conf spark.app.name=axa-claims-lakehouse --conf spark.sql.shuffle.partitions=8 --conf spark.hadoop.io.native.lib.available=false --conf spark.sql.extensions=io.delta.sql.DeltaSparkSessionExtension --conf spark.kryo.registrationRequired=false --conf spark.databricks.delta.optimizeWrite.enabled=true --conf spark.sql.adaptive.enabled=true --conf spark.sql.autoBroadcastJoinThreshold=50m --conf spark.sql.adaptive.coalescePartitions.enabled=true --conf spark.serializer=org.apache.spark.serializer.KryoSerializer --conf spark.executor.extraJavaOptions=-Djava.library.path=C:/hadoop/bin -Dhadoop.home.dir=C:/hadoop --conf spark.databricks.delta.schema.autoMerge.enabled=true --conf spark.sql.adaptive.skewJoin.enabled=true --conf spark.driver.extraJavaOptions=-Djava.library.path=C:/hadoop/bin -Dhadoop.home.dir=C:/hadoop pyspark-shell
java_class_path (initial): C:\Users\koffi\anaconda3\Lib\site-packages\pyspark\bin\..\conf;C:\Users\koffi\anaconda3\Lib\site-packages\pyspark\bin\..\jars\activation-1.1.1.jar;C:\Users\koffi\anaconda3\Lib\site-packages\pyspark\bin\..\jars\aircompressor-0.26.jar;C:\Users\koffi\anaconda3\Lib\site-packages\pyspark\bin\..\jars\algebra_2.12-2.0.1.jar;C:\Users\koffi\anaconda3\Lib\site-packages\pyspark\bin\..\jars\annotations-17.0.0.jar;C:\Users\koffi\anaconda3\Lib\site-packages\pyspark\bin\..\jars\antlr-runtime-3.5.2.jar;C:\Users\koffi\anaconda3\Lib\site-packages\pyspark\bin\..\jars\antlr4-runtime-4.9.3.jar;C:\Users\koffi\anaconda3\Lib\site-packages\pyspark\bin\..\jars\aopalliance-repackaged-2.6.1.jar;C:\Users\koffi\anaconda3\Lib\site-packages\pyspark\bin\..\jars\arpack-3.0.3.jar;C:\Users\koffi\anaconda3\Lib\site-packages\pyspark\bin\..\jars\arpack_combined_all-0.1.jar;C:\Users\koffi\anaconda3\Lib\site-packages\pyspark\bin\..\jars\arrow-format-12.0.1.jar;C:\Users\koffi\anaconda3\Lib\site-packages\pyspark\bin\..\jars\arrow-memory-core-12.0.1.jar;C:\Users\koffi\anaconda3\Lib\site-packages\pyspark\bin\..\jars\arrow-memory-netty-12.0.1.jar;C:\Users\koffi\anaconda3\Lib\site-packages\pyspark\bin\..\jars\arrow-vector-12.0.1.jar;C:\Users\koffi\anaconda3\Lib\site-packages\pyspark\bin\..\jars\audience-annotations-0.5.0.jar;C:\Users\koffi\anaconda3\Lib\site-packages\pyspark\bin\..\jars\avro-1.11.2.jar;C:\Users\koffi\anaconda3\Lib\site-packages\pyspark\bin\..\jars\avro-ipc-1.11.2.jar;C:\Users\koffi\anaconda3\Lib\site-packages\pyspark\bin\..\jars\avro-mapred-1.11.2.jar;C:\Users\koffi\anaconda3\Lib\site-packages\pyspark\bin\..\jars\blas-3.0.3.jar;C:\Users\koffi\anaconda3\Lib\site-packages\pyspark\bin\..\jars\bonecp-0.8.0.RELEASE.jar;C:\Users\koffi\anaconda3\Lib\site-packages\pyspark\bin\..\jars\breeze-macros_2.12-2.1.0.jar;C:\Users\koffi\anaconda3\Lib\site-packages\pyspark\bin\..\jars\breeze_2.12-2.1.0.jar;C:\Users\koffi\anaconda3\Lib\site-packages\pyspark\bin\..\jars\cats-kernel_2.12-
Launcher Type: SUN_STANDARD

[Global flags]
     intx CICompilerCount                          = 3                                         {product} {ergonomic}
     uint ConcGCThreads                            = 1                                         {product} {ergonomic}
     uint G1ConcRefinementThreads                  = 4                                         {product} {ergonomic}
   size_t G1HeapRegionSize                         = 1048576                                   {product} {ergonomic}
    uintx GCDrainStackTargetSize                   = 64                                        {product} {ergonomic}
     bool IgnoreUnrecognizedVMOptions              = true                                      {product} {command line}
   size_t InitialHeapSize                          = 134217728                                 {product} {ergonomic}
   size_t MarkStackSize                            = 4194304                                   {product} {ergonomic}
   size_t MaxHeapSize                              = 4294967296                                {product} {command line}
   size_t MaxNewSize                               = 2576351232                                {product} {ergonomic}
   size_t MinHeapDeltaBytes                        = 1048576                                   {product} {ergonomic}
    uintx NonNMethodCodeHeapSize                   = 5830732                                {pd product} {ergonomic}
    uintx NonProfiledCodeHeapSize                  = 122913754                              {pd product} {ergonomic}
    uintx ProfiledCodeHeapSize                     = 122913754                              {pd product} {ergonomic}
    uintx ReservedCodeCacheSize                    = 251658240                              {pd product} {ergonomic}
     bool SegmentedCodeCache                       = true                                      {product} {ergonomic}
     bool UseCompressedClassPointers               = true                                 {lp64_product} {ergonomic}
     bool UseCompressedOops                        = true                                 {lp64_product} {ergonomic}
     bool UseG1GC                                  = true                                      {product} {ergonomic}
     bool UseLargePagesIndividualAllocation        = false                                  {pd product} {ergonomic}

Logging:
Log output configuration:
 #0: stdout all=warning uptime,level,tags
 #1: stderr all=off uptime,level,tags

Environment Variables:
JAVA_HOME=C:\Program Files\Microsoft\jdk-11.0.30.7-hotspot
PATH=C:\hadoop\bin;C:\Users\koffi\anaconda3;C:\Users\koffi\anaconda3\Library\mingw-w64\bin;C:\Users\koffi\anaconda3\Library\usr\bin;C:\Users\koffi\anaconda3\Library\bin;C:\Users\koffi\anaconda3\Scripts;C:\Users\koffi\anaconda3\bin;C:\Users\koffi\anaconda3\condabin;C:\Program Files\Microsoft\jdk-11.0.30.7-hotspot\bin;C:\Windows\system32;C:\Windows;C:\Windows\System32\Wbem;C:\Windows\System32\WindowsPowerShell\v1.0;C:\Windows\System32\OpenSSH;C:\Program Files\Git\cmd;C:\Users\koffi\AppData\Local\Microsoft\WindowsApps;C:\Users\koffi\bg\blp\DAPI;C:\Users\koffi\bg\blp\DAPI\DDE;C:\Users\koffi\AppData\Local\Programs\Antigravity\bin;C:\Users\koffi\AppData\Local\Python\bin;C:\Program Files\Microsoft\jdk-11.0.30.7-hotspot\bin
USERNAME=koffi
OS=Windows_NT
PROCESSOR_IDENTIFIER=Intel64 Family 6 Model 78 Stepping 3, GenuineIntel
TMP=C:\Users\koffi\AppData\Local\Temp
TEMP=C:\Users\koffi\AppData\Local\Temp



---------------  S Y S T E M  ---------------

OS: Windows 10 , 64 bit Build 19041 (10.0.19041.5915)
OS uptime: 103 days 23:15 hours

CPU:total 4 (initial active 4) (2 cores per cpu, 2 threads per core) family 6 model 78 stepping 3 microcode 0xf0, cmov, cx8, fxsr, mmx, sse, sse2, sse3, ssse3, sse4.1, sse4.2, popcnt, avx, avx2, aes, clmul, erms, rtm, 3dnowpref, lzcnt, ht, tsc, tscinvbit, bmi1, bmi2, adx, fma

Memory: 4k page, system-wide physical 8087M (386M free)
TotalPageFile size 23234M (AvailPageFile size 180M)
current process WorkingSet (physical memory assigned to process): 1163M, peak: 1163M
current process commit charge ("private bytes"): 1274M, peak: 1933M

vm_info: OpenJDK 64-Bit Server VM (11.0.30+7-LTS) for windows-amd64 JRE (11.0.30+7-LTS), built on Jan 14 2026 18:06:18 by "MicrosoftCorporation" with unknown MS VC++:1943

END.
