#
# There is insufficient memory for the Java Runtime Environment to continue.
# Native memory allocation (mmap) failed to map 8388608 bytes for Failed to commit area from 0x00000000ec700000 to 0x00000000ecf00000 of length 8388608.
# Possible reasons:
#   The system is out of physical RAM or swap space
#   The process is running with CompressedOops enabled, and the Java Heap may be blocking the growth of the native heap
# Possible solutions:
#   Reduce memory load on the system
#   Increase physical memory or swap space
#   Check if swap backing store is full
#   Decrease Java heap size (-Xmx/-Xms)
#   Decrease number of Java threads
#   Decrease Java thread stack sizes (-Xss)
#   Set larger code cache with -XX:ReservedCodeCacheSize=
#   JVM is running with Unscaled Compressed Oops mode in which the Java heap is
#     placed in the first 4GB address space. The Java Heap base address is the
#     maximum limit for the native heap growth. Please use -XX:HeapBaseMinAddress
#     to set the Java Heap base and to place the Java Heap above 4GB virtual address.
# This output file may be truncated or incomplete.
#
#  Out of Memory Error (os_windows.cpp:3450), pid=1128, tid=4632
#
# JRE version: OpenJDK Runtime Environment Microsoft-13096984 (11.0.30+7) (build 11.0.30+7-LTS)
# Java VM: OpenJDK 64-Bit Server VM Microsoft-13096984 (11.0.30+7-LTS, mixed mode, sharing, tiered, compressed oops, g1 gc, windows-amd64)
# No core dump will be written. Minidumps are not enabled by default on client versions of Windows
#

---------------  S U M M A R Y ------------

Command Line: -Xmx1g -Djava.library.path=C:/hadoop/bin -Dhadoop.home.dir=C:/hadoop -XX:TieredStopAtLevel=1 -XX:ReservedCodeCacheSize=64m -XX:+IgnoreUnrecognizedVMOptions --add-opens=java.base/java.lang=ALL-UNNAMED --add-opens=java.base/java.lang.invoke=ALL-UNNAMED --add-opens=java.base/java.lang.reflect=ALL-UNNAMED --add-opens=java.base/java.io=ALL-UNNAMED --add-opens=java.base/java.net=ALL-UNNAMED --add-opens=java.base/java.nio=ALL-UNNAMED --add-opens=java.base/java.util=ALL-UNNAMED --add-opens=java.base/java.util.concurrent=ALL-UNNAMED --add-opens=java.base/java.util.concurrent.atomic=ALL-UNNAMED --add-opens=java.base/jdk.internal.ref=ALL-UNNAMED --add-opens=java.base/sun.nio.ch=ALL-UNNAMED --add-opens=java.base/sun.nio.cs=ALL-UNNAMED --add-opens=java.base/sun.security.action=ALL-UNNAMED --add-opens=java.base/sun.util.calendar=ALL-UNNAMED --add-opens=java.security.jgss/sun.security.krb5=ALL-UNNAMED -Djdk.reflect.useDirectMethodHandle=false org.apache.spark.deploy.SparkSubmit --conf spark.executor.memory=512m --conf spark.master=local[*] --conf spark.driver.memory=1g --conf spark.jars.packages=io.delta:delta-spark_2.12:3.1.0 --conf spark.sql.catalog.spark_catalog=org.apache.spark.sql.delta.catalog.DeltaCatalog --conf spark.app.name=axa-claims-lakehouse --conf spark.memory.storageFraction=0.3 --conf spark.executor.cores=2 --conf spark.sql.shuffle.partitions=2 --conf spark.hadoop.io.native.lib.available=false --conf spark.sql.extensions=io.delta.sql.DeltaSparkSessionExtension --conf spark.kryo.registrationRequired=false --conf spark.default.parallelism=4 --conf spark.databricks.delta.optimizeWrite.enabled=true --conf spark.sql.adaptive.enabled=true --conf spark.sql.autoBroadcastJoinThreshold=10m --conf spark.sql.adaptive.coalescePartitions.enabled=true --conf spark.serializer=org.apache.spark.serializer.KryoSerializer --conf spark.memory.fraction=0.6 --conf spark.executor.extraJavaOptions=-Djava.library.path=C:/hadoop/bin -Dhadoop.home.dir=C:/hadoop -XX:TieredStopAtLevel=1 -XX:ReservedCodeCacheSize=64m --conf spark.databricks.delta.schema.autoMerge.enabled=true --conf spark.sql.adaptive.skewJoin.enabled=true --conf spark.driver.extraJavaOptions=-Djava.library.path=C:/hadoop/bin -Dhadoop.home.dir=C:/hadoop -XX:TieredStopAtLevel=1 -XX:ReservedCodeCacheSize=64m pyspark-shell

Host: Intel(R) Core(TM) i5-6300U CPU @ 2.40GHz, 4 cores, 7G,  Windows 10 , 64 bit Build 19041 (10.0.19041.5915)
Time: Wed Apr 29 09:55:20 2026 Romance Summer Time elapsed time: 146.928100 seconds (0d 0h 2m 26s)

---------------  T H R E A D  ---------------

Current thread (0x000001e4391d1000):  JavaThread "Executor task launch worker for task 2.0 in stage 91.0 (TID 643)" daemon [_thread_in_vm, id=4632, stack(0x000000acfd100000,0x000000acfd200000)]

Stack: [0x000000acfd100000,0x000000acfd200000]
Native frames: (J=compiled Java code, j=interpreted, Vv=VM code, C=native code)
V  [jvm.dll+0x65984a]
V  [jvm.dll+0x7eb8e8]
V  [jvm.dll+0x7ecfd9]
V  [jvm.dll+0x7ed6e3]
V  [jvm.dll+0x26d045]
V  [jvm.dll+0x656c19]
V  [jvm.dll+0x64aa05]
V  [jvm.dll+0x3342de]
V  [jvm.dll+0x334162]
V  [jvm.dll+0x338d06]
V  [jvm.dll+0x37e217]
V  [jvm.dll+0x37dc82]
V  [jvm.dll+0x30f924]
V  [jvm.dll+0x30b313]
V  [jvm.dll+0x5ebc63]
V  [jvm.dll+0x5eb743]
V  [jvm.dll+0x2117cd]
V  [jvm.dll+0x7c3d4b]
V  [jvm.dll+0x1968f3]
C  0x000001e42d884a77

Java frames: (J=compiled Java code, j=interpreted, Vv=VM code)
v  ~RuntimeStub::new_type_array Runtime1 stub
J 21810 c1 org.apache.spark.unsafe.memory.HeapMemoryAllocator.allocate(J)Lorg/apache/spark/unsafe/memory/MemoryBlock; (242 bytes) @ 0x000001e42fc0e569 [0x000001e42fc0dde0+0x0000000000000789]
J 21793 c1 org.apache.spark.memory.TaskMemoryManager.allocatePage(JLorg/apache/spark/memory/MemoryConsumer;)Lorg/apache/spark/unsafe/memory/MemoryBlock; (278 bytes) @ 0x000001e42fc01d3c [0x000001e42fc01ae0+0x000000000000025c]
j  org.apache.spark.memory.MemoryConsumer.allocatePage(J)Lorg/apache/spark/unsafe/memory/MemoryBlock;+13
J 13160 c1 org.apache.spark.util.collection.unsafe.sort.UnsafeExternalSorter.acquireNewPageIfNecessary(I)V (67 bytes) @ 0x000001e42ee42aec [0x000001e42ee42a60+0x000000000000008c]
J 13159 c1 org.apache.spark.util.collection.unsafe.sort.UnsafeExternalSorter.insertRecord(Ljava/lang/Object;JIJZ)V (177 bytes) @ 0x000001e42ee41e1c [0x000001e42ee41b00+0x000000000000031c]
J 13153 c1 org.apache.spark.sql.execution.UnsafeExternalRowSorter.insertRow(Lorg/apache/spark/sql/catalyst/expressions/UnsafeRow;)V (76 bytes) @ 0x000001e42ee3fa14 [0x000001e42ee3f960+0x00000000000000b4]
J 25812% c1 org.apache.spark.sql.catalyst.expressions.GeneratedClass$GeneratedIteratorForCodegenStage1.sort_addToSorter_0$(Lorg/apache/spark/sql/catalyst/expressions/GeneratedClass$GeneratedIteratorForCodegenStage1;)V (1543 bytes) @ 0x000001e43027a514 [0x000001e430277e60+0x00000000000026b4]
j  org.apache.spark.sql.catalyst.expressions.GeneratedClass$GeneratedIteratorForCodegenStage1.processNext()V+16
J 13132 c1 org.apache.spark.sql.execution.WholeStageCodegenEvaluatorFactory$WholeStageCodegenPartitionEvaluator$$anon$1.hasNext()Z (37 bytes) @ 0x000001e42ee36e74 [0x000001e42ee36de0+0x0000000000000094]
j  org.apache.spark.sql.execution.window.GroupedLimitIterator.fetchNextRow()V+5
j  org.apache.spark.sql.execution.window.GroupedLimitIterator.<init>(Lscala/collection/Iterator;Lscala/collection/Seq;Lscala/collection/Seq;Lscala/Function1;)V+49
j  org.apache.spark.sql.execution.window.WindowGroupLimitEvaluatorFactory.$anonfun$createEvaluator$4(Lorg/apache/spark/sql/execution/window/WindowGroupLimitEvaluatorFactory;Lscala/Function1;Lscala/collection/Iterator;)Lorg/apache/spark/sql/execution/window/GroupedLimitIterator;+14
j  org.apache.spark.sql.execution.window.WindowGroupLimitEvaluatorFactory$$Lambda$5700.apply(Ljava/lang/Object;)Ljava/lang/Object;+12
j  org.apache.spark.sql.execution.window.WindowGroupLimitEvaluatorFactory$WindowGroupLimitPartitionEvaluator.eval(ILscala/collection/Seq;)Lscala/collection/Iterator;+10
j  org.apache.spark.sql.execution.window.WindowGroupLimitExec.$anonfun$doExecute$1(Lorg/apache/spark/sql/execution/window/WindowGroupLimitEvaluatorFactory;ILscala/collection/Iterator;)Lscala/collection/Iterator;+24
j  org.apache.spark.sql.execution.window.WindowGroupLimitExec.$anonfun$doExecute$1$adapted(Lorg/apache/spark/sql/execution/window/WindowGroupLimitEvaluatorFactory;Ljava/lang/Object;Lscala/collection/Iterator;)Lscala/collection/Iterator;+6
j  org.apache.spark.sql.execution.window.WindowGroupLimitExec$$Lambda$5693.apply(Ljava/lang/Object;Ljava/lang/Object;)Ljava/lang/Object;+9
J 18760 c1 org.apache.spark.rdd.RDD$$Lambda$2986.apply(Ljava/lang/Object;Ljava/lang/Object;Ljava/lang/Object;)Ljava/lang/Object; (17 bytes) @ 0x000001e42f6dad5c [0x000001e42f6dabe0+0x000000000000017c]
J 16819 c1 org.apache.spark.rdd.MapPartitionsRDD.compute(Lorg/apache/spark/Partition;Lorg/apache/spark/TaskContext;)Lscala/collection/Iterator; (36 bytes) @ 0x000001e42f42012c [0x000001e42f41fe60+0x00000000000002cc]
J 16627 c1 org.apache.spark.rdd.RDD.iterator(Lorg/apache/spark/Partition;Lorg/apache/spark/TaskContext;)Lscala/collection/Iterator; (44 bytes) @ 0x000001e42f3d0d8c [0x000001e42f3d0920+0x000000000000046c]
J 16819 c1 org.apache.spark.rdd.MapPartitionsRDD.compute(Lorg/apache/spark/Partition;Lorg/apache/spark/TaskContext;)Lscala/collection/Iterator; (36 bytes) @ 0x000001e42f4200fc [0x000001e42f41fe60+0x000000000000029c]
J 16627 c1 org.apache.spark.rdd.RDD.iterator(Lorg/apache/spark/Partition;Lorg/apache/spark/TaskContext;)Lscala/collection/Iterator; (44 bytes) @ 0x000001e42f3d0d8c [0x000001e42f3d0920+0x000000000000046c]
J 22608 c1 org.apache.spark.shuffle.ShuffleWriteProcessor.write(Lorg/apache/spark/rdd/RDD;Lorg/apache/spark/ShuffleDependency;JLorg/apache/spark/TaskContext;Lorg/apache/spark/Partition;)Lorg/apache/spark/scheduler/MapStatus; (308 bytes) @ 0x000001e42fd9b1f4 [0x000001e42fd9b0e0+0x0000000000000114]
J 22652 c1 org.apache.spark.scheduler.ShuffleMapTask.runTask(Lorg/apache/spark/TaskContext;)Lorg/apache/spark/scheduler/MapStatus; (193 bytes) @ 0x000001e42fdb2f2c [0x000001e42fdb2820+0x000000000000070c]
J 22634 c1 org.apache.spark.scheduler.ShuffleMapTask.runTask(Lorg/apache/spark/TaskContext;)Ljava/lang/Object; (6 bytes) @ 0x000001e42fdaa894 [0x000001e42fdaa840+0x0000000000000054]
J 22417 c1 org.apache.spark.TaskContext.runTaskWithListeners(Lorg/apache/spark/scheduler/Task;)Ljava/lang/Object; (74 bytes) @ 0x000001e42fd4740c [0x000001e42fd473a0+0x000000000000006c]
J 22357 c1 org.apache.spark.scheduler.Task.run(JILorg/apache/spark/metrics/MetricsSystem;ILscala/collection/immutable/Map;Lscala/Option;)Ljava/lang/Object; (356 bytes) @ 0x000001e42fd29aac [0x000001e42fd29040+0x0000000000000a6c]
J 22361 c1 org.apache.spark.executor.Executor$TaskRunner.$anonfun$run$4(Lorg/apache/spark/executor/Executor$TaskRunner;Lscala/runtime/BooleanRef;)Ljava/lang/Object; (54 bytes) @ 0x000001e42fd26614 [0x000001e42fd265c0+0x0000000000000054]
J 22360 c1 org.apache.spark.executor.Executor$TaskRunner$$Lambda$1788.apply()Ljava/lang/Object; (12 bytes) @ 0x000001e42fd262a4 [0x000001e42fd26240+0x0000000000000064]
J 16886 c1 org.apache.spark.util.SparkErrorUtils.tryWithSafeFinally(Lscala/Function0;Lscala/Function0;)Ljava/lang/Object; (211 bytes) @ 0x000001e42f435f8c [0x000001e42f435f20+0x000000000000006c]
J 22175 c1 org.apache.spark.executor.Executor$TaskRunner.run()V (2830 bytes) @ 0x000001e42fcb9afc [0x000001e42fcb8be0+0x0000000000000f1c]
j  java.util.concurrent.ThreadPoolExecutor.runWorker(Ljava/util/concurrent/ThreadPoolExecutor$Worker;)V+92 java.base@11.0.30
j  java.util.concurrent.ThreadPoolExecutor$Worker.run()V+5 java.base@11.0.30
j  java.lang.Thread.run()V+11 java.base@11.0.30
v  ~StubRoutines::call_stub

---------------  P R O C E S S  ---------------

Threads class SMR info:
_java_thread_list=0x000001e441c09d90, length=279, elements={
0x000001e422cce800, 0x000001e436032800, 0x000001e436034000, 0x000001e436053000,
0x000001e436054000, 0x000001e436055800, 0x000001e436057800, 0x000001e43605e800,
0x000001e436a6c800, 0x000001e439b9e000, 0x000001e43a65e000, 0x000001e43a67e800,
0x000001e43693c800, 0x000001e4368f5800, 0x000001e43695a000, 0x000001e438c16000,
0x000001e437bf3000, 0x000001e4368fa800, 0x000001e439210800, 0x000001e439211800,
0x000001e439210000, 0x000001e439212800, 0x000001e439214000, 0x000001e43920f000,
0x000001e43920e800, 0x000001e439213000, 0x000001e439215000, 0x000001e438d23000,
0x000001e438d1f800, 0x000001e438d22000, 0x000001e438d23800, 0x000001e438d25000,
0x000001e438d26000, 0x000001e438d20800, 0x000001e438d24800, 0x000001e438d27000,
0x000001e438d21000, 0x000001e438d28800, 0x000001e438d2b000, 0x000001e438d2a000,
0x000001e438d2b800, 0x000001e438d2c800, 0x000001e438d29800, 0x000001e438d2d800,
0x000001e438d27800, 0x000001e438d2e000, 0x000001e437e10000, 0x000001e437e12800,
0x000001e437e11000, 0x000001e437e14000, 0x000001e437e11800, 0x000001e437e15000,
0x000001e437e0f800, 0x000001e437e17800, 0x000001e437e19000, 0x000001e437e13800,
0x000001e437e1a800, 0x000001e43b534800, 0x000001e43b532000, 0x000001e43b53a800,
0x000001e43b53e800, 0x000001e43a93d800, 0x000001e43a938800, 0x000001e43a941800,
0x000001e43a945800, 0x000001e43ab02800, 0x000001e43ab03800, 0x000001e43ab08800,
0x000001e4391d3800, 0x000001e4391d5000, 0x000001e4391d1000, 0x000001e43f892800,
0x000001e443c3e000, 0x000001e443c44800, 0x000001e443c4b000, 0x000001e443c49800,
0x000001e443c4f000, 0x000001e443c55800, 0x000001e4437b4800, 0x000001e4437b8000,
0x000001e4437c1000, 0x000001e4437c6800, 0x000001e4437ca800, 0x000001e4437cd000,
0x000001e4437ce000, 0x000001e4437d0800, 0x000001e43f9e7800, 0x000001e43f9ea000,
0x000001e43f9e4800, 0x000001e43f9e5000, 0x000001e43f9e6000, 0x000001e43f9e6800,
0x000001e43f9ef000, 0x000001e43f9ed800, 0x000001e43f9f4800, 0x000001e43f9f5800,
0x000001e43f9f8800, 0x000001e43f9f7000, 0x000001e43f9f8000, 0x000001e43f9f9800,
0x000001e43f9f4000, 0x000001e43f9f6800, 0x000001e43f9ff000, 0x000001e43f9fa800,
0x000001e43f9fb000, 0x000001e43f9fc000, 0x000001e43f9fd800, 0x000001e43fa02800,
0x000001e43fa00000, 0x000001e43f9fd000, 0x000001e43f9fe800, 0x000001e43fa03800,
0x000001e43fa01000, 0x000001e43fa01800, 0x000001e4391cb000, 0x000001e4391ce800,
0x000001e4391ca800, 0x000001e4391cd800, 0x000001e4391c8800, 0x000001e4391cd000,
0x000001e4391cf000, 0x000001e4391c9800, 0x000001e4391d0000, 0x000001e4391d1800,
0x000001e4391cc000, 0x000001e4391d4000, 0x000001e4391d6000, 0x000001e4391d2800,
0x000001e4391d6800, 0x000001e4391d7800, 0x000001e43a93c000, 0x000001e43a939800,
0x000001e43a93a800, 0x000001e43a93d000, 0x000001e43a938000, 0x000001e43a940000,
0x000001e43a93e800, 0x000001e43a93f000, 0x000001e43a941000, 0x000001e43a93b000,
0x000001e43a946800, 0x000001e43a942800, 0x000001e43a944000, 0x000001e43a943800,
0x000001e43a945000, 0x000001e43b533000, 0x000001e43b534000, 0x000001e43b531800,
0x000001e43b530000, 0x000001e43b536800, 0x000001e43b530800, 0x000001e43b53d800,
0x000001e43b53c000, 0x000001e43b538000, 0x000001e43b53b000, 0x000001e43b53d000,
0x000001e43b538800, 0x000001e43b539800, 0x000001e43aaff800, 0x000001e43aafd000,
0x000001e43aafd800, 0x000001e43ab04000, 0x000001e43aafe800, 0x000001e43ab06800,
0x000001e43ab05000, 0x000001e43ab01000, 0x000001e43ab07800, 0x000001e43ab01800,
0x000001e43ab09000, 0x000001e43ab0a000, 0x000001e437e18800, 0x000001e437e1c800,
0x000001e437e1a000, 0x000001e437e16800, 0x000001e437e1d000, 0x000001e437e1e000,
0x000001e43f891800, 0x000001e43f88c800, 0x000001e43f88d800, 0x000001e43f88f000,
0x000001e43f88c000, 0x000001e443d3f800, 0x000001e443d41800, 0x000001e443d44000,
0x000001e443d3e000, 0x000001e443d40800, 0x000001e443d43000, 0x000001e443d3f000,
0x000001e443d48000, 0x000001e443d42000, 0x000001e443d4a800, 0x000001e443d44800,
0x000001e443d48800, 0x000001e443d46800, 0x000001e443d4b000, 0x000001e443d45800,
0x000001e443d49800, 0x000001e443d4c000, 0x000001e443d4d000, 0x000001e443d47000,
0x000001e443c3b800, 0x000001e443c40800, 0x000001e443c3f000, 0x000001e443c3f800,
0x000001e443c41800, 0x000001e443c42000, 0x000001e443c3c800, 0x000001e443c43000,
0x000001e443c3d000, 0x000001e443c43800, 0x000001e443c46000, 0x000001e443c48800,
0x000001e443c47000, 0x000001e443c48000, 0x000001e443c4a000, 0x000001e443c45800,
0x000001e443c4d800, 0x000001e443c50000, 0x000001e443c51000, 0x000001e443c51800,
0x000001e443c4c000, 0x000001e443c52800, 0x000001e443c4c800, 0x000001e443c53000,
0x000001e443c54000, 0x000001e443c4e800, 0x000001e443c5a800, 0x000001e443c56800,
0x000001e443c55000, 0x000001e443c57800, 0x000001e443c5a000, 0x000001e443c59000,
0x000001e443c58000, 0x000001e4437b2000, 0x000001e4437b1800, 0x000001e4437b5800,
0x000001e4437b3000, 0x000001e4437b8800, 0x000001e4437b6000, 0x000001e4437b7000,
0x000001e4437b9800, 0x000001e4437b3800, 0x000001e4437c0000, 0x000001e4437bf000,
0x000001e4437be800, 0x000001e4437ba800, 0x000001e4437c1800, 0x000001e4437bc000,
0x000001e4437bc800, 0x000001e4437c3000, 0x000001e4437c2800, 0x000001e4437bd800,
0x000001e4437c9000, 0x000001e4437c4000, 0x000001e4437c8000, 0x000001e4437ca000,
0x000001e4437c5000, 0x000001e4437c7800, 0x000001e4437cb800, 0x000001e4437c5800,
0x000001e4437cc000, 0x000001e4437ce800, 0x000001e4437cf800, 0x000001e43f9eb000,
0x000001e43f9eb800, 0x000001e43f9ec800, 0x000001e43f9ee000, 0x000001e43f9e8800,
0x000001e43f9e9000, 0x000001e43f9f0800, 0x000001e43f9f3000, 0x000001e43f9f2000,
0x000001e43f9ef800, 0x000001e43f9f1800, 0x000001e43ab00000, 0x000001e43aafc000,
0x000001e43aafb000, 0x000001e444215000, 0x000001e43ab06000
}

Java Threads: ( => current thread )
  0x000001e422cce800 JavaThread "main" [_thread_in_native, id=17156, stack(0x000000acf2800000,0x000000acf2900000)]
  0x000001e436032800 JavaThread "Reference Handler" daemon [_thread_blocked, id=11176, stack(0x000000acf2f00000,0x000000acf3000000)]
  0x000001e436034000 JavaThread "Finalizer" daemon [_thread_blocked, id=12436, stack(0x000000acf3000000,0x000000acf3100000)]
  0x000001e436053000 JavaThread "Signal Dispatcher" daemon [_thread_blocked, id=23912, stack(0x000000acf3100000,0x000000acf3200000)]
  0x000001e436054000 JavaThread "Attach Listener" daemon [_thread_blocked, id=23820, stack(0x000000acf3200000,0x000000acf3300000)]
  0x000001e436055800 JavaThread "Service Thread" daemon [_thread_blocked, id=11840, stack(0x000000acf3300000,0x000000acf3400000)]
  0x000001e436057800 JavaThread "C1 CompilerThread0" daemon [_thread_blocked, id=22872, stack(0x000000acf3400000,0x000000acf3500000)]
  0x000001e43605e800 JavaThread "Sweeper thread" daemon [_thread_blocked, id=1700, stack(0x000000acf3500000,0x000000acf3600000)]
  0x000001e436a6c800 JavaThread "Common-Cleaner" daemon [_thread_blocked, id=8868, stack(0x000000acf3700000,0x000000acf3800000)]
  0x000001e439b9e000 JavaThread "org.apache.hadoop.fs.FileSystem$Statistics$StatisticsDataReferenceCleaner" daemon [_thread_blocked, id=21692, stack(0x000000acf3c00000,0x000000acf3d00000)]
  0x000001e43a65e000 JavaThread "Thread-2" [_thread_in_native, id=13460, stack(0x000000acf3d00000,0x000000acf3e00000)]
  0x000001e43a67e800 JavaThread "Thread-3" [_thread_blocked, id=21232, stack(0x000000acf3e00000,0x000000acf3f00000)]
  0x000001e43693c800 JavaThread "Thread-4" [_thread_in_native, id=19860, stack(0x000000acf4000000,0x000000acf4100000)]
  0x000001e4368f5800 JavaThread "rpc-boss-3-1" daemon [_thread_in_native, id=23628, stack(0x000000acf4100000,0x000000acf4200000)]
  0x000001e43695a000 JavaThread "dispatcher-event-loop-0" daemon [_thread_blocked, id=13540, stack(0x000000acf4200000,0x000000acf4300000)]
  0x000001e438c16000 JavaThread "dispatcher-event-loop-1" daemon [_thread_blocked, id=23888, stack(0x000000acf4300000,0x000000acf4400000)]
  0x000001e437bf3000 JavaThread "dispatcher-event-loop-2" daemon [_thread_blocked, id=26464, stack(0x000000acf4400000,0x000000acf4500000)]
  0x000001e4368fa800 JavaThread "dispatcher-event-loop-3" daemon [_thread_blocked, id=11304, stack(0x000000acf4500000,0x000000acf4600000)]
  0x000001e439210800 JavaThread "map-output-dispatcher-0" daemon [_thread_blocked, id=26612, stack(0x000000acf4600000,0x000000acf4700000)]
  0x000001e439211800 JavaThread "map-output-dispatcher-1" daemon [_thread_blocked, id=10496, stack(0x000000acf4700000,0x000000acf4800000)]
  0x000001e439210000 JavaThread "map-output-dispatcher-2" daemon [_thread_blocked, id=11700, stack(0x000000acf4800000,0x000000acf4900000)]
  0x000001e439212800 JavaThread "map-output-dispatcher-3" daemon [_thread_blocked, id=14972, stack(0x000000acf4900000,0x000000acf4a00000)]
  0x000001e439214000 JavaThread "map-output-dispatcher-4" daemon [_thread_blocked, id=780, stack(0x000000acf4a00000,0x000000acf4b00000)]
  0x000001e43920f000 JavaThread "map-output-dispatcher-5" daemon [_thread_blocked, id=25800, stack(0x000000acf4b00000,0x000000acf4c00000)]
  0x000001e43920e800 JavaThread "map-output-dispatcher-6" daemon [_thread_blocked, id=7560, stack(0x000000acf4c00000,0x000000acf4d00000)]
  0x000001e439213000 JavaThread "map-output-dispatcher-7" daemon [_thread_blocked, id=13136, stack(0x000000acf4d00000,0x000000acf4e00000)]
  0x000001e439215000 JavaThread "dispatcher-BlockManagerMaster" daemon [_thread_blocked, id=21108, stack(0x000000acf4e00000,0x000000acf4f00000)]
  0x000001e438d23000 JavaThread "dispatcher-BlockManagerEndpoint1" daemon [_thread_blocked, id=1292, stack(0x000000acf4f00000,0x000000acf5000000)]
  0x000001e438d1f800 JavaThread "RemoteBlock-temp-file-clean-thread" daemon [_thread_blocked, id=8760, stack(0x000000acf5000000,0x000000acf5100000)]
  0x000001e438d22000 JavaThread "refresh progress" daemon [_thread_blocked, id=1036, stack(0x000000acf5100000,0x000000acf5200000)]
  0x000001e438d23800 JavaThread "SparkUI-36" daemon [_thread_in_native, id=5872, stack(0x000000acf5200000,0x000000acf5300000)]
  0x000001e438d25000 JavaThread "SparkUI-37" daemon [_thread_in_native, id=9280, stack(0x000000acf5300000,0x000000acf5400000)]
  0x000001e438d26000 JavaThread "SparkUI-38-acceptor-0@9900b5f-ServerConnector@757e41d{HTTP/1.1, (http/1.1)}{0.0.0.0:4040}" daemon [_thread_in_native, id=19996, stack(0x000000acf5400000,0x000000acf5500000)]
  0x000001e438d20800 JavaThread "SparkUI-39" daemon [_thread_blocked, id=19880, stack(0x000000acf5500000,0x000000acf5600000)]
  0x000001e438d24800 JavaThread "SparkUI-40" daemon [_thread_blocked, id=7728, stack(0x000000acf5600000,0x000000acf5700000)]
  0x000001e438d27000 JavaThread "SparkUI-41" daemon [_thread_blocked, id=17000, stack(0x000000acf5700000,0x000000acf5800000)]
  0x000001e438d21000 JavaThread "SparkUI-42" daemon [_thread_blocked, id=8600, stack(0x000000acf5800000,0x000000acf5900000)]
  0x000001e438d28800 JavaThread "SparkUI-43" daemon [_thread_blocked, id=21736, stack(0x000000acf5900000,0x000000acf5a00000)]
  0x000001e438d2b000 JavaThread "dispatcher-HeartbeatReceiver" daemon [_thread_blocked, id=24252, stack(0x000000acf5a00000,0x000000acf5b00000)]
  0x000001e438d2a000 JavaThread "heartbeat-receiver-event-loop-thread" daemon [_thread_blocked, id=18864, stack(0x000000acf5b00000,0x000000acf5c00000)]
  0x000001e438d2b800 JavaThread "netty-rpc-env-timeout" daemon [_thread_blocked, id=4600, stack(0x000000acf5c00000,0x000000acf5d00000)]
  0x000001e438d2c800 JavaThread "task-starvation-timer" daemon [_thread_blocked, id=14064, stack(0x000000acf5d00000,0x000000acf5e00000)]
  0x000001e438d29800 JavaThread "task-abort-timer" daemon [_thread_blocked, id=11104, stack(0x000000acf5e00000,0x000000acf5f00000)]
  0x000001e438d2d800 JavaThread "dag-scheduler-event-loop" daemon [_thread_blocked, id=12548, stack(0x000000acf5f00000,0x000000acf6000000)]
  0x000001e438d27800 JavaThread "driver-heartbeater" daemon [_thread_blocked, id=3216, stack(0x000000acf6000000,0x000000acf6100000)]
  0x000001e438d2e000 JavaThread "executor-kill-mark-cleanup" daemon [_thread_blocked, id=21372, stack(0x000000acf6100000,0x000000acf6200000)]
  0x000001e437e10000 JavaThread "executor-heartbeater" daemon [_thread_blocked, id=2784, stack(0x000000acf6200000,0x000000acf6300000)]
  0x000001e437e12800 JavaThread "files-client-5-1" daemon [_thread_in_native, id=6064, stack(0x000000acf6300000,0x000000acf6400000)]
  0x000001e437e11000 JavaThread "rpc-server-4-1" daemon [_thread_in_native, id=1168, stack(0x000000acf6500000,0x000000acf6600000)]
  0x000001e437e14000 JavaThread "shuffle-boss-7-1" daemon [_thread_in_native, id=22036, stack(0x000000acf6600000,0x000000acf6700000)]
  0x000001e437e11800 JavaThread "Spark Context Cleaner" daemon [_thread_blocked, id=26600, stack(0x000000acf6700000,0x000000acf6800000)]
  0x000001e437e15000 JavaThread "context-cleaner-periodic-gc" daemon [_thread_blocked, id=23116, stack(0x000000acf6800000,0x000000acf6900000)]
  0x000001e437e0f800 JavaThread "spark-listener-group-appStatus" daemon [_thread_blocked, id=16956, stack(0x000000acf6900000,0x000000acf6a00000)]
  0x000001e437e17800 JavaThread "spark-listener-group-executorManagement" daemon [_thread_blocked, id=21760, stack(0x000000acf6a00000,0x000000acf6b00000)]
  0x000001e437e19000 JavaThread "element-tracking-store-worker" daemon [_thread_blocked, id=24348, stack(0x000000acf6b00000,0x000000acf6c00000)]
  0x000001e437e13800 JavaThread "Executor task launch worker for task 5.0 in stage 65.0 (TID 377)" daemon [_thread_blocked, id=15096, stack(0x000000acf6c00000,0x000000acf6d00000)]
  0x000001e437e1a800 JavaThread "task-result-getter-0" daemon [_thread_blocked, id=2012, stack(0x000000acf6d00000,0x000000acf6e00000)]
  0x000001e43b534800 JavaThread "task-result-getter-1" daemon [_thread_blocked, id=5392, stack(0x000000acf7800000,0x000000acf7900000)]
  0x000001e43b532000 JavaThread "task-result-getter-2" daemon [_thread_blocked, id=16400, stack(0x000000acf7b00000,0x000000acf7c00000)]
  0x000001e43b53a800 JavaThread "block-manager-storage-async-thread-pool-11" daemon [_thread_blocked, id=5748, stack(0x000000acf8200000,0x000000acf8300000)]
  0x000001e43b53e800 JavaThread "block-manager-storage-async-thread-pool-14" daemon [_thread_blocked, id=22200, stack(0x000000acf8700000,0x000000acf8800000)]
  0x000001e43a93d800 JavaThread "block-manager-storage-async-thread-pool-15" daemon [_thread_blocked, id=1152, stack(0x000000acf8a00000,0x000000acf8b00000)]
  0x000001e43a938800 JavaThread "task-result-getter-3" daemon [_thread_blocked, id=21748, stack(0x000000acf8f00000,0x000000acf9000000)]
  0x000001e43a941800 JavaThread "block-manager-storage-async-thread-pool-18" daemon [_thread_blocked, id=9212, stack(0x000000acf9100000,0x000000acf9200000)]
  0x000001e43a945800 JavaThread "block-manager-storage-async-thread-pool-23" daemon [_thread_blocked, id=10528, stack(0x000000acf9800000,0x000000acf9900000)]
  0x000001e43ab02800 JavaThread "block-manager-storage-async-thread-pool-26" daemon [_thread_blocked, id=11556, stack(0x000000acf9d00000,0x000000acf9e00000)]
  0x000001e43ab03800 JavaThread "block-manager-storage-async-thread-pool-29" daemon [_thread_blocked, id=6192, stack(0x000000acfa200000,0x000000acfa300000)]
  0x000001e43ab08800 JavaThread "block-manager-storage-async-thread-pool-33" daemon [_thread_blocked, id=10940, stack(0x000000acfab00000,0x000000acfac00000)]
  0x000001e4391d3800 JavaThread "Executor task launch worker for task 44.0 in stage 90.0 (TID 635)" daemon [_thread_blocked, id=10036, stack(0x000000acfcf00000,0x000000acfd000000)]
  0x000001e4391d5000 JavaThread "Executor task launch worker for task 0.0 in stage 91.0 (TID 641)" daemon [_thread_in_native, id=1256, stack(0x000000acfd000000,0x000000acfd100000)]
=>0x000001e4391d1000 JavaThread "Executor task launch worker for task 2.0 in stage 91.0 (TID 643)" daemon [_thread_in_vm, id=4632, stack(0x000000acfd100000,0x000000acfd200000)]
  0x000001e43f892800 JavaThread "block-manager-storage-async-thread-pool-65" daemon [_thread_blocked, id=24120, stack(0x000000acfe600000,0x000000acfe700000)]
  0x000001e443c3e000 JavaThread "Executor task launch worker for task 1.0 in stage 91.0 (TID 642)" daemon [_thread_blocked, id=20756, stack(0x000000acfe900000,0x000000acfea00000)]
  0x000001e443c44800 JavaThread "block-manager-storage-async-thread-pool-70" daemon [_thread_blocked, id=22468, stack(0x000000acff000000,0x000000acff100000)]
  0x000001e443c4b000 JavaThread "block-manager-storage-async-thread-pool-74" daemon [_thread_blocked, id=9460, stack(0x000000acff700000,0x000000acff800000)]
  0x000001e443c49800 JavaThread "block-manager-storage-async-thread-pool-76" daemon [_thread_blocked, id=460, stack(0x000000acffb00000,0x000000acffc00000)]
  0x000001e443c4f000 JavaThread "block-manager-storage-async-thread-pool-79" daemon [_thread_blocked, id=2152, stack(0x000000ac80100000,0x000000ac80200000)]
  0x000001e443c55800 JavaThread "block-manager-storage-async-thread-pool-83" daemon [_thread_blocked, id=6908, stack(0x000000ac80700000,0x000000ac80800000)]
  0x000001e4437b4800 JavaThread "block-manager-storage-async-thread-pool-88" daemon [_thread_blocked, id=3320, stack(0x000000ac81100000,0x000000ac81200000)]
  0x000001e4437b8000 JavaThread "block-manager-storage-async-thread-pool-91" daemon [_thread_blocked, id=14544, stack(0x000000ac81700000,0x000000ac81800000)]
  0x000001e4437c1000 JavaThread "block-manager-storage-async-thread-pool-96" daemon [_thread_blocked, id=10148, stack(0x000000ac81e00000,0x000000ac81f00000)]
  0x000001e4437c6800 JavaThread "block-manager-ask-thread-pool-70" daemon [_thread_blocked, id=5040, stack(0x000000ac82e00000,0x000000ac82f00000)]
  0x000001e4437ca800 JavaThread "block-manager-ask-thread-pool-72" daemon [_thread_blocked, id=11784, stack(0x000000ac83000000,0x000000ac83100000)]
  0x000001e4437cd000 JavaThread "block-manager-ask-thread-pool-74" daemon [_thread_blocked, id=23704, stack(0x000000ac83200000,0x000000ac83300000)]
  0x000001e4437ce000 JavaThread "block-manager-ask-thread-pool-76" daemon [_thread_blocked, id=3472, stack(0x000000ac83400000,0x000000ac83500000)]
  0x000001e4437d0800 JavaThread "block-manager-ask-thread-pool-78" daemon [_thread_blocked, id=26368, stack(0x000000ac83600000,0x000000ac83700000)]
  0x000001e43f9e7800 JavaThread "block-manager-ask-thread-pool-80" daemon [_thread_blocked, id=22116, stack(0x000000ac83900000,0x000000ac83a00000)]
  0x000001e43f9ea000 JavaThread "block-manager-ask-thread-pool-83" daemon [_thread_blocked, id=14644, stack(0x000000ac83b00000,0x000000ac83c00000)]
  0x000001e43f9e4800 JavaThread "block-manager-ask-thread-pool-84" daemon [_thread_blocked, id=8616, stack(0x000000ac83c00000,0x000000ac83d00000)]
  0x000001e43f9e5000 JavaThread "block-manager-ask-thread-pool-86" daemon [_thread_blocked, id=24468, stack(0x000000ac83e00000,0x000000ac83f00000)]
  0x000001e43f9e6000 JavaThread "block-manager-ask-thread-pool-88" daemon [_thread_blocked, id=25744, stack(0x000000ac84000000,0x000000ac84100000)]
  0x000001e43f9e6800 JavaThread "block-manager-storage-async-thread-pool-100" daemon [_thread_blocked, id=17176, stack(0x000000ac82d00000,0x000000ac82e00000)]
  0x000001e43f9ef000 JavaThread "block-manager-storage-async-thread-pool-103" daemon [_thread_blocked, id=9796, stack(0x000000ac84400000,0x000000ac84500000)]
  0x000001e43f9ed800 JavaThread "QueryStageCreator-10" daemon [_thread_blocked, id=5964, stack(0x000000ac84b00000,0x000000ac84c00000)]
  0x000001e43f9f4800 JavaThread "block-manager-storage-async-thread-pool-104" daemon [_thread_blocked, id=25680, stack(0x000000ac84c00000,0x000000ac84d00000)]
  0x000001e43f9f5800 JavaThread "block-manager-storage-async-thread-pool-105" daemon [_thread_blocked, id=24072, stack(0x000000ac84d00000,0x000000ac84e00000)]
  0x000001e43f9f8800 JavaThread "block-manager-storage-async-thread-pool-106" daemon [_thread_blocked, id=15192, stack(0x000000ac84e00000,0x000000ac84f00000)]
  0x000001e43f9f7000 JavaThread "block-manager-ask-thread-pool-94" daemon [_thread_blocked, id=8088, stack(0x000000ac84f00000,0x000000ac85000000)]
  0x000001e43f9f8000 JavaThread "block-manager-ask-thread-pool-95" daemon [_thread_blocked, id=23764, stack(0x000000ac85000000,0x000000ac85100000)]
  0x000001e43f9f9800 JavaThread "QueryStageCreator-11" daemon [_thread_blocked, id=18836, stack(0x000000ac85100000,0x000000ac85200000)]
  0x000001e43f9f4000 JavaThread "block-manager-storage-async-thread-pool-107" daemon [_thread_blocked, id=25888, stack(0x000000ac85200000,0x000000ac85300000)]
  0x000001e43f9f6800 JavaThread "block-manager-storage-async-thread-pool-108" daemon [_thread_blocked, id=20844, stack(0x000000ac85300000,0x000000ac85400000)]
  0x000001e43f9ff000 JavaThread "block-manager-storage-async-thread-pool-109" daemon [_thread_blocked, id=23676, stack(0x000000ac85400000,0x000000ac85500000)]
  0x000001e43f9fa800 JavaThread "block-manager-ask-thread-pool-96" daemon [_thread_blocked, id=19788, stack(0x000000ac85500000,0x000000ac85600000)]
  0x000001e43f9fb000 JavaThread "block-manager-ask-thread-pool-97" daemon [_thread_blocked, id=23724, stack(0x000000ac85600000,0x000000ac85700000)]
  0x000001e43f9fc000 JavaThread "block-manager-storage-async-thread-pool-110" daemon [_thread_blocked, id=2484, stack(0x000000ac85700000,0x000000ac85800000)]
  0x000001e43f9fd800 JavaThread "block-manager-storage-async-thread-pool-111" daemon [_thread_blocked, id=24992, stack(0x000000ac85800000,0x000000ac85900000)]
  0x000001e43fa02800 JavaThread "block-manager-storage-async-thread-pool-112" daemon [_thread_blocked, id=9248, stack(0x000000ac85900000,0x000000ac85a00000)]
  0x000001e43fa00000 JavaThread "block-manager-ask-thread-pool-98" daemon [_thread_blocked, id=26056, stack(0x000000ac85a00000,0x000000ac85b00000)]
  0x000001e43f9fd000 JavaThread "block-manager-ask-thread-pool-99" daemon [_thread_blocked, id=12532, stack(0x000000ac85b00000,0x000000ac85c00000)]
  0x000001e43f9fe800 JavaThread "QueryStageCreator-12" daemon [_thread_blocked, id=26508, stack(0x000000ac85c00000,0x000000ac85d00000)]
  0x000001e43fa03800 JavaThread "block-manager-storage-async-thread-pool-113" daemon [_thread_blocked, id=4192, stack(0x000000ac85d00000,0x000000ac85e00000)]
  0x000001e43fa01000 JavaThread "block-manager-storage-async-thread-pool-114" daemon [_thread_blocked, id=17736, stack(0x000000ac85e00000,0x000000ac85f00000)]
  0x000001e43fa01800 JavaThread "block-manager-storage-async-thread-pool-115" daemon [_thread_blocked, id=6136, stack(0x000000ac85f00000,0x000000ac86000000)]
  0x000001e4391cb000 JavaThread "block-manager-ask-thread-pool-100" daemon [_thread_blocked, id=17660, stack(0x000000ac86000000,0x000000ac86100000)]
  0x000001e4391ce800 JavaThread "block-manager-ask-thread-pool-101" daemon [_thread_blocked, id=2868, stack(0x000000ac86100000,0x000000ac86200000)]
  0x000001e4391ca800 JavaThread "block-manager-storage-async-thread-pool-116" daemon [_thread_blocked, id=17316, stack(0x000000ac86200000,0x000000ac86300000)]
  0x000001e4391cd800 JavaThread "block-manager-storage-async-thread-pool-117" daemon [_thread_blocked, id=25040, stack(0x000000ac86300000,0x000000ac86400000)]
  0x000001e4391c8800 JavaThread "block-manager-storage-async-thread-pool-118" daemon [_thread_blocked, id=11916, stack(0x000000ac86400000,0x000000ac86500000)]
  0x000001e4391cd000 JavaThread "block-manager-ask-thread-pool-102" daemon [_thread_blocked, id=6456, stack(0x000000ac86500000,0x000000ac86600000)]
  0x000001e4391cf000 JavaThread "block-manager-ask-thread-pool-103" daemon [_thread_blocked, id=23760, stack(0x000000ac86600000,0x000000ac86700000)]
  0x000001e4391c9800 JavaThread "block-manager-storage-async-thread-pool-119" daemon [_thread_blocked, id=17552, stack(0x000000ac86700000,0x000000ac86800000)]
  0x000001e4391d0000 JavaThread "block-manager-storage-async-thread-pool-120" daemon [_thread_blocked, id=25764, stack(0x000000ac86800000,0x000000ac86900000)]
  0x000001e4391d1800 JavaThread "block-manager-storage-async-thread-pool-121" daemon [_thread_blocked, id=25484, stack(0x000000ac86900000,0x000000ac86a00000)]
  0x000001e4391cc000 JavaThread "block-manager-ask-thread-pool-104" daemon [_thread_blocked, id=24000, stack(0x000000ac86a00000,0x000000ac86b00000)]
  0x000001e4391d4000 JavaThread "block-manager-ask-thread-pool-105" daemon [_thread_blocked, id=15804, stack(0x000000ac86b00000,0x000000ac86c00000)]
  0x000001e4391d6000 JavaThread "block-manager-storage-async-thread-pool-122" daemon [_thread_blocked, id=4716, stack(0x000000ac86c00000,0x000000ac86d00000)]
  0x000001e4391d2800 JavaThread "block-manager-storage-async-thread-pool-123" daemon [_thread_blocked, id=13412, stack(0x000000ac86d00000,0x000000ac86e00000)]
  0x000001e4391d6800 JavaThread "block-manager-storage-async-thread-pool-124" daemon [_thread_blocked, id=13044, stack(0x000000ac86e00000,0x000000ac86f00000)]
  0x000001e4391d7800 JavaThread "block-manager-ask-thread-pool-106" daemon [_thread_blocked, id=19780, stack(0x000000ac86f00000,0x000000ac87000000)]
  0x000001e43a93c000 JavaThread "block-manager-ask-thread-pool-107" daemon [_thread_blocked, id=22104, stack(0x000000ac87000000,0x000000ac87100000)]
  0x000001e43a939800 JavaThread "block-manager-storage-async-thread-pool-125" daemon [_thread_blocked, id=18168, stack(0x000000ac87100000,0x000000ac87200000)]
  0x000001e43a93a800 JavaThread "block-manager-storage-async-thread-pool-126" daemon [_thread_blocked, id=26348, stack(0x000000ac87200000,0x000000ac87300000)]
  0x000001e43a93d000 JavaThread "block-manager-storage-async-thread-pool-127" daemon [_thread_blocked, id=10816, stack(0x000000ac87300000,0x000000ac87400000)]
  0x000001e43a938000 JavaThread "block-manager-ask-thread-pool-108" daemon [_thread_blocked, id=17384, stack(0x000000ac87400000,0x000000ac87500000)]
  0x000001e43a940000 JavaThread "block-manager-ask-thread-pool-109" daemon [_thread_blocked, id=1336, stack(0x000000ac87500000,0x000000ac87600000)]
  0x000001e43a93e800 JavaThread "QueryStageCreator-13" daemon [_thread_blocked, id=4040, stack(0x000000ac87600000,0x000000ac87700000)]
  0x000001e43a93f000 JavaThread "block-manager-storage-async-thread-pool-128" daemon [_thread_blocked, id=4776, stack(0x000000ac87700000,0x000000ac87800000)]
  0x000001e43a941000 JavaThread "block-manager-storage-async-thread-pool-129" daemon [_thread_blocked, id=16832, stack(0x000000ac87800000,0x000000ac87900000)]
  0x000001e43a93b000 JavaThread "block-manager-storage-async-thread-pool-130" daemon [_thread_blocked, id=23740, stack(0x000000ac87900000,0x000000ac87a00000)]
  0x000001e43a946800 JavaThread "block-manager-ask-thread-pool-110" daemon [_thread_blocked, id=11492, stack(0x000000ac87a00000,0x000000ac87b00000)]
  0x000001e43a942800 JavaThread "block-manager-ask-thread-pool-111" daemon [_thread_blocked, id=24872, stack(0x000000ac87b00000,0x000000ac87c00000)]
  0x000001e43a944000 JavaThread "block-manager-storage-async-thread-pool-131" daemon [_thread_blocked, id=15852, stack(0x000000ac87c00000,0x000000ac87d00000)]
  0x000001e43a943800 JavaThread "block-manager-storage-async-thread-pool-132" daemon [_thread_blocked, id=24908, stack(0x000000ac87d00000,0x000000ac87e00000)]
  0x000001e43a945000 JavaThread "block-manager-storage-async-thread-pool-133" daemon [_thread_blocked, id=12716, stack(0x000000ac87e00000,0x000000ac87f00000)]
  0x000001e43b533000 JavaThread "block-manager-ask-thread-pool-112" daemon [_thread_blocked, id=25880, stack(0x000000ac87f00000,0x000000ac88000000)]
  0x000001e43b534000 JavaThread "block-manager-ask-thread-pool-113" daemon [_thread_blocked, id=15148, stack(0x000000ac88000000,0x000000ac88100000)]
  0x000001e43b531800 JavaThread "block-manager-storage-async-thread-pool-134" daemon [_thread_blocked, id=20788, stack(0x000000ac88100000,0x000000ac88200000)]
  0x000001e43b530000 JavaThread "block-manager-storage-async-thread-pool-135" daemon [_thread_blocked, id=1296, stack(0x000000ac88200000,0x000000ac88300000)]
  0x000001e43b536800 JavaThread "block-manager-storage-async-thread-pool-136" daemon [_thread_blocked, id=21604, stack(0x000000ac88300000,0x000000ac88400000)]
  0x000001e43b530800 JavaThread "block-manager-ask-thread-pool-114" daemon [_thread_blocked, id=22408, stack(0x000000ac88400000,0x000000ac88500000)]
  0x000001e43b53d800 JavaThread "block-manager-ask-thread-pool-115" daemon [_thread_blocked, id=11896, stack(0x000000ac88500000,0x000000ac88600000)]
  0x000001e43b53c000 JavaThread "block-manager-storage-async-thread-pool-137" daemon [_thread_blocked, id=23948, stack(0x000000ac88600000,0x000000ac88700000)]
  0x000001e43b538000 JavaThread "block-manager-storage-async-thread-pool-138" daemon [_thread_blocked, id=2580, stack(0x000000ac88700000,0x000000ac88800000)]
  0x000001e43b53b000 JavaThread "block-manager-storage-async-thread-pool-139" daemon [_thread_blocked, id=6056, stack(0x000000ac88800000,0x000000ac88900000)]
  0x000001e43b53d000 JavaThread "block-manager-ask-thread-pool-116" daemon [_thread_blocked, id=6492, stack(0x000000ac88900000,0x000000ac88a00000)]
  0x000001e43b538800 JavaThread "block-manager-ask-thread-pool-117" daemon [_thread_blocked, id=24352, stack(0x000000ac88a00000,0x000000ac88b00000)]
  0x000001e43b539800 JavaThread "QueryStageCreator-14" daemon [_thread_blocked, id=12368, stack(0x000000ac88b00000,0x000000ac88c00000)]
  0x000001e43aaff800 JavaThread "block-manager-storage-async-thread-pool-140" daemon [_thread_blocked, id=21128, stack(0x000000ac88c00000,0x000000ac88d00000)]
  0x000001e43aafd000 JavaThread "block-manager-storage-async-thread-pool-141" daemon [_thread_blocked, id=12672, stack(0x000000ac88d00000,0x000000ac88e00000)]
  0x000001e43aafd800 JavaThread "block-manager-storage-async-thread-pool-142" daemon [_thread_blocked, id=12572, stack(0x000000ac88e00000,0x000000ac88f00000)]
  0x000001e43ab04000 JavaThread "block-manager-ask-thread-pool-118" daemon [_thread_blocked, id=1704, stack(0x000000ac88f00000,0x000000ac89000000)]
  0x000001e43aafe800 JavaThread "block-manager-ask-thread-pool-119" daemon [_thread_blocked, id=12204, stack(0x000000ac89000000,0x000000ac89100000)]
  0x000001e43ab06800 JavaThread "block-manager-storage-async-thread-pool-143" daemon [_thread_blocked, id=15164, stack(0x000000ac89100000,0x000000ac89200000)]
  0x000001e43ab05000 JavaThread "block-manager-storage-async-thread-pool-144" daemon [_thread_blocked, id=12364, stack(0x000000ac89200000,0x000000ac89300000)]
  0x000001e43ab01000 JavaThread "block-manager-storage-async-thread-pool-145" daemon [_thread_blocked, id=26604, stack(0x000000ac89300000,0x000000ac89400000)]
  0x000001e43ab07800 JavaThread "block-manager-ask-thread-pool-120" daemon [_thread_blocked, id=3624, stack(0x000000ac89400000,0x000000ac89500000)]
  0x000001e43ab01800 JavaThread "block-manager-ask-thread-pool-121" daemon [_thread_blocked, id=12856, stack(0x000000ac89500000,0x000000ac89600000)]
  0x000001e43ab09000 JavaThread "block-manager-storage-async-thread-pool-146" daemon [_thread_blocked, id=24612, stack(0x000000ac89600000,0x000000ac89700000)]
  0x000001e43ab0a000 JavaThread "block-manager-storage-async-thread-pool-147" daemon [_thread_blocked, id=10420, stack(0x000000ac89700000,0x000000ac89800000)]
  0x000001e437e18800 JavaThread "block-manager-ask-thread-pool-122" daemon [_thread_blocked, id=7400, stack(0x000000ac89800000,0x000000ac89900000)]
  0x000001e437e1c800 JavaThread "block-manager-ask-thread-pool-123" daemon [_thread_blocked, id=19152, stack(0x000000ac89900000,0x000000ac89a00000)]
  0x000001e437e1a000 JavaThread "block-manager-ask-thread-pool-124" daemon [_thread_blocked, id=10124, stack(0x000000ac89a00000,0x000000ac89b00000)]
  0x000001e437e16800 JavaThread "block-manager-ask-thread-pool-125" daemon [_thread_blocked, id=23860, stack(0x000000ac89b00000,0x000000ac89c00000)]
  0x000001e437e1d000 JavaThread "block-manager-ask-thread-pool-126" daemon [_thread_blocked, id=18712, stack(0x000000ac89c00000,0x000000ac89d00000)]
  0x000001e437e1e000 JavaThread "block-manager-ask-thread-pool-127" daemon [_thread_blocked, id=4588, stack(0x000000ac89d00000,0x000000ac89e00000)]
  0x000001e43f891800 JavaThread "block-manager-ask-thread-pool-128" daemon [_thread_blocked, id=11268, stack(0x000000ac89e00000,0x000000ac89f00000)]
  0x000001e43f88c800 JavaThread "block-manager-ask-thread-pool-129" daemon [_thread_blocked, id=17836, stack(0x000000ac89f00000,0x000000ac8a000000)]
  0x000001e43f88d800 JavaThread "block-manager-ask-thread-pool-130" daemon [_thread_blocked, id=26132, stack(0x000000ac8a000000,0x000000ac8a100000)]
  0x000001e43f88f000 JavaThread "block-manager-ask-thread-pool-131" daemon [_thread_blocked, id=2444, stack(0x000000ac8a100000,0x000000ac8a200000)]
  0x000001e43f88c000 JavaThread "block-manager-ask-thread-pool-132" daemon [_thread_blocked, id=26052, stack(0x000000ac8a200000,0x000000ac8a300000)]
  0x000001e443d3f800 JavaThread "block-manager-ask-thread-pool-133" daemon [_thread_blocked, id=15508, stack(0x000000ac8a300000,0x000000ac8a400000)]
  0x000001e443d41800 JavaThread "block-manager-storage-async-thread-pool-148" daemon [_thread_blocked, id=25976, stack(0x000000ac8a400000,0x000000ac8a500000)]
  0x000001e443d44000 JavaThread "block-manager-storage-async-thread-pool-149" daemon [_thread_blocked, id=23448, stack(0x000000ac8a500000,0x000000ac8a600000)]
  0x000001e443d3e000 JavaThread "block-manager-ask-thread-pool-134" daemon [_thread_blocked, id=8792, stack(0x000000ac8a600000,0x000000ac8a700000)]
  0x000001e443d40800 JavaThread "block-manager-ask-thread-pool-135" daemon [_thread_blocked, id=20692, stack(0x000000ac8a700000,0x000000ac8a800000)]
  0x000001e443d43000 JavaThread "QueryStageCreator-15" daemon [_thread_blocked, id=25984, stack(0x000000ac8a800000,0x000000ac8a900000)]
  0x000001e443d3f000 JavaThread "block-manager-ask-thread-pool-136" daemon [_thread_blocked, id=9732, stack(0x000000ac8a900000,0x000000ac8aa00000)]
  0x000001e443d48000 JavaThread "block-manager-ask-thread-pool-137" daemon [_thread_blocked, id=26032, stack(0x000000ac8aa00000,0x000000ac8ab00000)]
  0x000001e443d42000 JavaThread "block-manager-ask-thread-pool-138" daemon [_thread_blocked, id=8308, stack(0x000000ac8ab00000,0x000000ac8ac00000)]
  0x000001e443d4a800 JavaThread "block-manager-ask-thread-pool-139" daemon [_thread_blocked, id=22680, stack(0x000000ac8ac00000,0x000000ac8ad00000)]
  0x000001e443d44800 JavaThread "block-manager-storage-async-thread-pool-150" daemon [_thread_blocked, id=5112, stack(0x000000ac80000000,0x000000ac80100000)]
  0x000001e443d48800 JavaThread "block-manager-storage-async-thread-pool-151" daemon [_thread_blocked, id=24692, stack(0x000000ac80400000,0x000000ac80500000)]
  0x000001e443d46800 JavaThread "block-manager-storage-async-thread-pool-152" daemon [_thread_blocked, id=7216, stack(0x000000ac80500000,0x000000ac80600000)]
  0x000001e443d4b000 JavaThread "block-manager-ask-thread-pool-140" daemon [_thread_blocked, id=8140, stack(0x000000ac80600000,0x000000ac80700000)]
  0x000001e443d45800 JavaThread "block-manager-ask-thread-pool-141" daemon [_thread_blocked, id=12344, stack(0x000000ac80800000,0x000000ac80900000)]
  0x000001e443d49800 JavaThread "block-manager-storage-async-thread-pool-153" daemon [_thread_blocked, id=9032, stack(0x000000ac80900000,0x000000ac80a00000)]
  0x000001e443d4c000 JavaThread "block-manager-storage-async-thread-pool-154" daemon [_thread_blocked, id=7072, stack(0x000000ac84900000,0x000000ac84a00000)]
  0x000001e443d4d000 JavaThread "block-manager-storage-async-thread-pool-155" daemon [_thread_blocked, id=19280, stack(0x000000ac84a00000,0x000000ac84b00000)]
  0x000001e443d47000 JavaThread "block-manager-storage-async-thread-pool-156" daemon [_thread_blocked, id=10464, stack(0x000000ac8ad00000,0x000000ac8ae00000)]
  0x000001e443c3b800 JavaThread "block-manager-storage-async-thread-pool-157" daemon [_thread_blocked, id=3636, stack(0x000000ac8ae00000,0x000000ac8af00000)]
  0x000001e443c40800 JavaThread "block-manager-storage-async-thread-pool-158" daemon [_thread_blocked, id=3436, stack(0x000000ac8af00000,0x000000ac8b000000)]
  0x000001e443c3f000 JavaThread "block-manager-storage-async-thread-pool-159" daemon [_thread_blocked, id=23588, stack(0x000000ac8b000000,0x000000ac8b100000)]
  0x000001e443c3f800 JavaThread "block-manager-ask-thread-pool-142" daemon [_thread_blocked, id=7668, stack(0x000000ac8b100000,0x000000ac8b200000)]
  0x000001e443c41800 JavaThread "block-manager-ask-thread-pool-143" daemon [_thread_blocked, id=24876, stack(0x000000ac8b200000,0x000000ac8b300000)]
  0x000001e443c42000 JavaThread "block-manager-ask-thread-pool-144" daemon [_thread_blocked, id=6596, stack(0x000000ac8b300000,0x000000ac8b400000)]
  0x000001e443c3c800 JavaThread "block-manager-ask-thread-pool-145" daemon [_thread_blocked, id=18068, stack(0x000000ac8b400000,0x000000ac8b500000)]
  0x000001e443c43000 JavaThread "block-manager-storage-async-thread-pool-160" daemon [_thread_blocked, id=16316, stack(0x000000ac8b500000,0x000000ac8b600000)]
  0x000001e443c3d000 JavaThread "block-manager-storage-async-thread-pool-161" daemon [_thread_blocked, id=17816, stack(0x000000ac8b600000,0x000000ac8b700000)]
  0x000001e443c43800 JavaThread "block-manager-ask-thread-pool-146" daemon [_thread_blocked, id=6108, stack(0x000000ac8b700000,0x000000ac8b800000)]
  0x000001e443c46000 JavaThread "block-manager-ask-thread-pool-147" daemon [_thread_blocked, id=5312, stack(0x000000ac8b800000,0x000000ac8b900000)]
  0x000001e443c48800 JavaThread "block-manager-storage-async-thread-pool-162" daemon [_thread_blocked, id=8720, stack(0x000000ac8b900000,0x000000ac8ba00000)]
  0x000001e443c47000 JavaThread "block-manager-ask-thread-pool-148" daemon [_thread_blocked, id=16092, stack(0x000000ac8ba00000,0x000000ac8bb00000)]
  0x000001e443c48000 JavaThread "block-manager-ask-thread-pool-149" daemon [_thread_blocked, id=26552, stack(0x000000ac8bb00000,0x000000ac8bc00000)]
  0x000001e443c4a000 JavaThread "QueryStageCreator-16" daemon [_thread_blocked, id=22728, stack(0x000000ac8bc00000,0x000000ac8bd00000)]
  0x000001e443c45800 JavaThread "block-manager-storage-async-thread-pool-163" daemon [_thread_blocked, id=20560, stack(0x000000ac80a00000,0x000000ac80b00000)]
  0x000001e443c4d800 JavaThread "block-manager-storage-async-thread-pool-164" daemon [_thread_blocked, id=16664, stack(0x000000ac80b00000,0x000000ac80c00000)]
  0x000001e443c50000 JavaThread "block-manager-storage-async-thread-pool-165" daemon [_thread_blocked, id=6260, stack(0x000000ac80c00000,0x000000ac80d00000)]
  0x000001e443c51000 JavaThread "block-manager-ask-thread-pool-150" daemon [_thread_blocked, id=9012, stack(0x000000ac80d00000,0x000000ac80e00000)]
  0x000001e443c51800 JavaThread "block-manager-ask-thread-pool-151" daemon [_thread_blocked, id=15152, stack(0x000000ac80e00000,0x000000ac80f00000)]
  0x000001e443c4c000 JavaThread "block-manager-ask-thread-pool-152" daemon [_thread_blocked, id=13260, stack(0x000000ac8bd00000,0x000000ac8be00000)]
  0x000001e443c52800 JavaThread "block-manager-ask-thread-pool-153" daemon [_thread_blocked, id=7648, stack(0x000000ac8be00000,0x000000ac8bf00000)]
  0x000001e443c4c800 JavaThread "block-manager-ask-thread-pool-154" daemon [_thread_blocked, id=18240, stack(0x000000ac8bf00000,0x000000ac8c000000)]
  0x000001e443c53000 JavaThread "block-manager-ask-thread-pool-155" daemon [_thread_blocked, id=1668, stack(0x000000ac8c000000,0x000000ac8c100000)]
  0x000001e443c54000 JavaThread "Executor task launch worker for task 12.0 in stage 81.0 (TID 494)" daemon [_thread_blocked, id=26516, stack(0x000000ac80f00000,0x000000ac81000000)]
  0x000001e443c4e800 JavaThread "Executor task launch worker for task 3.0 in stage 91.0 (TID 644)" daemon [_thread_blocked, id=8156, stack(0x000000ac8c100000,0x000000ac8c200000)]
  0x000001e443c5a800 JavaThread "block-manager-ask-thread-pool-156" daemon [_thread_blocked, id=8424, stack(0x000000ac8c200000,0x000000ac8c300000)]
  0x000001e443c56800 JavaThread "block-manager-ask-thread-pool-157" daemon [_thread_blocked, id=23276, stack(0x000000ac8c300000,0x000000ac8c400000)]
  0x000001e443c55000 JavaThread "QueryStageCreator-17" daemon [_thread_blocked, id=25256, stack(0x000000ac81000000,0x000000ac81100000)]
  0x000001e443c57800 JavaThread "block-manager-storage-async-thread-pool-166" daemon [_thread_blocked, id=18800, stack(0x000000ac81200000,0x000000ac81300000)]
  0x000001e443c5a000 JavaThread "block-manager-storage-async-thread-pool-167" daemon [_thread_blocked, id=7532, stack(0x000000ac81300000,0x000000ac81400000)]
  0x000001e443c59000 JavaThread "block-manager-storage-async-thread-pool-168" daemon [_thread_blocked, id=10436, stack(0x000000ac81400000,0x000000ac81500000)]
  0x000001e443c58000 JavaThread "block-manager-ask-thread-pool-158" daemon [_thread_blocked, id=26284, stack(0x000000ac81500000,0x000000ac81600000)]
  0x000001e4437b2000 JavaThread "block-manager-ask-thread-pool-159" daemon [_thread_blocked, id=10032, stack(0x000000ac81600000,0x000000ac81700000)]
  0x000001e4437b1800 JavaThread "block-manager-storage-async-thread-pool-169" daemon [_thread_blocked, id=26456, stack(0x000000ac81800000,0x000000ac81900000)]
  0x000001e4437b5800 JavaThread "block-manager-storage-async-thread-pool-170" daemon [_thread_blocked, id=420, stack(0x000000ac81900000,0x000000ac81a00000)]
  0x000001e4437b3000 JavaThread "block-manager-storage-async-thread-pool-171" daemon [_thread_blocked, id=26252, stack(0x000000ac81a00000,0x000000ac81b00000)]
  0x000001e4437b8800 JavaThread "block-manager-ask-thread-pool-160" daemon [_thread_blocked, id=13512, stack(0x000000ac81b00000,0x000000ac81c00000)]
  0x000001e4437b6000 JavaThread "block-manager-ask-thread-pool-161" daemon [_thread_blocked, id=25860, stack(0x000000ac81c00000,0x000000ac81d00000)]
  0x000001e4437b7000 JavaThread "block-manager-storage-async-thread-pool-172" daemon [_thread_blocked, id=14440, stack(0x000000ac81d00000,0x000000ac81e00000)]
  0x000001e4437b9800 JavaThread "block-manager-storage-async-thread-pool-173" daemon [_thread_blocked, id=14708, stack(0x000000ac81f00000,0x000000ac82000000)]
  0x000001e4437b3800 JavaThread "block-manager-storage-async-thread-pool-174" daemon [_thread_blocked, id=22172, stack(0x000000ac82000000,0x000000ac82100000)]
  0x000001e4437c0000 JavaThread "block-manager-ask-thread-pool-162" daemon [_thread_blocked, id=9884, stack(0x000000ac82100000,0x000000ac82200000)]
  0x000001e4437bf000 JavaThread "block-manager-ask-thread-pool-163" daemon [_thread_blocked, id=472, stack(0x000000ac82200000,0x000000ac82300000)]
  0x000001e4437be800 JavaThread "block-manager-storage-async-thread-pool-175" daemon [_thread_blocked, id=20540, stack(0x000000ac82300000,0x000000ac82400000)]
  0x000001e4437ba800 JavaThread "block-manager-storage-async-thread-pool-176" daemon [_thread_blocked, id=22120, stack(0x000000ac82600000,0x000000ac82700000)]
  0x000001e4437c1800 JavaThread "block-manager-ask-thread-pool-164" daemon [_thread_blocked, id=9440, stack(0x000000ac82700000,0x000000ac82800000)]
  0x000001e4437bc000 JavaThread "block-manager-ask-thread-pool-165" daemon [_thread_blocked, id=20376, stack(0x000000ac82800000,0x000000ac82900000)]
  0x000001e4437bc800 JavaThread "block-manager-ask-thread-pool-166" daemon [_thread_blocked, id=15336, stack(0x000000ac82900000,0x000000ac82a00000)]
  0x000001e4437c3000 JavaThread "block-manager-ask-thread-pool-167" daemon [_thread_blocked, id=26320, stack(0x000000ac82a00000,0x000000ac82b00000)]
  0x000001e4437c2800 JavaThread "block-manager-ask-thread-pool-168" daemon [_thread_blocked, id=20200, stack(0x000000ac82b00000,0x000000ac82c00000)]
  0x000001e4437bd800 JavaThread "block-manager-ask-thread-pool-169" daemon [_thread_blocked, id=9640, stack(0x000000ac8c400000,0x000000ac8c500000)]
  0x000001e4437c9000 JavaThread "QueryStageCreator-18" daemon [_thread_blocked, id=23364, stack(0x000000ac8c500000,0x000000ac8c600000)]
  0x000001e4437c4000 JavaThread "QueryStageCreator-19" daemon [_thread_blocked, id=19076, stack(0x000000ac80300000,0x000000ac80400000)]
  0x000001e4437c8000 JavaThread "block-manager-storage-async-thread-pool-177" daemon [_thread_blocked, id=25872, stack(0x000000ac82f00000,0x000000ac83000000)]
  0x000001e4437ca000 JavaThread "block-manager-storage-async-thread-pool-178" daemon [_thread_blocked, id=25812, stack(0x000000ac83100000,0x000000ac83200000)]
  0x000001e4437c5000 JavaThread "block-manager-storage-async-thread-pool-179" daemon [_thread_blocked, id=17956, stack(0x000000ac83300000,0x000000ac83400000)]
  0x000001e4437c7800 JavaThread "block-manager-storage-async-thread-pool-180" daemon [_thread_blocked, id=25024, stack(0x000000ac83500000,0x000000ac83600000)]
  0x000001e4437cb800 JavaThread "block-manager-ask-thread-pool-170" daemon [_thread_blocked, id=21384, stack(0x000000ac83700000,0x000000ac83800000)]
  0x000001e4437c5800 JavaThread "block-manager-ask-thread-pool-171" daemon [_thread_blocked, id=12428, stack(0x000000ac83800000,0x000000ac83900000)]
  0x000001e4437cc000 JavaThread "block-manager-storage-async-thread-pool-181" daemon [_thread_blocked, id=23132, stack(0x000000ac83a00000,0x000000ac83b00000)]
  0x000001e4437ce800 JavaThread "block-manager-storage-async-thread-pool-182" daemon [_thread_blocked, id=3976, stack(0x000000ac83d00000,0x000000ac83e00000)]
  0x000001e4437cf800 JavaThread "block-manager-ask-thread-pool-172" daemon [_thread_blocked, id=12632, stack(0x000000ac83f00000,0x000000ac84000000)]
  0x000001e43f9eb000 JavaThread "block-manager-ask-thread-pool-173" daemon [_thread_blocked, id=18916, stack(0x000000ac84100000,0x000000ac84200000)]
  0x000001e43f9eb800 JavaThread "block-manager-storage-async-thread-pool-183" daemon [_thread_blocked, id=9340, stack(0x000000ac82c00000,0x000000ac82d00000)]
  0x000001e43f9ec800 JavaThread "block-manager-storage-async-thread-pool-184" daemon [_thread_blocked, id=25780, stack(0x000000ac84200000,0x000000ac84300000)]
  0x000001e43f9ee000 JavaThread "block-manager-ask-thread-pool-174" daemon [_thread_blocked, id=9080, stack(0x000000ac84300000,0x000000ac84400000)]
  0x000001e43f9e8800 JavaThread "block-manager-ask-thread-pool-175" daemon [_thread_blocked, id=6832, stack(0x000000ac84500000,0x000000ac84600000)]
  0x000001e43f9e9000 JavaThread "block-manager-ask-thread-pool-176" daemon [_thread_blocked, id=26248, stack(0x000000ac84600000,0x000000ac84700000)]
  0x000001e43f9f0800 JavaThread "block-manager-ask-thread-pool-177" daemon [_thread_blocked, id=11724, stack(0x000000ac84700000,0x000000ac84800000)]
  0x000001e43f9f3000 JavaThread "block-manager-ask-thread-pool-178" daemon [_thread_blocked, id=23048, stack(0x000000ac84800000,0x000000ac84900000)]
  0x000001e43f9f2000 JavaThread "block-manager-ask-thread-pool-179" daemon [_thread_blocked, id=10164, stack(0x000000ac8c600000,0x000000ac8c700000)]
  0x000001e43f9ef800 JavaThread "QueryStageCreator-20" daemon [_thread_blocked, id=21032, stack(0x000000ac8c700000,0x000000ac8c800000)]
  0x000001e43f9f1800 JavaThread "block-manager-ask-thread-pool-180" daemon [_thread_blocked, id=23324, stack(0x000000ac8c800000,0x000000ac8c900000)]
  0x000001e43ab00000 JavaThread "block-manager-ask-thread-pool-181" daemon [_thread_blocked, id=21856, stack(0x000000ac8c900000,0x000000ac8ca00000)]
  0x000001e43aafc000 JavaThread "block-manager-ask-thread-pool-182" daemon [_thread_blocked, id=13232, stack(0x000000ac8ca00000,0x000000ac8cb00000)]
  0x000001e43aafb000 JavaThread "block-manager-ask-thread-pool-183" daemon [_thread_blocked, id=3800, stack(0x000000ac8cb00000,0x000000ac8cc00000)]
  0x000001e444215000 JavaThread "C1 CompilerThread1" daemon [_thread_blocked, id=19796, stack(0x000000ac80200000,0x000000ac80300000)]
  0x000001e43ab06000 JavaThread "QueryStageCreator-21" daemon [_thread_blocked, id=20840, stack(0x000000ac8cd00000,0x000000ac8ce00000)]

Other Threads:
  0x000001e43602f000 VMThread "VM Thread" [stack: 0x000000acf2e00000,0x000000acf2f00000] [id=19580]
  0x000001e436a76000 WatcherThread [stack: 0x000000acf3800000,0x000000acf3900000] [id=10612]
  0x000001e424ffc000 GCTaskThread "GC Thread#0" [stack: 0x000000acf2900000,0x000000acf2a00000] [id=20420]
  0x000001e437237000 GCTaskThread "GC Thread#1" [stack: 0x000000acf3900000,0x000000acf3a00000] [id=17100]
  0x000001e437238000 GCTaskThread "GC Thread#2" [stack: 0x000000acf3a00000,0x000000acf3b00000] [id=5240]
  0x000001e43a840000 GCTaskThread "GC Thread#3" [stack: 0x000000acf3f00000,0x000000acf4000000] [id=21428]
  0x000001e425017000 ConcurrentGCThread "G1 Main Marker" [stack: 0x000000acf2a00000,0x000000acf2b00000] [id=21796]
  0x000001e42501a800 ConcurrentGCThread "G1 Conc#0" [stack: 0x000000acf2b00000,0x000000acf2c00000] [id=18312]
  0x000001e435ed0800 ConcurrentGCThread "G1 Refine#0" [stack: 0x000000acf2c00000,0x000000acf2d00000] [id=16048]
  0x000001e435ed1800 ConcurrentGCThread "G1 Young RemSet Sampling" [stack: 0x000000acf2d00000,0x000000acf2e00000] [id=16948]

Threads with active compile tasks:

VM state:not at safepoint (normal execution)

VM Mutex/Monitor currently owned by a thread:  ([mutex/lock_event])
[0x000001e424fe07e0] Heap_lock - owner thread: 0x000001e4391d1000

Heap address: 0x00000000c0000000, size: 1024 MB, Compressed Oops mode: 32-bit
Narrow klass base: 0x0000000800000000, Narrow klass shift: 3
Compressed class space size: 1073741824 Address: 0x0000000840000000

Heap:
 garbage-first heap   total 736256K, used 725425K [0x00000000c0000000, 0x0000000100000000)
  region size 1024K, 31 young (31744K), 4 survivors (4096K)
 Metaspace       used 157439K, capacity 168975K, committed 169304K, reserved 1189888K
  class space    used 24355K, capacity 29766K, committed 29824K, reserved 1048576K
Heap Regions: E=young(eden), S=young(survivor), O=old, HS=humongous(starts), HC=humongous(continues), CS=collection set, F=free, A=archive, TAMS=top-at-mark-start (previous, next)
|   0|0x00000000c0000000, 0x00000000c0100000, 0x00000000c0100000|100%|HS|  |TAMS 0x00000000c0100000, 0x00000000c0000000| Complete 
|   1|0x00000000c0100000, 0x00000000c0200000, 0x00000000c0200000|100%|HS|  |TAMS 0x00000000c0200000, 0x00000000c0100000| Complete 
|   2|0x00000000c0200000, 0x00000000c0300000, 0x00000000c0300000|100%|HC|  |TAMS 0x00000000c0300000, 0x00000000c0200000| Complete 
|   3|0x00000000c0300000, 0x00000000c0400000, 0x00000000c0400000|100%|HS|  |TAMS 0x00000000c0400000, 0x00000000c0300000| Complete 
|   4|0x00000000c0400000, 0x00000000c0500000, 0x00000000c0500000|100%|HC|  |TAMS 0x00000000c0500000, 0x00000000c0400000| Complete 
|   5|0x00000000c0500000, 0x00000000c0600000, 0x00000000c0600000|100%|HC|  |TAMS 0x00000000c0600000, 0x00000000c0500000| Complete 
|   6|0x00000000c0600000, 0x00000000c0700000, 0x00000000c0700000|100%|HS|  |TAMS 0x00000000c0700000, 0x00000000c0600000| Complete 
|   7|0x00000000c0700000, 0x00000000c0800000, 0x00000000c0800000|100%|HS|  |TAMS 0x00000000c0800000, 0x00000000c0700000| Complete 
|   8|0x00000000c0800000, 0x00000000c0900000, 0x00000000c0900000|100%| O|  |TAMS 0x00000000c0900000, 0x00000000c0800000| Untracked 
|   9|0x00000000c0900000, 0x00000000c0a00000, 0x00000000c0a00000|100%| O|  |TAMS 0x00000000c0a00000, 0x00000000c0900000| Complete 
|  10|0x00000000c0a00000, 0x00000000c0b00000, 0x00000000c0b00000|100%| O|  |TAMS 0x00000000c0b00000, 0x00000000c0a00000| Untracked 
|  11|0x00000000c0b00000, 0x00000000c0c00000, 0x00000000c0c00000|100%| O|  |TAMS 0x00000000c0c00000, 0x00000000c0b00000| Untracked 
|  12|0x00000000c0c00000, 0x00000000c0d00000, 0x00000000c0d00000|100%| O|  |TAMS 0x00000000c0d00000, 0x00000000c0c00000| Untracked 
|  13|0x00000000c0d00000, 0x00000000c0e00000, 0x00000000c0e00000|100%| O|  |TAMS 0x00000000c0e00000, 0x00000000c0d00000| Untracked 
|  14|0x00000000c0e00000, 0x00000000c0f00000, 0x00000000c0f00000|100%| O|  |TAMS 0x00000000c0f00000, 0x00000000c0e00000| Untracked 
|  15|0x00000000c0f00000, 0x00000000c1000000, 0x00000000c1000000|100%| O|  |TAMS 0x00000000c1000000, 0x00000000c0f00000| Untracked 
|  16|0x00000000c1000000, 0x00000000c1100000, 0x00000000c1100000|100%| O|  |TAMS 0x00000000c1100000, 0x00000000c1000000| Untracked 
|  17|0x00000000c1100000, 0x00000000c1200000, 0x00000000c1200000|100%|HS|  |TAMS 0x00000000c1200000, 0x00000000c1100000| Complete 
|  18|0x00000000c1200000, 0x00000000c1300000, 0x00000000c1300000|100%| O|  |TAMS 0x00000000c1300000, 0x00000000c1200000| Untracked 
|  19|0x00000000c1300000, 0x00000000c1400000, 0x00000000c1400000|100%| O|  |TAMS 0x00000000c1400000, 0x00000000c1300000| Untracked 
|  20|0x00000000c1400000, 0x00000000c1500000, 0x00000000c1500000|100%| O|  |TAMS 0x00000000c1500000, 0x00000000c1400000| Untracked 
|  21|0x00000000c1500000, 0x00000000c1600000, 0x00000000c1600000|100%| O|  |TAMS 0x00000000c1600000, 0x00000000c1500000| Complete 
|  22|0x00000000c1600000, 0x00000000c1700000, 0x00000000c1700000|100%| O|  |TAMS 0x00000000c1700000, 0x00000000c1600000| Untracked 
|  23|0x00000000c1700000, 0x00000000c1800000, 0x00000000c1800000|100%| O|  |TAMS 0x00000000c1800000, 0x00000000c1700000| Untracked 
|  24|0x00000000c1800000, 0x00000000c1900000, 0x00000000c1900000|100%| O|  |TAMS 0x00000000c1900000, 0x00000000c1800000| Untracked 
|  25|0x00000000c1900000, 0x00000000c1a00000, 0x00000000c1a00000|100%| O|  |TAMS 0x00000000c1a00000, 0x00000000c1900000| Untracked 
|  26|0x00000000c1a00000, 0x00000000c1b00000, 0x00000000c1b00000|100%| O|  |TAMS 0x00000000c1b00000, 0x00000000c1a00000| Untracked 
|  27|0x00000000c1b00000, 0x00000000c1c00000, 0x00000000c1c00000|100%| O|  |TAMS 0x00000000c1c00000, 0x00000000c1b00000| Untracked 
|  28|0x00000000c1c00000, 0x00000000c1d00000, 0x00000000c1d00000|100%| O|  |TAMS 0x00000000c1d00000, 0x00000000c1c00000| Untracked 
|  29|0x00000000c1d00000, 0x00000000c1e00000, 0x00000000c1e00000|100%| O|  |TAMS 0x00000000c1e00000, 0x00000000c1d00000| Complete 
|  30|0x00000000c1e00000, 0x00000000c1f00000, 0x00000000c1f00000|100%| O|  |TAMS 0x00000000c1f00000, 0x00000000c1e00000| Untracked 
|  31|0x00000000c1f00000, 0x00000000c2000000, 0x00000000c2000000|100%| O|  |TAMS 0x00000000c2000000, 0x00000000c1f00000| Complete 
|  32|0x00000000c2000000, 0x00000000c2100000, 0x00000000c2100000|100%| O|  |TAMS 0x00000000c2100000, 0x00000000c2000000| Untracked 
|  33|0x00000000c2100000, 0x00000000c2200000, 0x00000000c2200000|100%| O|  |TAMS 0x00000000c2200000, 0x00000000c2100000| Untracked 
|  34|0x00000000c2200000, 0x00000000c2300000, 0x00000000c2300000|100%| O|  |TAMS 0x00000000c2300000, 0x00000000c2200000| Complete 
|  35|0x00000000c2300000, 0x00000000c2400000, 0x00000000c2400000|100%| O|  |TAMS 0x00000000c2400000, 0x00000000c2300000| Untracked 
|  36|0x00000000c2400000, 0x00000000c2500000, 0x00000000c2500000|100%| O|  |TAMS 0x00000000c2500000, 0x00000000c2400000| Untracked 
|  37|0x00000000c2500000, 0x00000000c2600000, 0x00000000c2600000|100%| O|  |TAMS 0x00000000c2600000, 0x00000000c2500000| Complete 
|  38|0x00000000c2600000, 0x00000000c2700000, 0x00000000c2700000|100%| O|  |TAMS 0x00000000c2700000, 0x00000000c2600000| Untracked 
|  39|0x00000000c2700000, 0x00000000c2800000, 0x00000000c2800000|100%| O|  |TAMS 0x00000000c2800000, 0x00000000c2700000| Complete 
|  40|0x00000000c2800000, 0x00000000c2900000, 0x00000000c2900000|100%| O|  |TAMS 0x00000000c2900000, 0x00000000c2800000| Untracked 
|  41|0x00000000c2900000, 0x00000000c2a00000, 0x00000000c2a00000|100%| O|  |TAMS 0x00000000c2a00000, 0x00000000c2900000| Untracked 
|  42|0x00000000c2a00000, 0x00000000c2b00000, 0x00000000c2b00000|100%| O|  |TAMS 0x00000000c2b00000, 0x00000000c2a00000| Complete 
|  43|0x00000000c2b00000, 0x00000000c2c00000, 0x00000000c2c00000|100%| O|  |TAMS 0x00000000c2c00000, 0x00000000c2b00000| Complete 
|  44|0x00000000c2c00000, 0x00000000c2d00000, 0x00000000c2d00000|100%| O|  |TAMS 0x00000000c2d00000, 0x00000000c2c00000| Complete 
|  45|0x00000000c2d00000, 0x00000000c2e00000, 0x00000000c2e00000|100%| O|  |TAMS 0x00000000c2e00000, 0x00000000c2d00000| Complete 
|  46|0x00000000c2e00000, 0x00000000c2f00000, 0x00000000c2f00000|100%| O|  |TAMS 0x00000000c2f00000, 0x00000000c2e00000| Untracked 
|  47|0x00000000c2f00000, 0x00000000c3000000, 0x00000000c3000000|100%| O|  |TAMS 0x00000000c3000000, 0x00000000c2f00000| Complete 
|  48|0x00000000c3000000, 0x00000000c3100000, 0x00000000c3100000|100%| O|  |TAMS 0x00000000c3100000, 0x00000000c3000000| Complete 
|  49|0x00000000c3100000, 0x00000000c3200000, 0x00000000c3200000|100%| O|  |TAMS 0x00000000c3200000, 0x00000000c3100000| Untracked 
|  50|0x00000000c3200000, 0x00000000c3300000, 0x00000000c3300000|100%| O|  |TAMS 0x00000000c3300000, 0x00000000c3200000| Untracked 
|  51|0x00000000c3300000, 0x00000000c3400000, 0x00000000c3400000|100%| O|  |TAMS 0x00000000c3400000, 0x00000000c3300000| Complete 
|  52|0x00000000c3400000, 0x00000000c3500000, 0x00000000c3500000|100%| O|  |TAMS 0x00000000c3500000, 0x00000000c3400000| Untracked 
|  53|0x00000000c3500000, 0x00000000c3600000, 0x00000000c3600000|100%| O|  |TAMS 0x00000000c3600000, 0x00000000c3500000| Untracked 
|  54|0x00000000c3600000, 0x00000000c3700000, 0x00000000c3700000|100%| O|  |TAMS 0x00000000c3700000, 0x00000000c3600000| Complete 
|  55|0x00000000c3700000, 0x00000000c3800000, 0x00000000c3800000|100%| O|  |TAMS 0x00000000c3800000, 0x00000000c3700000| Complete 
|  56|0x00000000c3800000, 0x00000000c3900000, 0x00000000c3900000|100%| O|  |TAMS 0x00000000c3900000, 0x00000000c3800000| Complete 
|  57|0x00000000c3900000, 0x00000000c3a00000, 0x00000000c3a00000|100%|HS|  |TAMS 0x00000000c3a00000, 0x00000000c3900000| Complete 
|  58|0x00000000c3a00000, 0x00000000c3b00000, 0x00000000c3b00000|100%| O|  |TAMS 0x00000000c3b00000, 0x00000000c3a00000| Complete 
|  59|0x00000000c3b00000, 0x00000000c3c00000, 0x00000000c3c00000|100%|HS|  |TAMS 0x00000000c3c00000, 0x00000000c3b00000| Complete 
|  60|0x00000000c3c00000, 0x00000000c3d00000, 0x00000000c3d00000|100%| O|  |TAMS 0x00000000c3d00000, 0x00000000c3c00000| Complete 
|  61|0x00000000c3d00000, 0x00000000c3e00000, 0x00000000c3e00000|100%| O|  |TAMS 0x00000000c3e00000, 0x00000000c3d00000| Complete 
|  62|0x00000000c3e00000, 0x00000000c3f00000, 0x00000000c3f00000|100%| O|  |TAMS 0x00000000c3f00000, 0x00000000c3e00000| Complete 
|  63|0x00000000c3f00000, 0x00000000c4000000, 0x00000000c4000000|100%| O|  |TAMS 0x00000000c4000000, 0x00000000c3f00000| Complete 
|  64|0x00000000c4000000, 0x00000000c4100000, 0x00000000c4100000|100%| O|  |TAMS 0x00000000c4100000, 0x00000000c4000000| Untracked 
|  65|0x00000000c4100000, 0x00000000c4200000, 0x00000000c4200000|100%| O|  |TAMS 0x00000000c4200000, 0x00000000c4100000| Untracked 
|  66|0x00000000c4200000, 0x00000000c4300000, 0x00000000c4300000|100%| O|  |TAMS 0x00000000c4300000, 0x00000000c4200000| Untracked 
|  67|0x00000000c4300000, 0x00000000c4400000, 0x00000000c4400000|100%| O|  |TAMS 0x00000000c4400000, 0x00000000c4300000| Complete 
|  68|0x00000000c4400000, 0x00000000c4500000, 0x00000000c4500000|100%| O|  |TAMS 0x00000000c4500000, 0x00000000c4400000| Untracked 
|  69|0x00000000c4500000, 0x00000000c4600000, 0x00000000c4600000|100%| O|  |TAMS 0x00000000c4600000, 0x00000000c4500000| Complete 
|  70|0x00000000c4600000, 0x00000000c4700000, 0x00000000c4700000|100%|HS|  |TAMS 0x00000000c4700000, 0x00000000c4600000| Complete 
|  71|0x00000000c4700000, 0x00000000c4800000, 0x00000000c4800000|100%| O|  |TAMS 0x00000000c4800000, 0x00000000c4700000| Untracked 
|  72|0x00000000c4800000, 0x00000000c4900000, 0x00000000c4900000|100%| O|  |TAMS 0x00000000c4900000, 0x00000000c4800000| Complete 
|  73|0x00000000c4900000, 0x00000000c4a00000, 0x00000000c4a00000|100%| O|  |TAMS 0x00000000c4a00000, 0x00000000c4900000| Complete 
|  74|0x00000000c4a00000, 0x00000000c4b00000, 0x00000000c4b00000|100%| O|  |TAMS 0x00000000c4b00000, 0x00000000c4a00000| Complete 
|  75|0x00000000c4b00000, 0x00000000c4c00000, 0x00000000c4c00000|100%| O|  |TAMS 0x00000000c4c00000, 0x00000000c4b00000| Complete 
|  76|0x00000000c4c00000, 0x00000000c4d00000, 0x00000000c4d00000|100%| O|  |TAMS 0x00000000c4d00000, 0x00000000c4c00000| Complete 
|  77|0x00000000c4d00000, 0x00000000c4e00000, 0x00000000c4e00000|100%| O|  |TAMS 0x00000000c4e00000, 0x00000000c4d00000| Complete 
|  78|0x00000000c4e00000, 0x00000000c4f00000, 0x00000000c4f00000|100%| O|  |TAMS 0x00000000c4f00000, 0x00000000c4e00000| Complete 
|  79|0x00000000c4f00000, 0x00000000c5000000, 0x00000000c5000000|100%| O|  |TAMS 0x00000000c5000000, 0x00000000c4f00000| Untracked 
|  80|0x00000000c5000000, 0x00000000c5100000, 0x00000000c5100000|100%| O|  |TAMS 0x00000000c5100000, 0x00000000c5000000| Complete 
|  81|0x00000000c5100000, 0x00000000c5200000, 0x00000000c5200000|100%| O|  |TAMS 0x00000000c5200000, 0x00000000c5100000| Complete 
|  82|0x00000000c5200000, 0x00000000c5300000, 0x00000000c5300000|100%|HS|  |TAMS 0x00000000c5300000, 0x00000000c5200000| Complete 
|  83|0x00000000c5300000, 0x00000000c5400000, 0x00000000c5400000|100%| O|  |TAMS 0x00000000c5400000, 0x00000000c5300000| Complete 
|  84|0x00000000c5400000, 0x00000000c5500000, 0x00000000c5500000|100%| O|  |TAMS 0x00000000c5500000, 0x00000000c5400000| Complete 
|  85|0x00000000c5500000, 0x00000000c5600000, 0x00000000c5600000|100%| O|  |TAMS 0x00000000c5600000, 0x00000000c5500000| Complete 
|  86|0x00000000c5600000, 0x00000000c5700000, 0x00000000c5700000|100%| O|  |TAMS 0x00000000c5700000, 0x00000000c5600000| Complete 
|  87|0x00000000c5700000, 0x00000000c5800000, 0x00000000c5800000|100%| O|  |TAMS 0x00000000c5800000, 0x00000000c5700000| Complete 
|  88|0x00000000c5800000, 0x00000000c5900000, 0x00000000c5900000|100%| O|  |TAMS 0x00000000c5900000, 0x00000000c5800000| Complete 
|  89|0x00000000c5900000, 0x00000000c5a00000, 0x00000000c5a00000|100%| O|  |TAMS 0x00000000c5a00000, 0x00000000c5900000| Complete 
|  90|0x00000000c5a00000, 0x00000000c5b00000, 0x00000000c5b00000|100%| O|  |TAMS 0x00000000c5b00000, 0x00000000c5a00000| Complete 
|  91|0x00000000c5b00000, 0x00000000c5c00000, 0x00000000c5c00000|100%| O|  |TAMS 0x00000000c5c00000, 0x00000000c5b00000| Complete 
|  92|0x00000000c5c00000, 0x00000000c5d00000, 0x00000000c5d00000|100%| O|  |TAMS 0x00000000c5d00000, 0x00000000c5c00000| Complete 
|  93|0x00000000c5d00000, 0x00000000c5e00000, 0x00000000c5e00000|100%| O|  |TAMS 0x00000000c5e00000, 0x00000000c5d00000| Complete 
|  94|0x00000000c5e00000, 0x00000000c5f00000, 0x00000000c5f00000|100%| O|  |TAMS 0x00000000c5f00000, 0x00000000c5e00000| Untracked 
|  95|0x00000000c5f00000, 0x00000000c6000000, 0x00000000c6000000|100%|HS|  |TAMS 0x00000000c6000000, 0x00000000c5f00000| Complete 
|  96|0x00000000c6000000, 0x00000000c6100000, 0x00000000c6100000|100%| O|  |TAMS 0x00000000c6100000, 0x00000000c6000000| Complete 
|  97|0x00000000c6100000, 0x00000000c6200000, 0x00000000c6200000|100%| O|  |TAMS 0x00000000c6200000, 0x00000000c6100000| Complete 
|  98|0x00000000c6200000, 0x00000000c6300000, 0x00000000c6300000|100%| O|  |TAMS 0x00000000c6300000, 0x00000000c6200000| Complete 
|  99|0x00000000c6300000, 0x00000000c6400000, 0x00000000c6400000|100%|HS|  |TAMS 0x00000000c6300000, 0x00000000c6300000| Complete 
| 100|0x00000000c6400000, 0x00000000c6500000, 0x00000000c6500000|100%| O|  |TAMS 0x00000000c6500000, 0x00000000c6400000| Complete 
| 101|0x00000000c6500000, 0x00000000c6600000, 0x00000000c6600000|100%|HS|  |TAMS 0x00000000c6600000, 0x00000000c6500000| Complete 
| 102|0x00000000c6600000, 0x00000000c6700000, 0x00000000c6700000|100%| O|  |TAMS 0x00000000c6700000, 0x00000000c6600000| Untracked 
| 103|0x00000000c6700000, 0x00000000c6800000, 0x00000000c6800000|100%| O|  |TAMS 0x00000000c6800000, 0x00000000c6700000| Complete 
| 104|0x00000000c6800000, 0x00000000c6900000, 0x00000000c6900000|100%| O|  |TAMS 0x00000000c6900000, 0x00000000c6800000| Complete 
| 105|0x00000000c6900000, 0x00000000c6a00000, 0x00000000c6a00000|100%| O|  |TAMS 0x00000000c6a00000, 0x00000000c6900000| Complete 
| 106|0x00000000c6a00000, 0x00000000c6b00000, 0x00000000c6b00000|100%| O|  |TAMS 0x00000000c6b00000, 0x00000000c6a00000| Untracked 
| 107|0x00000000c6b00000, 0x00000000c6c00000, 0x00000000c6c00000|100%| O|  |TAMS 0x00000000c6c00000, 0x00000000c6b00000| Complete 
| 108|0x00000000c6c00000, 0x00000000c6d00000, 0x00000000c6d00000|100%|HS|  |TAMS 0x00000000c6d00000, 0x00000000c6c00000| Complete 
| 109|0x00000000c6d00000, 0x00000000c6e00000, 0x00000000c6e00000|100%| O|  |TAMS 0x00000000c6d27200, 0x00000000c6d00000| Untracked 
| 110|0x00000000c6e00000, 0x00000000c6f00000, 0x00000000c6f00000|100%| O|  |TAMS 0x00000000c6f00000, 0x00000000c6e00000| Untracked 
| 111|0x00000000c6f00000, 0x00000000c7000000, 0x00000000c7000000|100%| O|  |TAMS 0x00000000c7000000, 0x00000000c6f00000| Untracked 
| 112|0x00000000c7000000, 0x00000000c7100000, 0x00000000c7100000|100%| O|  |TAMS 0x00000000c7100000, 0x00000000c7000000| Complete 
| 113|0x00000000c7100000, 0x00000000c7200000, 0x00000000c7200000|100%| O|  |TAMS 0x00000000c7200000, 0x00000000c7100000| Untracked 
| 114|0x00000000c7200000, 0x00000000c7300000, 0x00000000c7300000|100%| O|  |TAMS 0x00000000c7300000, 0x00000000c7200000| Complete 
| 115|0x00000000c7300000, 0x00000000c7400000, 0x00000000c7400000|100%|HS|  |TAMS 0x00000000c7400000, 0x00000000c7300000| Complete 
| 116|0x00000000c7400000, 0x00000000c7500000, 0x00000000c7500000|100%|HS|  |TAMS 0x00000000c7500000, 0x00000000c7400000| Complete 
| 117|0x00000000c7500000, 0x00000000c7600000, 0x00000000c7600000|100%| O|  |TAMS 0x00000000c7600000, 0x00000000c7500000| Complete 
| 118|0x00000000c7600000, 0x00000000c7700000, 0x00000000c7700000|100%|HS|  |TAMS 0x00000000c7600000, 0x00000000c7600000| Complete 
| 119|0x00000000c7700000, 0x00000000c7800000, 0x00000000c7800000|100%| O|  |TAMS 0x00000000c7800000, 0x00000000c7700000| Complete 
| 120|0x00000000c7800000, 0x00000000c7900000, 0x00000000c7900000|100%|HS|  |TAMS 0x00000000c7900000, 0x00000000c7800000| Complete 
| 121|0x00000000c7900000, 0x00000000c7a00000, 0x00000000c7a00000|100%| O|  |TAMS 0x00000000c7a00000, 0x00000000c7900000| Untracked 
| 122|0x00000000c7a00000, 0x00000000c7b00000, 0x00000000c7b00000|100%| O|  |TAMS 0x00000000c7b00000, 0x00000000c7a00000| Complete 
| 123|0x00000000c7b00000, 0x00000000c7c00000, 0x00000000c7c00000|100%| O|  |TAMS 0x00000000c7c00000, 0x00000000c7b00000| Complete 
| 124|0x00000000c7c00000, 0x00000000c7d00000, 0x00000000c7d00000|100%| O|  |TAMS 0x00000000c7d00000, 0x00000000c7c00000| Untracked 
| 125|0x00000000c7d00000, 0x00000000c7e00000, 0x00000000c7e00000|100%| O|  |TAMS 0x00000000c7e00000, 0x00000000c7d00000| Untracked 
| 126|0x00000000c7e00000, 0x00000000c7f00000, 0x00000000c7f00000|100%| O|  |TAMS 0x00000000c7f00000, 0x00000000c7e00000| Untracked 
| 127|0x00000000c7f00000, 0x00000000c8000000, 0x00000000c8000000|100%| O|  |TAMS 0x00000000c8000000, 0x00000000c7f00000| Untracked 
| 128|0x00000000c8000000, 0x00000000c8100000, 0x00000000c8100000|100%|HS|  |TAMS 0x00000000c8000000, 0x00000000c8000000| Complete 
| 129|0x00000000c8100000, 0x00000000c8200000, 0x00000000c8200000|100%|HS|  |TAMS 0x00000000c8100000, 0x00000000c8100000| Complete 
| 130|0x00000000c8200000, 0x00000000c8300000, 0x00000000c8300000|100%|HS|  |TAMS 0x00000000c8300000, 0x00000000c8200000| Complete 
| 131|0x00000000c8300000, 0x00000000c8400000, 0x00000000c8400000|100%|HS|  |TAMS 0x00000000c8400000, 0x00000000c8300000| Complete 
| 132|0x00000000c8400000, 0x00000000c8500000, 0x00000000c8500000|100%|HC|  |TAMS 0x00000000c8500000, 0x00000000c8400000| Complete 
| 133|0x00000000c8500000, 0x00000000c8600000, 0x00000000c8600000|100%|HC|  |TAMS 0x00000000c8600000, 0x00000000c8500000| Complete 
| 134|0x00000000c8600000, 0x00000000c8700000, 0x00000000c8700000|100%|HC|  |TAMS 0x00000000c8700000, 0x00000000c8600000| Complete 
| 135|0x00000000c8700000, 0x00000000c8800000, 0x00000000c8800000|100%|HC|  |TAMS 0x00000000c8800000, 0x00000000c8700000| Complete 
| 136|0x00000000c8800000, 0x00000000c8900000, 0x00000000c8900000|100%|HC|  |TAMS 0x00000000c8900000, 0x00000000c8800000| Complete 
| 137|0x00000000c8900000, 0x00000000c8a00000, 0x00000000c8a00000|100%|HC|  |TAMS 0x00000000c8a00000, 0x00000000c8900000| Complete 
| 138|0x00000000c8a00000, 0x00000000c8b00000, 0x00000000c8b00000|100%|HC|  |TAMS 0x00000000c8b00000, 0x00000000c8a00000| Complete 
| 139|0x00000000c8b00000, 0x00000000c8c00000, 0x00000000c8c00000|100%|HS|  |TAMS 0x00000000c8c00000, 0x00000000c8b00000| Complete 
| 140|0x00000000c8c00000, 0x00000000c8d00000, 0x00000000c8d00000|100%| O|  |TAMS 0x00000000c8d00000, 0x00000000c8c00000| Untracked 
| 141|0x00000000c8d00000, 0x00000000c8e00000, 0x00000000c8e00000|100%|HS|  |TAMS 0x00000000c8d00000, 0x00000000c8d00000| Complete 
| 142|0x00000000c8e00000, 0x00000000c8f00000, 0x00000000c8f00000|100%|HS|  |TAMS 0x00000000c8e00000, 0x00000000c8e00000| Complete 
| 143|0x00000000c8f00000, 0x00000000c9000000, 0x00000000c9000000|100%| O|  |TAMS 0x00000000c9000000, 0x00000000c8f00000| Complete 
| 144|0x00000000c9000000, 0x00000000c9100000, 0x00000000c9100000|100%| O|  |TAMS 0x00000000c9100000, 0x00000000c9000000| Untracked 
| 145|0x00000000c9100000, 0x00000000c9200000, 0x00000000c9200000|100%| O|  |TAMS 0x00000000c9200000, 0x00000000c9100000| Untracked 
| 146|0x00000000c9200000, 0x00000000c9300000, 0x00000000c9300000|100%| O|  |TAMS 0x00000000c9300000, 0x00000000c9200000| Complete 
| 147|0x00000000c9300000, 0x00000000c9400000, 0x00000000c9400000|100%| O|  |TAMS 0x00000000c9400000, 0x00000000c9300000| Complete 
| 148|0x00000000c9400000, 0x00000000c9500000, 0x00000000c9500000|100%|HS|  |TAMS 0x00000000c9500000, 0x00000000c9400000| Complete 
| 149|0x00000000c9500000, 0x00000000c9600000, 0x00000000c9600000|100%| O|  |TAMS 0x00000000c9600000, 0x00000000c9500000| Complete 
| 150|0x00000000c9600000, 0x00000000c9700000, 0x00000000c9700000|100%| O|  |TAMS 0x00000000c9700000, 0x00000000c9600000| Complete 
| 151|0x00000000c9700000, 0x00000000c9800000, 0x00000000c9800000|100%| O|  |TAMS 0x00000000c9800000, 0x00000000c9700000| Complete 
| 152|0x00000000c9800000, 0x00000000c9900000, 0x00000000c9900000|100%| O|  |TAMS 0x00000000c9900000, 0x00000000c9800000| Untracked 
| 153|0x00000000c9900000, 0x00000000c9a00000, 0x00000000c9a00000|100%| O|  |TAMS 0x00000000c9a00000, 0x00000000c9900000| Complete 
| 154|0x00000000c9a00000, 0x00000000c9b00000, 0x00000000c9b00000|100%| O|  |TAMS 0x00000000c9b00000, 0x00000000c9a00000| Complete 
| 155|0x00000000c9b00000, 0x00000000c9c00000, 0x00000000c9c00000|100%|HS|  |TAMS 0x00000000c9c00000, 0x00000000c9b00000| Complete 
| 156|0x00000000c9c00000, 0x00000000c9d00000, 0x00000000c9d00000|100%| O|  |TAMS 0x00000000c9d00000, 0x00000000c9c00000| Untracked 
| 157|0x00000000c9d00000, 0x00000000c9e00000, 0x00000000c9e00000|100%| O|  |TAMS 0x00000000c9e00000, 0x00000000c9d00000| Complete 
| 158|0x00000000c9e00000, 0x00000000c9f00000, 0x00000000c9f00000|100%| O|  |TAMS 0x00000000c9f00000, 0x00000000c9e00000| Complete 
| 159|0x00000000c9f00000, 0x00000000ca000000, 0x00000000ca000000|100%|HS|  |TAMS 0x00000000ca000000, 0x00000000c9f00000| Complete 
| 160|0x00000000ca000000, 0x00000000ca100000, 0x00000000ca100000|100%|HC|  |TAMS 0x00000000ca100000, 0x00000000ca000000| Complete 
| 161|0x00000000ca100000, 0x00000000ca200000, 0x00000000ca200000|100%|HC|  |TAMS 0x00000000ca200000, 0x00000000ca100000| Complete 
| 162|0x00000000ca200000, 0x00000000ca300000, 0x00000000ca300000|100%|HC|  |TAMS 0x00000000ca300000, 0x00000000ca200000| Complete 
| 163|0x00000000ca300000, 0x00000000ca400000, 0x00000000ca400000|100%|HC|  |TAMS 0x00000000ca400000, 0x00000000ca300000| Complete 
| 164|0x00000000ca400000, 0x00000000ca500000, 0x00000000ca500000|100%|HC|  |TAMS 0x00000000ca500000, 0x00000000ca400000| Complete 
| 165|0x00000000ca500000, 0x00000000ca600000, 0x00000000ca600000|100%|HC|  |TAMS 0x00000000ca600000, 0x00000000ca500000| Complete 
| 166|0x00000000ca600000, 0x00000000ca700000, 0x00000000ca700000|100%|HC|  |TAMS 0x00000000ca700000, 0x00000000ca600000| Complete 
| 167|0x00000000ca700000, 0x00000000ca800000, 0x00000000ca800000|100%|HC|  |TAMS 0x00000000ca800000, 0x00000000ca700000| Complete 
| 168|0x00000000ca800000, 0x00000000ca900000, 0x00000000ca900000|100%|HS|  |TAMS 0x00000000ca900000, 0x00000000ca800000| Untracked 
| 169|0x00000000ca900000, 0x00000000caa00000, 0x00000000caa00000|100%|HC|  |TAMS 0x00000000caa00000, 0x00000000ca900000| Untracked 
| 170|0x00000000caa00000, 0x00000000cab00000, 0x00000000cab00000|100%|HC|  |TAMS 0x00000000cab00000, 0x00000000caa00000| Untracked 
| 171|0x00000000cab00000, 0x00000000cac00000, 0x00000000cac00000|100%|HC|  |TAMS 0x00000000cac00000, 0x00000000cab00000| Untracked 
| 172|0x00000000cac00000, 0x00000000cad00000, 0x00000000cad00000|100%|HC|  |TAMS 0x00000000cad00000, 0x00000000cac00000| Untracked 
| 173|0x00000000cad00000, 0x00000000cae00000, 0x00000000cae00000|100%| O|  |TAMS 0x00000000cae00000, 0x00000000cad00000| Untracked 
| 174|0x00000000cae00000, 0x00000000caf00000, 0x00000000caf00000|100%| O|  |TAMS 0x00000000caf00000, 0x00000000cae00000| Untracked 
| 175|0x00000000caf00000, 0x00000000cb000000, 0x00000000cb000000|100%| O|  |TAMS 0x00000000cb000000, 0x00000000caf00000| Complete 
| 176|0x00000000cb000000, 0x00000000cb100000, 0x00000000cb100000|100%|HS|  |TAMS 0x00000000cb100000, 0x00000000cb000000| Untracked 
| 177|0x00000000cb100000, 0x00000000cb200000, 0x00000000cb200000|100%|HC|  |TAMS 0x00000000cb200000, 0x00000000cb100000| Untracked 
| 178|0x00000000cb200000, 0x00000000cb300000, 0x00000000cb300000|100%|HC|  |TAMS 0x00000000cb300000, 0x00000000cb200000| Untracked 
| 179|0x00000000cb300000, 0x00000000cb400000, 0x00000000cb400000|100%|HC|  |TAMS 0x00000000cb400000, 0x00000000cb300000| Untracked 
| 180|0x00000000cb400000, 0x00000000cb500000, 0x00000000cb500000|100%|HC|  |TAMS 0x00000000cb500000, 0x00000000cb400000| Untracked 
| 181|0x00000000cb500000, 0x00000000cb600000, 0x00000000cb600000|100%|HC|  |TAMS 0x00000000cb600000, 0x00000000cb500000| Untracked 
| 182|0x00000000cb600000, 0x00000000cb700000, 0x00000000cb700000|100%|HC|  |TAMS 0x00000000cb700000, 0x00000000cb600000| Untracked 
| 183|0x00000000cb700000, 0x00000000cb800000, 0x00000000cb800000|100%|HC|  |TAMS 0x00000000cb800000, 0x00000000cb700000| Untracked 
| 184|0x00000000cb800000, 0x00000000cb900000, 0x00000000cb900000|100%|HC|  |TAMS 0x00000000cb900000, 0x00000000cb800000| Untracked 
| 185|0x00000000cb900000, 0x00000000cba00000, 0x00000000cba00000|100%| O|  |TAMS 0x00000000cba00000, 0x00000000cb900000| Complete 
| 186|0x00000000cba00000, 0x00000000cbb00000, 0x00000000cbb00000|100%|HS|  |TAMS 0x00000000cbb00000, 0x00000000cba00000| Complete 
| 187|0x00000000cbb00000, 0x00000000cbc00000, 0x00000000cbc00000|100%|HC|  |TAMS 0x00000000cbc00000, 0x00000000cbb00000| Complete 
| 188|0x00000000cbc00000, 0x00000000cbd00000, 0x00000000cbd00000|100%|HC|  |TAMS 0x00000000cbd00000, 0x00000000cbc00000| Complete 
| 189|0x00000000cbd00000, 0x00000000cbe00000, 0x00000000cbe00000|100%|HC|  |TAMS 0x00000000cbe00000, 0x00000000cbd00000| Complete 
| 190|0x00000000cbe00000, 0x00000000cbf00000, 0x00000000cbf00000|100%|HC|  |TAMS 0x00000000cbf00000, 0x00000000cbe00000| Complete 
| 191|0x00000000cbf00000, 0x00000000cc000000, 0x00000000cc000000|100%|HC|  |TAMS 0x00000000cc000000, 0x00000000cbf00000| Complete 
| 192|0x00000000cc000000, 0x00000000cc100000, 0x00000000cc100000|100%|HC|  |TAMS 0x00000000cc100000, 0x00000000cc000000| Complete 
| 193|0x00000000cc100000, 0x00000000cc200000, 0x00000000cc200000|100%|HC|  |TAMS 0x00000000cc200000, 0x00000000cc100000| Complete 
| 194|0x00000000cc200000, 0x00000000cc300000, 0x00000000cc300000|100%|HC|  |TAMS 0x00000000cc300000, 0x00000000cc200000| Complete 
| 195|0x00000000cc300000, 0x00000000cc400000, 0x00000000cc400000|100%|HS|  |TAMS 0x00000000cc400000, 0x00000000cc300000| Complete 
| 196|0x00000000cc400000, 0x00000000cc500000, 0x00000000cc500000|100%|HC|  |TAMS 0x00000000cc500000, 0x00000000cc400000| Complete 
| 197|0x00000000cc500000, 0x00000000cc600000, 0x00000000cc600000|100%|HC|  |TAMS 0x00000000cc600000, 0x00000000cc500000| Complete 
| 198|0x00000000cc600000, 0x00000000cc700000, 0x00000000cc700000|100%|HC|  |TAMS 0x00000000cc700000, 0x00000000cc600000| Complete 
| 199|0x00000000cc700000, 0x00000000cc800000, 0x00000000cc800000|100%|HC|  |TAMS 0x00000000cc800000, 0x00000000cc700000| Complete 
| 200|0x00000000cc800000, 0x00000000cc900000, 0x00000000cc900000|100%|HC|  |TAMS 0x00000000cc900000, 0x00000000cc800000| Complete 
| 201|0x00000000cc900000, 0x00000000cca00000, 0x00000000cca00000|100%|HC|  |TAMS 0x00000000cca00000, 0x00000000cc900000| Complete 
| 202|0x00000000cca00000, 0x00000000ccb00000, 0x00000000ccb00000|100%|HC|  |TAMS 0x00000000ccb00000, 0x00000000cca00000| Complete 
| 203|0x00000000ccb00000, 0x00000000ccc00000, 0x00000000ccc00000|100%|HC|  |TAMS 0x00000000ccc00000, 0x00000000ccb00000| Complete 
| 204|0x00000000ccc00000, 0x00000000ccd00000, 0x00000000ccd00000|100%|HS|  |TAMS 0x00000000ccd00000, 0x00000000ccc00000| Untracked 
| 205|0x00000000ccd00000, 0x00000000cce00000, 0x00000000cce00000|100%|HC|  |TAMS 0x00000000cce00000, 0x00000000ccd00000| Untracked 
| 206|0x00000000cce00000, 0x00000000ccf00000, 0x00000000ccf00000|100%|HC|  |TAMS 0x00000000ccf00000, 0x00000000cce00000| Untracked 
| 207|0x00000000ccf00000, 0x00000000cd000000, 0x00000000cd000000|100%|HC|  |TAMS 0x00000000cd000000, 0x00000000ccf00000| Untracked 
| 208|0x00000000cd000000, 0x00000000cd100000, 0x00000000cd100000|100%|HC|  |TAMS 0x00000000cd100000, 0x00000000cd000000| Untracked 
| 209|0x00000000cd100000, 0x00000000cd200000, 0x00000000cd200000|100%|HC|  |TAMS 0x00000000cd200000, 0x00000000cd100000| Untracked 
| 210|0x00000000cd200000, 0x00000000cd300000, 0x00000000cd300000|100%|HC|  |TAMS 0x00000000cd300000, 0x00000000cd200000| Untracked 
| 211|0x00000000cd300000, 0x00000000cd400000, 0x00000000cd400000|100%|HC|  |TAMS 0x00000000cd400000, 0x00000000cd300000| Untracked 
| 212|0x00000000cd400000, 0x00000000cd500000, 0x00000000cd500000|100%|HC|  |TAMS 0x00000000cd500000, 0x00000000cd400000| Untracked 
| 213|0x00000000cd500000, 0x00000000cd600000, 0x00000000cd600000|100%|HS|  |TAMS 0x00000000cd600000, 0x00000000cd500000| Untracked 
| 214|0x00000000cd600000, 0x00000000cd700000, 0x00000000cd700000|100%|HC|  |TAMS 0x00000000cd700000, 0x00000000cd600000| Untracked 
| 215|0x00000000cd700000, 0x00000000cd800000, 0x00000000cd800000|100%|HC|  |TAMS 0x00000000cd800000, 0x00000000cd700000| Untracked 
| 216|0x00000000cd800000, 0x00000000cd900000, 0x00000000cd900000|100%|HC|  |TAMS 0x00000000cd900000, 0x00000000cd800000| Untracked 
| 217|0x00000000cd900000, 0x00000000cda00000, 0x00000000cda00000|100%|HC|  |TAMS 0x00000000cda00000, 0x00000000cd900000| Untracked 
| 218|0x00000000cda00000, 0x00000000cdb00000, 0x00000000cdb00000|100%| O|  |TAMS 0x00000000cdb00000, 0x00000000cda00000| Untracked 
| 219|0x00000000cdb00000, 0x00000000cdc00000, 0x00000000cdc00000|100%| O|  |TAMS 0x00000000cdc00000, 0x00000000cdb00000| Untracked 
| 220|0x00000000cdc00000, 0x00000000cdd00000, 0x00000000cdd00000|100%| O|  |TAMS 0x00000000cdd00000, 0x00000000cdc00000| Complete 
| 221|0x00000000cdd00000, 0x00000000cde00000, 0x00000000cde00000|100%|HS|  |TAMS 0x00000000cde00000, 0x00000000cdd00000| Untracked 
| 222|0x00000000cde00000, 0x00000000cdf00000, 0x00000000cdf00000|100%|HC|  |TAMS 0x00000000cdf00000, 0x00000000cde00000| Untracked 
| 223|0x00000000cdf00000, 0x00000000ce000000, 0x00000000ce000000|100%|HC|  |TAMS 0x00000000ce000000, 0x00000000cdf00000| Untracked 
| 224|0x00000000ce000000, 0x00000000ce100000, 0x00000000ce100000|100%|HC|  |TAMS 0x00000000ce100000, 0x00000000ce000000| Untracked 
| 225|0x00000000ce100000, 0x00000000ce200000, 0x00000000ce200000|100%|HC|  |TAMS 0x00000000ce200000, 0x00000000ce100000| Untracked 
| 226|0x00000000ce200000, 0x00000000ce300000, 0x00000000ce300000|100%|HC|  |TAMS 0x00000000ce300000, 0x00000000ce200000| Untracked 
| 227|0x00000000ce300000, 0x00000000ce400000, 0x00000000ce400000|100%|HC|  |TAMS 0x00000000ce400000, 0x00000000ce300000| Untracked 
| 228|0x00000000ce400000, 0x00000000ce500000, 0x00000000ce500000|100%|HC|  |TAMS 0x00000000ce500000, 0x00000000ce400000| Untracked 
| 229|0x00000000ce500000, 0x00000000ce600000, 0x00000000ce600000|100%|HC|  |TAMS 0x00000000ce600000, 0x00000000ce500000| Untracked 
| 230|0x00000000ce600000, 0x00000000ce700000, 0x00000000ce700000|100%|HS|  |TAMS 0x00000000ce700000, 0x00000000ce600000| Untracked 
| 231|0x00000000ce700000, 0x00000000ce800000, 0x00000000ce800000|100%|HC|  |TAMS 0x00000000ce800000, 0x00000000ce700000| Untracked 
| 232|0x00000000ce800000, 0x00000000ce900000, 0x00000000ce900000|100%|HC|  |TAMS 0x00000000ce900000, 0x00000000ce800000| Untracked 
| 233|0x00000000ce900000, 0x00000000cea00000, 0x00000000cea00000|100%|HC|  |TAMS 0x00000000cea00000, 0x00000000ce900000| Untracked 
| 234|0x00000000cea00000, 0x00000000ceb00000, 0x00000000ceb00000|100%|HC|  |TAMS 0x00000000ceb00000, 0x00000000cea00000| Untracked 
| 235|0x00000000ceb00000, 0x00000000cec00000, 0x00000000cec00000|100%|HS|  |TAMS 0x00000000cec00000, 0x00000000ceb00000| Complete 
| 236|0x00000000cec00000, 0x00000000ced00000, 0x00000000ced00000|100%|HC|  |TAMS 0x00000000ced00000, 0x00000000cec00000| Complete 
| 237|0x00000000ced00000, 0x00000000cee00000, 0x00000000cee00000|100%|HC|  |TAMS 0x00000000cee00000, 0x00000000ced00000| Complete 
| 238|0x00000000cee00000, 0x00000000cef00000, 0x00000000cef00000|100%|HC|  |TAMS 0x00000000cef00000, 0x00000000cee00000| Complete 
| 239|0x00000000cef00000, 0x00000000cf000000, 0x00000000cf000000|100%|HC|  |TAMS 0x00000000cf000000, 0x00000000cef00000| Complete 
| 240|0x00000000cf000000, 0x00000000cf100000, 0x00000000cf100000|100%|HC|  |TAMS 0x00000000cf100000, 0x00000000cf000000| Complete 
| 241|0x00000000cf100000, 0x00000000cf200000, 0x00000000cf200000|100%|HC|  |TAMS 0x00000000cf200000, 0x00000000cf100000| Complete 
| 242|0x00000000cf200000, 0x00000000cf300000, 0x00000000cf300000|100%|HC|  |TAMS 0x00000000cf300000, 0x00000000cf200000| Complete 
| 243|0x00000000cf300000, 0x00000000cf400000, 0x00000000cf400000|100%|HC|  |TAMS 0x00000000cf400000, 0x00000000cf300000| Complete 
| 244|0x00000000cf400000, 0x00000000cf500000, 0x00000000cf500000|100%|HS|  |TAMS 0x00000000cf500000, 0x00000000cf400000| Untracked 
| 245|0x00000000cf500000, 0x00000000cf600000, 0x00000000cf600000|100%|HC|  |TAMS 0x00000000cf600000, 0x00000000cf500000| Untracked 
| 246|0x00000000cf600000, 0x00000000cf700000, 0x00000000cf700000|100%|HC|  |TAMS 0x00000000cf700000, 0x00000000cf600000| Untracked 
| 247|0x00000000cf700000, 0x00000000cf800000, 0x00000000cf800000|100%|HC|  |TAMS 0x00000000cf800000, 0x00000000cf700000| Untracked 
| 248|0x00000000cf800000, 0x00000000cf900000, 0x00000000cf900000|100%|HC|  |TAMS 0x00000000cf900000, 0x00000000cf800000| Untracked 
| 249|0x00000000cf900000, 0x00000000cfa00000, 0x00000000cfa00000|100%|HS|  |TAMS 0x00000000cf900000, 0x00000000cf900000| Complete 
| 250|0x00000000cfa00000, 0x00000000cfb00000, 0x00000000cfb00000|100%|HS|  |TAMS 0x00000000cfb00000, 0x00000000cfa00000| Untracked 
| 251|0x00000000cfb00000, 0x00000000cfc00000, 0x00000000cfc00000|100%|HC|  |TAMS 0x00000000cfc00000, 0x00000000cfb00000| Untracked 
| 252|0x00000000cfc00000, 0x00000000cfd00000, 0x00000000cfd00000|100%|HC|  |TAMS 0x00000000cfd00000, 0x00000000cfc00000| Untracked 
| 253|0x00000000cfd00000, 0x00000000cfe00000, 0x00000000cfe00000|100%|HC|  |TAMS 0x00000000cfe00000, 0x00000000cfd00000| Untracked 
| 254|0x00000000cfe00000, 0x00000000cff00000, 0x00000000cff00000|100%|HC|  |TAMS 0x00000000cff00000, 0x00000000cfe00000| Untracked 
| 255|0x00000000cff00000, 0x00000000d0000000, 0x00000000d0000000|100%|HC|  |TAMS 0x00000000d0000000, 0x00000000cff00000| Untracked 
| 256|0x00000000d0000000, 0x00000000d0100000, 0x00000000d0100000|100%|HC|  |TAMS 0x00000000d0100000, 0x00000000d0000000| Untracked 
| 257|0x00000000d0100000, 0x00000000d0200000, 0x00000000d0200000|100%|HC|  |TAMS 0x00000000d0200000, 0x00000000d0100000| Untracked 
| 258|0x00000000d0200000, 0x00000000d0300000, 0x00000000d0300000|100%|HC|  |TAMS 0x00000000d0300000, 0x00000000d0200000| Untracked 
| 259|0x00000000d0300000, 0x00000000d0400000, 0x00000000d0400000|100%|HS|  |TAMS 0x00000000d0400000, 0x00000000d0300000| Complete 
| 260|0x00000000d0400000, 0x00000000d0500000, 0x00000000d0500000|100%|HC|  |TAMS 0x00000000d0500000, 0x00000000d0400000| Complete 
| 261|0x00000000d0500000, 0x00000000d0600000, 0x00000000d0600000|100%|HC|  |TAMS 0x00000000d0600000, 0x00000000d0500000| Complete 
| 262|0x00000000d0600000, 0x00000000d0700000, 0x00000000d0700000|100%|HC|  |TAMS 0x00000000d0700000, 0x00000000d0600000| Complete 
| 263|0x00000000d0700000, 0x00000000d0800000, 0x00000000d0800000|100%|HC|  |TAMS 0x00000000d0800000, 0x00000000d0700000| Complete 
| 264|0x00000000d0800000, 0x00000000d0900000, 0x00000000d0900000|100%|HC|  |TAMS 0x00000000d0900000, 0x00000000d0800000| Complete 
| 265|0x00000000d0900000, 0x00000000d0a00000, 0x00000000d0a00000|100%|HC|  |TAMS 0x00000000d0a00000, 0x00000000d0900000| Complete 
| 266|0x00000000d0a00000, 0x00000000d0b00000, 0x00000000d0b00000|100%|HC|  |TAMS 0x00000000d0b00000, 0x00000000d0a00000| Complete 
| 267|0x00000000d0b00000, 0x00000000d0c00000, 0x00000000d0c00000|100%|HS|  |TAMS 0x00000000d0c00000, 0x00000000d0b00000| Complete 
| 268|0x00000000d0c00000, 0x00000000d0d00000, 0x00000000d0d00000|100%|HC|  |TAMS 0x00000000d0d00000, 0x00000000d0c00000| Complete 
| 269|0x00000000d0d00000, 0x00000000d0e00000, 0x00000000d0e00000|100%|HC|  |TAMS 0x00000000d0e00000, 0x00000000d0d00000| Complete 
| 270|0x00000000d0e00000, 0x00000000d0f00000, 0x00000000d0f00000|100%|HC|  |TAMS 0x00000000d0f00000, 0x00000000d0e00000| Complete 
| 271|0x00000000d0f00000, 0x00000000d1000000, 0x00000000d1000000|100%|HC|  |TAMS 0x00000000d1000000, 0x00000000d0f00000| Complete 
| 272|0x00000000d1000000, 0x00000000d1100000, 0x00000000d1100000|100%|HC|  |TAMS 0x00000000d1100000, 0x00000000d1000000| Complete 
| 273|0x00000000d1100000, 0x00000000d1200000, 0x00000000d1200000|100%|HC|  |TAMS 0x00000000d1200000, 0x00000000d1100000| Complete 
| 274|0x00000000d1200000, 0x00000000d1300000, 0x00000000d1300000|100%|HC|  |TAMS 0x00000000d1300000, 0x00000000d1200000| Complete 
| 275|0x00000000d1300000, 0x00000000d1400000, 0x00000000d1400000|100%|HS|  |TAMS 0x00000000d1400000, 0x00000000d1300000| Complete 
| 276|0x00000000d1400000, 0x00000000d1500000, 0x00000000d1500000|100%|HC|  |TAMS 0x00000000d1500000, 0x00000000d1400000| Complete 
| 277|0x00000000d1500000, 0x00000000d1600000, 0x00000000d1600000|100%|HC|  |TAMS 0x00000000d1600000, 0x00000000d1500000| Complete 
| 278|0x00000000d1600000, 0x00000000d1700000, 0x00000000d1700000|100%|HC|  |TAMS 0x00000000d1700000, 0x00000000d1600000| Complete 
| 279|0x00000000d1700000, 0x00000000d1800000, 0x00000000d1800000|100%|HC|  |TAMS 0x00000000d1800000, 0x00000000d1700000| Complete 
| 280|0x00000000d1800000, 0x00000000d1900000, 0x00000000d1900000|100%|HC|  |TAMS 0x00000000d1900000, 0x00000000d1800000| Complete 
| 281|0x00000000d1900000, 0x00000000d1a00000, 0x00000000d1a00000|100%|HC|  |TAMS 0x00000000d1a00000, 0x00000000d1900000| Complete 
| 282|0x00000000d1a00000, 0x00000000d1b00000, 0x00000000d1b00000|100%|HC|  |TAMS 0x00000000d1b00000, 0x00000000d1a00000| Complete 
| 283|0x00000000d1b00000, 0x00000000d1c00000, 0x00000000d1c00000|100%| O|  |TAMS 0x00000000d1c00000, 0x00000000d1b00000| Untracked 
| 284|0x00000000d1c00000, 0x00000000d1d00000, 0x00000000d1d00000|100%| O|  |TAMS 0x00000000d1d00000, 0x00000000d1c00000| Untracked 
| 285|0x00000000d1d00000, 0x00000000d1e00000, 0x00000000d1e00000|100%|HS|  |TAMS 0x00000000d1d00000, 0x00000000d1d00000| Complete 
| 286|0x00000000d1e00000, 0x00000000d1f00000, 0x00000000d1f00000|100%|HS|  |TAMS 0x00000000d1f00000, 0x00000000d1e00000| Complete 
| 287|0x00000000d1f00000, 0x00000000d2000000, 0x00000000d2000000|100%|HC|  |TAMS 0x00000000d2000000, 0x00000000d1f00000| Complete 
| 288|0x00000000d2000000, 0x00000000d2100000, 0x00000000d2100000|100%|HC|  |TAMS 0x00000000d2100000, 0x00000000d2000000| Complete 
| 289|0x00000000d2100000, 0x00000000d2200000, 0x00000000d2200000|100%|HC|  |TAMS 0x00000000d2200000, 0x00000000d2100000| Complete 
| 290|0x00000000d2200000, 0x00000000d2300000, 0x00000000d2300000|100%|HC|  |TAMS 0x00000000d2300000, 0x00000000d2200000| Complete 
| 291|0x00000000d2300000, 0x00000000d2400000, 0x00000000d2400000|100%|HC|  |TAMS 0x00000000d2400000, 0x00000000d2300000| Complete 
| 292|0x00000000d2400000, 0x00000000d2500000, 0x00000000d2500000|100%|HC|  |TAMS 0x00000000d2500000, 0x00000000d2400000| Complete 
| 293|0x00000000d2500000, 0x00000000d2600000, 0x00000000d2600000|100%|HC|  |TAMS 0x00000000d2600000, 0x00000000d2500000| Complete 
| 294|0x00000000d2600000, 0x00000000d2700000, 0x00000000d2700000|100%|HS|  |TAMS 0x00000000d2700000, 0x00000000d2600000| Complete 
| 295|0x00000000d2700000, 0x00000000d2800000, 0x00000000d2800000|100%|HS|  |TAMS 0x00000000d2800000, 0x00000000d2700000| Complete 
| 296|0x00000000d2800000, 0x00000000d2900000, 0x00000000d2900000|100%|HC|  |TAMS 0x00000000d2900000, 0x00000000d2800000| Complete 
| 297|0x00000000d2900000, 0x00000000d2a00000, 0x00000000d2a00000|100%|HC|  |TAMS 0x00000000d2a00000, 0x00000000d2900000| Complete 
| 298|0x00000000d2a00000, 0x00000000d2b00000, 0x00000000d2b00000|100%|HC|  |TAMS 0x00000000d2b00000, 0x00000000d2a00000| Complete 
| 299|0x00000000d2b00000, 0x00000000d2c00000, 0x00000000d2c00000|100%|HC|  |TAMS 0x00000000d2c00000, 0x00000000d2b00000| Complete 
| 300|0x00000000d2c00000, 0x00000000d2d00000, 0x00000000d2d00000|100%|HC|  |TAMS 0x00000000d2d00000, 0x00000000d2c00000| Complete 
| 301|0x00000000d2d00000, 0x00000000d2e00000, 0x00000000d2e00000|100%|HC|  |TAMS 0x00000000d2e00000, 0x00000000d2d00000| Complete 
| 302|0x00000000d2e00000, 0x00000000d2f00000, 0x00000000d2f00000|100%|HC|  |TAMS 0x00000000d2f00000, 0x00000000d2e00000| Complete 
| 303|0x00000000d2f00000, 0x00000000d3000000, 0x00000000d3000000|100%|HS|  |TAMS 0x00000000d2f00000, 0x00000000d2f00000| Complete 
| 304|0x00000000d3000000, 0x00000000d3100000, 0x00000000d3100000|100%|HS|  |TAMS 0x00000000d3000000, 0x00000000d3000000| Complete 
| 305|0x00000000d3100000, 0x00000000d3200000, 0x00000000d3200000|100%|HS|  |TAMS 0x00000000d3200000, 0x00000000d3100000| Complete 
| 306|0x00000000d3200000, 0x00000000d3300000, 0x00000000d3300000|100%|HS|  |TAMS 0x00000000d3300000, 0x00000000d3200000| Complete 
| 307|0x00000000d3300000, 0x00000000d3400000, 0x00000000d3400000|100%|HC|  |TAMS 0x00000000d3400000, 0x00000000d3300000| Complete 
| 308|0x00000000d3400000, 0x00000000d3500000, 0x00000000d3500000|100%|HC|  |TAMS 0x00000000d3500000, 0x00000000d3400000| Complete 
| 309|0x00000000d3500000, 0x00000000d3600000, 0x00000000d3600000|100%|HC|  |TAMS 0x00000000d3600000, 0x00000000d3500000| Complete 
| 310|0x00000000d3600000, 0x00000000d3700000, 0x00000000d3700000|100%|HC|  |TAMS 0x00000000d3700000, 0x00000000d3600000| Complete 
| 311|0x00000000d3700000, 0x00000000d3800000, 0x00000000d3800000|100%|HC|  |TAMS 0x00000000d3800000, 0x00000000d3700000| Complete 
| 312|0x00000000d3800000, 0x00000000d3900000, 0x00000000d3900000|100%|HC|  |TAMS 0x00000000d3900000, 0x00000000d3800000| Complete 
| 313|0x00000000d3900000, 0x00000000d3a00000, 0x00000000d3a00000|100%|HC|  |TAMS 0x00000000d3a00000, 0x00000000d3900000| Complete 
| 314|0x00000000d3a00000, 0x00000000d3b00000, 0x00000000d3b00000|100%| O|  |TAMS 0x00000000d3b00000, 0x00000000d3a00000| Complete 
| 315|0x00000000d3b00000, 0x00000000d3c00000, 0x00000000d3c00000|100%|HS|  |TAMS 0x00000000d3c00000, 0x00000000d3b00000| Complete 
| 316|0x00000000d3c00000, 0x00000000d3d00000, 0x00000000d3d00000|100%|HC|  |TAMS 0x00000000d3d00000, 0x00000000d3c00000| Complete 
| 317|0x00000000d3d00000, 0x00000000d3e00000, 0x00000000d3e00000|100%|HC|  |TAMS 0x00000000d3e00000, 0x00000000d3d00000| Complete 
| 318|0x00000000d3e00000, 0x00000000d3f00000, 0x00000000d3f00000|100%|HC|  |TAMS 0x00000000d3f00000, 0x00000000d3e00000| Complete 
| 319|0x00000000d3f00000, 0x00000000d4000000, 0x00000000d4000000|100%|HC|  |TAMS 0x00000000d4000000, 0x00000000d3f00000| Complete 
| 320|0x00000000d4000000, 0x00000000d4100000, 0x00000000d4100000|100%|HC|  |TAMS 0x00000000d4100000, 0x00000000d4000000| Complete 
| 321|0x00000000d4100000, 0x00000000d4200000, 0x00000000d4200000|100%|HC|  |TAMS 0x00000000d4200000, 0x00000000d4100000| Complete 
| 322|0x00000000d4200000, 0x00000000d4300000, 0x00000000d4300000|100%|HC|  |TAMS 0x00000000d4300000, 0x00000000d4200000| Complete 
| 323|0x00000000d4300000, 0x00000000d4400000, 0x00000000d4400000|100%|HS|  |TAMS 0x00000000d4400000, 0x00000000d4300000| Complete 
| 324|0x00000000d4400000, 0x00000000d4500000, 0x00000000d4500000|100%|HC|  |TAMS 0x00000000d4500000, 0x00000000d4400000| Complete 
| 325|0x00000000d4500000, 0x00000000d4600000, 0x00000000d4600000|100%|HC|  |TAMS 0x00000000d4600000, 0x00000000d4500000| Complete 
| 326|0x00000000d4600000, 0x00000000d4700000, 0x00000000d4700000|100%|HC|  |TAMS 0x00000000d4700000, 0x00000000d4600000| Complete 
| 327|0x00000000d4700000, 0x00000000d4800000, 0x00000000d4800000|100%|HC|  |TAMS 0x00000000d4800000, 0x00000000d4700000| Complete 
| 328|0x00000000d4800000, 0x00000000d4900000, 0x00000000d4900000|100%|HC|  |TAMS 0x00000000d4900000, 0x00000000d4800000| Complete 
| 329|0x00000000d4900000, 0x00000000d4a00000, 0x00000000d4a00000|100%|HC|  |TAMS 0x00000000d4a00000, 0x00000000d4900000| Complete 
| 330|0x00000000d4a00000, 0x00000000d4b00000, 0x00000000d4b00000|100%|HC|  |TAMS 0x00000000d4b00000, 0x00000000d4a00000| Complete 
| 331|0x00000000d4b00000, 0x00000000d4c00000, 0x00000000d4c00000|100%|HS|  |TAMS 0x00000000d4c00000, 0x00000000d4b00000| Complete 
| 332|0x00000000d4c00000, 0x00000000d4d00000, 0x00000000d4d00000|100%|HS|  |TAMS 0x00000000d4d00000, 0x00000000d4c00000| Complete 
| 333|0x00000000d4d00000, 0x00000000d4e00000, 0x00000000d4e00000|100%|HS|  |TAMS 0x00000000d4d00000, 0x00000000d4d00000| Complete 
| 334|0x00000000d4e00000, 0x00000000d4f00000, 0x00000000d4f00000|100%|HS|  |TAMS 0x00000000d4e00000, 0x00000000d4e00000| Complete 
| 335|0x00000000d4f00000, 0x00000000d5000000, 0x00000000d5000000|100%|HS|  |TAMS 0x00000000d5000000, 0x00000000d4f00000| Complete 
| 336|0x00000000d5000000, 0x00000000d5100000, 0x00000000d5100000|100%|HC|  |TAMS 0x00000000d5100000, 0x00000000d5000000| Complete 
| 337|0x00000000d5100000, 0x00000000d5200000, 0x00000000d5200000|100%|HC|  |TAMS 0x00000000d5200000, 0x00000000d5100000| Complete 
| 338|0x00000000d5200000, 0x00000000d5300000, 0x00000000d5300000|100%|HC|  |TAMS 0x00000000d5300000, 0x00000000d5200000| Complete 
| 339|0x00000000d5300000, 0x00000000d5400000, 0x00000000d5400000|100%|HC|  |TAMS 0x00000000d5400000, 0x00000000d5300000| Complete 
| 340|0x00000000d5400000, 0x00000000d5500000, 0x00000000d5500000|100%|HC|  |TAMS 0x00000000d5500000, 0x00000000d5400000| Complete 
| 341|0x00000000d5500000, 0x00000000d5600000, 0x00000000d5600000|100%|HC|  |TAMS 0x00000000d5600000, 0x00000000d5500000| Complete 
| 342|0x00000000d5600000, 0x00000000d5700000, 0x00000000d5700000|100%|HC|  |TAMS 0x00000000d5700000, 0x00000000d5600000| Complete 
| 343|0x00000000d5700000, 0x00000000d5800000, 0x00000000d5800000|100%| O|  |TAMS 0x00000000d5800000, 0x00000000d5700000| Untracked 
| 344|0x00000000d5800000, 0x00000000d5900000, 0x00000000d5900000|100%| O|  |TAMS 0x00000000d5900000, 0x00000000d5800000| Complete 
| 345|0x00000000d5900000, 0x00000000d5a00000, 0x00000000d5a00000|100%| O|  |TAMS 0x00000000d5a00000, 0x00000000d5900000| Untracked 
| 346|0x00000000d5a00000, 0x00000000d5b00000, 0x00000000d5b00000|100%| O|  |TAMS 0x00000000d5b00000, 0x00000000d5a00000| Untracked 
| 347|0x00000000d5b00000, 0x00000000d5c00000, 0x00000000d5c00000|100%| O|  |TAMS 0x00000000d5c00000, 0x00000000d5b00000| Untracked 
| 348|0x00000000d5c00000, 0x00000000d5d00000, 0x00000000d5d00000|100%|HS|  |TAMS 0x00000000d5d00000, 0x00000000d5c00000| Complete 
| 349|0x00000000d5d00000, 0x00000000d5e00000, 0x00000000d5e00000|100%|HC|  |TAMS 0x00000000d5e00000, 0x00000000d5d00000| Complete 
| 350|0x00000000d5e00000, 0x00000000d5f00000, 0x00000000d5f00000|100%|HC|  |TAMS 0x00000000d5f00000, 0x00000000d5e00000| Complete 
| 351|0x00000000d5f00000, 0x00000000d6000000, 0x00000000d6000000|100%|HC|  |TAMS 0x00000000d6000000, 0x00000000d5f00000| Complete 
| 352|0x00000000d6000000, 0x00000000d6100000, 0x00000000d6100000|100%|HC|  |TAMS 0x00000000d6100000, 0x00000000d6000000| Complete 
| 353|0x00000000d6100000, 0x00000000d6200000, 0x00000000d6200000|100%|HC|  |TAMS 0x00000000d6200000, 0x00000000d6100000| Complete 
| 354|0x00000000d6200000, 0x00000000d6300000, 0x00000000d6300000|100%|HC|  |TAMS 0x00000000d6300000, 0x00000000d6200000| Complete 
| 355|0x00000000d6300000, 0x00000000d6400000, 0x00000000d6400000|100%|HC|  |TAMS 0x00000000d6400000, 0x00000000d6300000| Complete 
| 356|0x00000000d6400000, 0x00000000d6500000, 0x00000000d6500000|100%| O|  |TAMS 0x00000000d6400000, 0x00000000d6400000| Untracked 
| 357|0x00000000d6500000, 0x00000000d6600000, 0x00000000d6600000|100%|HS|  |TAMS 0x00000000d6600000, 0x00000000d6500000| Complete 
| 358|0x00000000d6600000, 0x00000000d6700000, 0x00000000d6700000|100%|HC|  |TAMS 0x00000000d6700000, 0x00000000d6600000| Complete 
| 359|0x00000000d6700000, 0x00000000d6800000, 0x00000000d6800000|100%|HC|  |TAMS 0x00000000d6800000, 0x00000000d6700000| Complete 
| 360|0x00000000d6800000, 0x00000000d6900000, 0x00000000d6900000|100%|HC|  |TAMS 0x00000000d6900000, 0x00000000d6800000| Complete 
| 361|0x00000000d6900000, 0x00000000d6a00000, 0x00000000d6a00000|100%|HC|  |TAMS 0x00000000d6a00000, 0x00000000d6900000| Complete 
| 362|0x00000000d6a00000, 0x00000000d6b00000, 0x00000000d6b00000|100%|HC|  |TAMS 0x00000000d6b00000, 0x00000000d6a00000| Complete 
| 363|0x00000000d6b00000, 0x00000000d6c00000, 0x00000000d6c00000|100%|HC|  |TAMS 0x00000000d6c00000, 0x00000000d6b00000| Complete 
| 364|0x00000000d6c00000, 0x00000000d6d00000, 0x00000000d6d00000|100%|HC|  |TAMS 0x00000000d6d00000, 0x00000000d6c00000| Complete 
| 365|0x00000000d6d00000, 0x00000000d6e00000, 0x00000000d6e00000|100%| O|  |TAMS 0x00000000d6d00000, 0x00000000d6d00000| Untracked 
| 366|0x00000000d6e00000, 0x00000000d6f00000, 0x00000000d6f00000|100%|HS|  |TAMS 0x00000000d6f00000, 0x00000000d6e00000| Complete 
| 367|0x00000000d6f00000, 0x00000000d7000000, 0x00000000d7000000|100%|HC|  |TAMS 0x00000000d7000000, 0x00000000d6f00000| Complete 
| 368|0x00000000d7000000, 0x00000000d7100000, 0x00000000d7100000|100%|HC|  |TAMS 0x00000000d7100000, 0x00000000d7000000| Complete 
| 369|0x00000000d7100000, 0x00000000d7200000, 0x00000000d7200000|100%|HC|  |TAMS 0x00000000d7200000, 0x00000000d7100000| Complete 
| 370|0x00000000d7200000, 0x00000000d7300000, 0x00000000d7300000|100%|HC|  |TAMS 0x00000000d7300000, 0x00000000d7200000| Complete 
| 371|0x00000000d7300000, 0x00000000d7400000, 0x00000000d7400000|100%|HC|  |TAMS 0x00000000d7400000, 0x00000000d7300000| Complete 
| 372|0x00000000d7400000, 0x00000000d7500000, 0x00000000d7500000|100%|HC|  |TAMS 0x00000000d7500000, 0x00000000d7400000| Complete 
| 373|0x00000000d7500000, 0x00000000d7600000, 0x00000000d7600000|100%|HC|  |TAMS 0x00000000d7600000, 0x00000000d7500000| Complete 
| 374|0x00000000d7600000, 0x00000000d7700000, 0x00000000d7700000|100%|HS|  |TAMS 0x00000000d7700000, 0x00000000d7600000| Complete 
| 375|0x00000000d7700000, 0x00000000d7800000, 0x00000000d7800000|100%|HS|  |TAMS 0x00000000d7800000, 0x00000000d7700000| Complete 
| 376|0x00000000d7800000, 0x00000000d786c600, 0x00000000d7900000| 42%| O|  |TAMS 0x00000000d7800000, 0x00000000d7800000| Untracked 
| 377|0x00000000d7900000, 0x00000000d7a00000, 0x00000000d7a00000|100%|HS|  |TAMS 0x00000000d7a00000, 0x00000000d7900000| Complete 
| 378|0x00000000d7a00000, 0x00000000d7b00000, 0x00000000d7b00000|100%| S|CS|TAMS 0x00000000d7a00000, 0x00000000d7a00000| Complete 
| 379|0x00000000d7b00000, 0x00000000d7c00000, 0x00000000d7c00000|100%| O|  |TAMS 0x00000000d7c00000, 0x00000000d7b00000| Untracked 
| 380|0x00000000d7c00000, 0x00000000d7d00000, 0x00000000d7d00000|100%| O|  |TAMS 0x00000000d7d00000, 0x00000000d7c00000| Untracked 
| 381|0x00000000d7d00000, 0x00000000d7e00000, 0x00000000d7e00000|100%| S|CS|TAMS 0x00000000d7d00000, 0x00000000d7d00000| Complete 
| 382|0x00000000d7e00000, 0x00000000d7f00000, 0x00000000d7f00000|100%| S|CS|TAMS 0x00000000d7e00000, 0x00000000d7e00000| Complete 
| 383|0x00000000d7f00000, 0x00000000d8000000, 0x00000000d8000000|100%| S|CS|TAMS 0x00000000d7f00000, 0x00000000d7f00000| Complete 
| 384|0x00000000d8000000, 0x00000000d8100000, 0x00000000d8100000|100%|HS|  |TAMS 0x00000000d8000000, 0x00000000d8000000| Complete 
| 385|0x00000000d8100000, 0x00000000d8200000, 0x00000000d8200000|100%|HS|  |TAMS 0x00000000d8100000, 0x00000000d8100000| Complete 
| 386|0x00000000d8200000, 0x00000000d8300000, 0x00000000d8300000|100%|HS|  |TAMS 0x00000000d8200000, 0x00000000d8200000| Complete 
| 387|0x00000000d8300000, 0x00000000d8400000, 0x00000000d8400000|100%| O|  |TAMS 0x00000000d8400000, 0x00000000d8300000| Complete 
| 388|0x00000000d8400000, 0x00000000d8500000, 0x00000000d8500000|100%| O|  |TAMS 0x00000000d8500000, 0x00000000d8400000| Complete 
| 389|0x00000000d8500000, 0x00000000d8600000, 0x00000000d8600000|100%|HS|  |TAMS 0x00000000d8500000, 0x00000000d8500000| Complete 
| 390|0x00000000d8600000, 0x00000000d8700000, 0x00000000d8700000|100%|HS|  |TAMS 0x00000000d8600000, 0x00000000d8600000| Complete 
| 391|0x00000000d8700000, 0x00000000d8700000, 0x00000000d8800000|  0%| F|  |TAMS 0x00000000d8700000, 0x00000000d8700000| Untracked 
| 392|0x00000000d8800000, 0x00000000d8900000, 0x00000000d8900000|100%| E|  |TAMS 0x00000000d8800000, 0x00000000d8800000| Complete 
| 393|0x00000000d8900000, 0x00000000d8a00000, 0x00000000d8a00000|100%|HS|  |TAMS 0x00000000d8a00000, 0x00000000d8900000| Complete 
| 394|0x00000000d8a00000, 0x00000000d8b00000, 0x00000000d8b00000|100%|HC|  |TAMS 0x00000000d8b00000, 0x00000000d8a00000| Complete 
| 395|0x00000000d8b00000, 0x00000000d8c00000, 0x00000000d8c00000|100%|HC|  |TAMS 0x00000000d8c00000, 0x00000000d8b00000| Complete 
| 396|0x00000000d8c00000, 0x00000000d8d00000, 0x00000000d8d00000|100%| E|CS|TAMS 0x00000000d8c00000, 0x00000000d8c00000| Complete 
| 397|0x00000000d8d00000, 0x00000000d8e00000, 0x00000000d8e00000|100%|HS|  |TAMS 0x00000000d8e00000, 0x00000000d8d00000| Complete 
| 398|0x00000000d8e00000, 0x00000000d8f00000, 0x00000000d8f00000|100%|HC|  |TAMS 0x00000000d8f00000, 0x00000000d8e00000| Complete 
| 399|0x00000000d8f00000, 0x00000000d9000000, 0x00000000d9000000|100%|HC|  |TAMS 0x00000000d9000000, 0x00000000d8f00000| Complete 
| 400|0x00000000d9000000, 0x00000000d9100000, 0x00000000d9100000|100%|HS|  |TAMS 0x00000000d9100000, 0x00000000d9000000| Complete 
| 401|0x00000000d9100000, 0x00000000d9200000, 0x00000000d9200000|100%|HC|  |TAMS 0x00000000d9200000, 0x00000000d9100000| Complete 
| 402|0x00000000d9200000, 0x00000000d9300000, 0x00000000d9300000|100%|HC|  |TAMS 0x00000000d9300000, 0x00000000d9200000| Complete 
| 403|0x00000000d9300000, 0x00000000d9400000, 0x00000000d9400000|100%|HS|  |TAMS 0x00000000d9400000, 0x00000000d9300000| Complete 
| 404|0x00000000d9400000, 0x00000000d9500000, 0x00000000d9500000|100%|HC|  |TAMS 0x00000000d9500000, 0x00000000d9400000| Complete 
| 405|0x00000000d9500000, 0x00000000d9600000, 0x00000000d9600000|100%|HC|  |TAMS 0x00000000d9600000, 0x00000000d9500000| Complete 
| 406|0x00000000d9600000, 0x00000000d9700000, 0x00000000d9700000|100%|HC|  |TAMS 0x00000000d9700000, 0x00000000d9600000| Complete 
| 407|0x00000000d9700000, 0x00000000d9800000, 0x00000000d9800000|100%|HC|  |TAMS 0x00000000d9800000, 0x00000000d9700000| Complete 
| 408|0x00000000d9800000, 0x00000000d9900000, 0x00000000d9900000|100%|HC|  |TAMS 0x00000000d9900000, 0x00000000d9800000| Complete 
| 409|0x00000000d9900000, 0x00000000d9a00000, 0x00000000d9a00000|100%|HC|  |TAMS 0x00000000d9a00000, 0x00000000d9900000| Complete 
| 410|0x00000000d9a00000, 0x00000000d9b00000, 0x00000000d9b00000|100%|HC|  |TAMS 0x00000000d9b00000, 0x00000000d9a00000| Complete 
| 411|0x00000000d9b00000, 0x00000000d9c00000, 0x00000000d9c00000|100%|HS|  |TAMS 0x00000000d9c00000, 0x00000000d9b00000| Complete 
| 412|0x00000000d9c00000, 0x00000000d9d00000, 0x00000000d9d00000|100%|HC|  |TAMS 0x00000000d9d00000, 0x00000000d9c00000| Complete 
| 413|0x00000000d9d00000, 0x00000000d9e00000, 0x00000000d9e00000|100%|HC|  |TAMS 0x00000000d9e00000, 0x00000000d9d00000| Complete 
| 414|0x00000000d9e00000, 0x00000000d9f00000, 0x00000000d9f00000|100%|HC|  |TAMS 0x00000000d9f00000, 0x00000000d9e00000| Complete 
| 415|0x00000000d9f00000, 0x00000000da000000, 0x00000000da000000|100%|HC|  |TAMS 0x00000000da000000, 0x00000000d9f00000| Complete 
| 416|0x00000000da000000, 0x00000000da100000, 0x00000000da100000|100%|HC|  |TAMS 0x00000000da100000, 0x00000000da000000| Complete 
| 417|0x00000000da100000, 0x00000000da200000, 0x00000000da200000|100%|HC|  |TAMS 0x00000000da200000, 0x00000000da100000| Complete 
| 418|0x00000000da200000, 0x00000000da300000, 0x00000000da300000|100%|HC|  |TAMS 0x00000000da300000, 0x00000000da200000| Complete 
| 419|0x00000000da300000, 0x00000000da400000, 0x00000000da400000|100%|HS|  |TAMS 0x00000000da400000, 0x00000000da300000| Complete 
| 420|0x00000000da400000, 0x00000000da500000, 0x00000000da500000|100%|HC|  |TAMS 0x00000000da500000, 0x00000000da400000| Complete 
| 421|0x00000000da500000, 0x00000000da600000, 0x00000000da600000|100%|HC|  |TAMS 0x00000000da600000, 0x00000000da500000| Complete 
| 422|0x00000000da600000, 0x00000000da700000, 0x00000000da700000|100%|HC|  |TAMS 0x00000000da700000, 0x00000000da600000| Complete 
| 423|0x00000000da700000, 0x00000000da800000, 0x00000000da800000|100%|HC|  |TAMS 0x00000000da800000, 0x00000000da700000| Complete 
| 424|0x00000000da800000, 0x00000000da900000, 0x00000000da900000|100%|HC|  |TAMS 0x00000000da900000, 0x00000000da800000| Complete 
| 425|0x00000000da900000, 0x00000000daa00000, 0x00000000daa00000|100%|HC|  |TAMS 0x00000000daa00000, 0x00000000da900000| Complete 
| 426|0x00000000daa00000, 0x00000000dab00000, 0x00000000dab00000|100%|HC|  |TAMS 0x00000000dab00000, 0x00000000daa00000| Complete 
| 427|0x00000000dab00000, 0x00000000dac00000, 0x00000000dac00000|100%| E|CS|TAMS 0x00000000dab00000, 0x00000000dab00000| Complete 
| 428|0x00000000dac00000, 0x00000000dad00000, 0x00000000dad00000|100%| E|CS|TAMS 0x00000000dac00000, 0x00000000dac00000| Complete 
| 429|0x00000000dad00000, 0x00000000dae00000, 0x00000000dae00000|100%| E|CS|TAMS 0x00000000dad00000, 0x00000000dad00000| Complete 
| 430|0x00000000dae00000, 0x00000000daf00000, 0x00000000daf00000|100%| O|  |TAMS 0x00000000daf00000, 0x00000000dae00000| Complete 
| 431|0x00000000daf00000, 0x00000000db000000, 0x00000000db000000|100%| O|  |TAMS 0x00000000db000000, 0x00000000daf00000| Complete 
| 432|0x00000000db000000, 0x00000000db100000, 0x00000000db100000|100%| O|  |TAMS 0x00000000db100000, 0x00000000db000000| Complete 
| 433|0x00000000db100000, 0x00000000db200000, 0x00000000db200000|100%| E|CS|TAMS 0x00000000db100000, 0x00000000db100000| Complete 
| 434|0x00000000db200000, 0x00000000db300000, 0x00000000db300000|100%| E|CS|TAMS 0x00000000db200000, 0x00000000db200000| Complete 
| 435|0x00000000db300000, 0x00000000db400000, 0x00000000db400000|100%| E|CS|TAMS 0x00000000db300000, 0x00000000db300000| Complete 
| 436|0x00000000db400000, 0x00000000db500000, 0x00000000db500000|100%|HS|  |TAMS 0x00000000db400000, 0x00000000db400000| Complete 
| 437|0x00000000db500000, 0x00000000db600000, 0x00000000db600000|100%| O|  |TAMS 0x00000000db600000, 0x00000000db500000| Complete 
| 438|0x00000000db600000, 0x00000000db700000, 0x00000000db700000|100%| O|  |TAMS 0x00000000db700000, 0x00000000db600000| Untracked 
| 439|0x00000000db700000, 0x00000000db800000, 0x00000000db800000|100%| E|CS|TAMS 0x00000000db700000, 0x00000000db700000| Complete 
| 440|0x00000000db800000, 0x00000000db900000, 0x00000000db900000|100%| O|  |TAMS 0x00000000db900000, 0x00000000db800000| Complete 
| 441|0x00000000db900000, 0x00000000dba00000, 0x00000000dba00000|100%|HS|  |TAMS 0x00000000dba00000, 0x00000000db900000| Complete 
| 442|0x00000000dba00000, 0x00000000dbb00000, 0x00000000dbb00000|100%|HC|  |TAMS 0x00000000dbb00000, 0x00000000dba00000| Complete 
| 443|0x00000000dbb00000, 0x00000000dbc00000, 0x00000000dbc00000|100%|HC|  |TAMS 0x00000000dbc00000, 0x00000000dbb00000| Complete 
| 444|0x00000000dbc00000, 0x00000000dbd00000, 0x00000000dbd00000|100%|HC|  |TAMS 0x00000000dbd00000, 0x00000000dbc00000| Complete 
| 445|0x00000000dbd00000, 0x00000000dbe00000, 0x00000000dbe00000|100%|HC|  |TAMS 0x00000000dbe00000, 0x00000000dbd00000| Complete 
| 446|0x00000000dbe00000, 0x00000000dbf00000, 0x00000000dbf00000|100%|HC|  |TAMS 0x00000000dbf00000, 0x00000000dbe00000| Complete 
| 447|0x00000000dbf00000, 0x00000000dc000000, 0x00000000dc000000|100%|HC|  |TAMS 0x00000000dc000000, 0x00000000dbf00000| Complete 
| 448|0x00000000dc000000, 0x00000000dc100000, 0x00000000dc100000|100%|HC|  |TAMS 0x00000000dc100000, 0x00000000dc000000| Complete 
| 449|0x00000000dc100000, 0x00000000dc200000, 0x00000000dc200000|100%| E|CS|TAMS 0x00000000dc100000, 0x00000000dc100000| Complete 
| 450|0x00000000dc200000, 0x00000000dc300000, 0x00000000dc300000|100%| E|CS|TAMS 0x00000000dc200000, 0x00000000dc200000| Complete 
| 451|0x00000000dc300000, 0x00000000dc400000, 0x00000000dc400000|100%|HS|  |TAMS 0x00000000dc400000, 0x00000000dc300000| Complete 
| 452|0x00000000dc400000, 0x00000000dc500000, 0x00000000dc500000|100%| O|  |TAMS 0x00000000dc500000, 0x00000000dc400000| Complete 
| 453|0x00000000dc500000, 0x00000000dc600000, 0x00000000dc600000|100%|HS|  |TAMS 0x00000000dc600000, 0x00000000dc500000| Complete 
| 454|0x00000000dc600000, 0x00000000dc700000, 0x00000000dc700000|100%| O|  |TAMS 0x00000000dc700000, 0x00000000dc600000| Complete 
| 455|0x00000000dc700000, 0x00000000dc800000, 0x00000000dc800000|100%| O|  |TAMS 0x00000000dc800000, 0x00000000dc700000| Complete 
| 456|0x00000000dc800000, 0x00000000dc900000, 0x00000000dc900000|100%|HS|  |TAMS 0x00000000dc900000, 0x00000000dc800000| Complete 
| 457|0x00000000dc900000, 0x00000000dca00000, 0x00000000dca00000|100%|HC|  |TAMS 0x00000000dca00000, 0x00000000dc900000| Complete 
| 458|0x00000000dca00000, 0x00000000dcb00000, 0x00000000dcb00000|100%|HC|  |TAMS 0x00000000dcb00000, 0x00000000dca00000| Complete 
| 459|0x00000000dcb00000, 0x00000000dcc00000, 0x00000000dcc00000|100%|HC|  |TAMS 0x00000000dcc00000, 0x00000000dcb00000| Complete 
| 460|0x00000000dcc00000, 0x00000000dcd00000, 0x00000000dcd00000|100%|HC|  |TAMS 0x00000000dcd00000, 0x00000000dcc00000| Complete 
| 461|0x00000000dcd00000, 0x00000000dce00000, 0x00000000dce00000|100%|HC|  |TAMS 0x00000000dce00000, 0x00000000dcd00000| Complete 
| 462|0x00000000dce00000, 0x00000000dcf00000, 0x00000000dcf00000|100%|HC|  |TAMS 0x00000000dcf00000, 0x00000000dce00000| Complete 
| 463|0x00000000dcf00000, 0x00000000dd000000, 0x00000000dd000000|100%|HC|  |TAMS 0x00000000dd000000, 0x00000000dcf00000| Complete 
| 464|0x00000000dd000000, 0x00000000dd100000, 0x00000000dd100000|100%|HS|  |TAMS 0x00000000dd100000, 0x00000000dd000000| Complete 
| 465|0x00000000dd100000, 0x00000000dd200000, 0x00000000dd200000|100%|HC|  |TAMS 0x00000000dd200000, 0x00000000dd100000| Complete 
| 466|0x00000000dd200000, 0x00000000dd300000, 0x00000000dd300000|100%|HC|  |TAMS 0x00000000dd300000, 0x00000000dd200000| Complete 
| 467|0x00000000dd300000, 0x00000000dd400000, 0x00000000dd400000|100%|HC|  |TAMS 0x00000000dd400000, 0x00000000dd300000| Complete 
| 468|0x00000000dd400000, 0x00000000dd500000, 0x00000000dd500000|100%|HC|  |TAMS 0x00000000dd500000, 0x00000000dd400000| Complete 
| 469|0x00000000dd500000, 0x00000000dd600000, 0x00000000dd600000|100%|HC|  |TAMS 0x00000000dd600000, 0x00000000dd500000| Complete 
| 470|0x00000000dd600000, 0x00000000dd700000, 0x00000000dd700000|100%|HC|  |TAMS 0x00000000dd700000, 0x00000000dd600000| Complete 
| 471|0x00000000dd700000, 0x00000000dd800000, 0x00000000dd800000|100%|HC|  |TAMS 0x00000000dd800000, 0x00000000dd700000| Complete 
| 472|0x00000000dd800000, 0x00000000dd900000, 0x00000000dd900000|100%|HS|  |TAMS 0x00000000dd900000, 0x00000000dd800000| Complete 
| 473|0x00000000dd900000, 0x00000000dda00000, 0x00000000dda00000|100%|HC|  |TAMS 0x00000000dda00000, 0x00000000dd900000| Complete 
| 474|0x00000000dda00000, 0x00000000ddb00000, 0x00000000ddb00000|100%|HC|  |TAMS 0x00000000ddb00000, 0x00000000dda00000| Complete 
| 475|0x00000000ddb00000, 0x00000000ddc00000, 0x00000000ddc00000|100%|HC|  |TAMS 0x00000000ddc00000, 0x00000000ddb00000| Complete 
| 476|0x00000000ddc00000, 0x00000000ddd00000, 0x00000000ddd00000|100%|HC|  |TAMS 0x00000000ddd00000, 0x00000000ddc00000| Complete 
| 477|0x00000000ddd00000, 0x00000000dde00000, 0x00000000dde00000|100%|HC|  |TAMS 0x00000000dde00000, 0x00000000ddd00000| Complete 
| 478|0x00000000dde00000, 0x00000000ddf00000, 0x00000000ddf00000|100%|HC|  |TAMS 0x00000000ddf00000, 0x00000000dde00000| Complete 
| 479|0x00000000ddf00000, 0x00000000de000000, 0x00000000de000000|100%|HC|  |TAMS 0x00000000de000000, 0x00000000ddf00000| Complete 
| 480|0x00000000de000000, 0x00000000de100000, 0x00000000de100000|100%|HS|  |TAMS 0x00000000de100000, 0x00000000de000000| Complete 
| 481|0x00000000de100000, 0x00000000de200000, 0x00000000de200000|100%|HC|  |TAMS 0x00000000de200000, 0x00000000de100000| Complete 
| 482|0x00000000de200000, 0x00000000de300000, 0x00000000de300000|100%|HC|  |TAMS 0x00000000de300000, 0x00000000de200000| Complete 
| 483|0x00000000de300000, 0x00000000de400000, 0x00000000de400000|100%|HC|  |TAMS 0x00000000de400000, 0x00000000de300000| Complete 
| 484|0x00000000de400000, 0x00000000de500000, 0x00000000de500000|100%|HC|  |TAMS 0x00000000de500000, 0x00000000de400000| Complete 
| 485|0x00000000de500000, 0x00000000de600000, 0x00000000de600000|100%|HC|  |TAMS 0x00000000de600000, 0x00000000de500000| Complete 
| 486|0x00000000de600000, 0x00000000de700000, 0x00000000de700000|100%|HC|  |TAMS 0x00000000de700000, 0x00000000de600000| Complete 
| 487|0x00000000de700000, 0x00000000de800000, 0x00000000de800000|100%|HC|  |TAMS 0x00000000de800000, 0x00000000de700000| Complete 
| 488|0x00000000de800000, 0x00000000de900000, 0x00000000de900000|100%|HS|  |TAMS 0x00000000de900000, 0x00000000de800000| Complete 
| 489|0x00000000de900000, 0x00000000dea00000, 0x00000000dea00000|100%|HC|  |TAMS 0x00000000dea00000, 0x00000000de900000| Complete 
| 490|0x00000000dea00000, 0x00000000deb00000, 0x00000000deb00000|100%|HC|  |TAMS 0x00000000deb00000, 0x00000000dea00000| Complete 
| 491|0x00000000deb00000, 0x00000000dec00000, 0x00000000dec00000|100%|HC|  |TAMS 0x00000000dec00000, 0x00000000deb00000| Complete 
| 492|0x00000000dec00000, 0x00000000ded00000, 0x00000000ded00000|100%|HC|  |TAMS 0x00000000ded00000, 0x00000000dec00000| Complete 
| 493|0x00000000ded00000, 0x00000000dee00000, 0x00000000dee00000|100%|HS|  |TAMS 0x00000000dee00000, 0x00000000ded00000| Complete 
| 494|0x00000000dee00000, 0x00000000def00000, 0x00000000def00000|100%|HC|  |TAMS 0x00000000def00000, 0x00000000dee00000| Complete 
| 495|0x00000000def00000, 0x00000000df000000, 0x00000000df000000|100%|HC|  |TAMS 0x00000000df000000, 0x00000000def00000| Complete 
| 496|0x00000000df000000, 0x00000000df100000, 0x00000000df100000|100%|HC|  |TAMS 0x00000000df100000, 0x00000000df000000| Complete 
| 497|0x00000000df100000, 0x00000000df200000, 0x00000000df200000|100%|HC|  |TAMS 0x00000000df200000, 0x00000000df100000| Complete 
| 498|0x00000000df200000, 0x00000000df300000, 0x00000000df300000|100%|HC|  |TAMS 0x00000000df300000, 0x00000000df200000| Complete 
| 499|0x00000000df300000, 0x00000000df400000, 0x00000000df400000|100%|HC|  |TAMS 0x00000000df400000, 0x00000000df300000| Complete 
| 500|0x00000000df400000, 0x00000000df500000, 0x00000000df500000|100%|HC|  |TAMS 0x00000000df500000, 0x00000000df400000| Complete 
| 501|0x00000000df500000, 0x00000000df600000, 0x00000000df600000|100%|HS|  |TAMS 0x00000000df600000, 0x00000000df500000| Complete 
| 502|0x00000000df600000, 0x00000000df700000, 0x00000000df700000|100%|HC|  |TAMS 0x00000000df700000, 0x00000000df600000| Complete 
| 503|0x00000000df700000, 0x00000000df800000, 0x00000000df800000|100%|HC|  |TAMS 0x00000000df800000, 0x00000000df700000| Complete 
| 504|0x00000000df800000, 0x00000000df900000, 0x00000000df900000|100%|HC|  |TAMS 0x00000000df900000, 0x00000000df800000| Complete 
| 505|0x00000000df900000, 0x00000000dfa00000, 0x00000000dfa00000|100%|HC|  |TAMS 0x00000000dfa00000, 0x00000000df900000| Complete 
| 506|0x00000000dfa00000, 0x00000000dfb00000, 0x00000000dfb00000|100%|HS|  |TAMS 0x00000000dfb00000, 0x00000000dfa00000| Complete 
| 507|0x00000000dfb00000, 0x00000000dfc00000, 0x00000000dfc00000|100%|HC|  |TAMS 0x00000000dfc00000, 0x00000000dfb00000| Complete 
| 508|0x00000000dfc00000, 0x00000000dfd00000, 0x00000000dfd00000|100%|HC|  |TAMS 0x00000000dfd00000, 0x00000000dfc00000| Complete 
| 509|0x00000000dfd00000, 0x00000000dfe00000, 0x00000000dfe00000|100%|HC|  |TAMS 0x00000000dfe00000, 0x00000000dfd00000| Complete 
| 510|0x00000000dfe00000, 0x00000000dff00000, 0x00000000dff00000|100%|HC|  |TAMS 0x00000000dff00000, 0x00000000dfe00000| Complete 
| 511|0x00000000dff00000, 0x00000000e0000000, 0x00000000e0000000|100%|HC|  |TAMS 0x00000000e0000000, 0x00000000dff00000| Complete 
| 512|0x00000000e0000000, 0x00000000e0100000, 0x00000000e0100000|100%|HC|  |TAMS 0x00000000e0100000, 0x00000000e0000000| Complete 
| 513|0x00000000e0100000, 0x00000000e0200000, 0x00000000e0200000|100%|HC|  |TAMS 0x00000000e0200000, 0x00000000e0100000| Complete 
| 514|0x00000000e0200000, 0x00000000e0300000, 0x00000000e0300000|100%|HS|  |TAMS 0x00000000e0300000, 0x00000000e0200000| Complete 
| 515|0x00000000e0300000, 0x00000000e0400000, 0x00000000e0400000|100%|HC|  |TAMS 0x00000000e0400000, 0x00000000e0300000| Complete 
| 516|0x00000000e0400000, 0x00000000e0500000, 0x00000000e0500000|100%|HC|  |TAMS 0x00000000e0500000, 0x00000000e0400000| Complete 
| 517|0x00000000e0500000, 0x00000000e0600000, 0x00000000e0600000|100%|HC|  |TAMS 0x00000000e0600000, 0x00000000e0500000| Complete 
| 518|0x00000000e0600000, 0x00000000e0700000, 0x00000000e0700000|100%|HC|  |TAMS 0x00000000e0700000, 0x00000000e0600000| Complete 
| 519|0x00000000e0700000, 0x00000000e0800000, 0x00000000e0800000|100%|HS|  |TAMS 0x00000000e0800000, 0x00000000e0700000| Complete 
| 520|0x00000000e0800000, 0x00000000e0900000, 0x00000000e0900000|100%|HC|  |TAMS 0x00000000e0900000, 0x00000000e0800000| Complete 
| 521|0x00000000e0900000, 0x00000000e0a00000, 0x00000000e0a00000|100%|HC|  |TAMS 0x00000000e0a00000, 0x00000000e0900000| Complete 
| 522|0x00000000e0a00000, 0x00000000e0b00000, 0x00000000e0b00000|100%|HC|  |TAMS 0x00000000e0b00000, 0x00000000e0a00000| Complete 
| 523|0x00000000e0b00000, 0x00000000e0c00000, 0x00000000e0c00000|100%|HC|  |TAMS 0x00000000e0c00000, 0x00000000e0b00000| Complete 
| 524|0x00000000e0c00000, 0x00000000e0d00000, 0x00000000e0d00000|100%|HC|  |TAMS 0x00000000e0d00000, 0x00000000e0c00000| Complete 
| 525|0x00000000e0d00000, 0x00000000e0e00000, 0x00000000e0e00000|100%|HC|  |TAMS 0x00000000e0e00000, 0x00000000e0d00000| Complete 
| 526|0x00000000e0e00000, 0x00000000e0f00000, 0x00000000e0f00000|100%|HC|  |TAMS 0x00000000e0f00000, 0x00000000e0e00000| Complete 
| 527|0x00000000e0f00000, 0x00000000e1000000, 0x00000000e1000000|100%|HS|  |TAMS 0x00000000e1000000, 0x00000000e0f00000| Complete 
| 528|0x00000000e1000000, 0x00000000e1100000, 0x00000000e1100000|100%| E|CS|TAMS 0x00000000e1000000, 0x00000000e1000000| Complete 
| 529|0x00000000e1100000, 0x00000000e1200000, 0x00000000e1200000|100%|HS|  |TAMS 0x00000000e1200000, 0x00000000e1100000| Complete 
| 530|0x00000000e1200000, 0x00000000e1300000, 0x00000000e1300000|100%|HC|  |TAMS 0x00000000e1300000, 0x00000000e1200000| Complete 
| 531|0x00000000e1300000, 0x00000000e1400000, 0x00000000e1400000|100%|HC|  |TAMS 0x00000000e1400000, 0x00000000e1300000| Complete 
| 532|0x00000000e1400000, 0x00000000e1500000, 0x00000000e1500000|100%|HC|  |TAMS 0x00000000e1500000, 0x00000000e1400000| Complete 
| 533|0x00000000e1500000, 0x00000000e1600000, 0x00000000e1600000|100%|HC|  |TAMS 0x00000000e1600000, 0x00000000e1500000| Complete 
| 534|0x00000000e1600000, 0x00000000e1700000, 0x00000000e1700000|100%|HC|  |TAMS 0x00000000e1700000, 0x00000000e1600000| Complete 
| 535|0x00000000e1700000, 0x00000000e1800000, 0x00000000e1800000|100%|HC|  |TAMS 0x00000000e1800000, 0x00000000e1700000| Complete 
| 536|0x00000000e1800000, 0x00000000e1900000, 0x00000000e1900000|100%|HC|  |TAMS 0x00000000e1900000, 0x00000000e1800000| Complete 
| 537|0x00000000e1900000, 0x00000000e1a00000, 0x00000000e1a00000|100%|HS|  |TAMS 0x00000000e1900000, 0x00000000e1900000| Complete 
| 538|0x00000000e1a00000, 0x00000000e1b00000, 0x00000000e1b00000|100%|HC|  |TAMS 0x00000000e1a00000, 0x00000000e1a00000| Complete 
| 539|0x00000000e1b00000, 0x00000000e1c00000, 0x00000000e1c00000|100%|HC|  |TAMS 0x00000000e1b00000, 0x00000000e1b00000| Complete 
| 540|0x00000000e1c00000, 0x00000000e1d00000, 0x00000000e1d00000|100%|HC|  |TAMS 0x00000000e1c00000, 0x00000000e1c00000| Complete 
| 541|0x00000000e1d00000, 0x00000000e1e00000, 0x00000000e1e00000|100%|HC|  |TAMS 0x00000000e1d00000, 0x00000000e1d00000| Complete 
| 542|0x00000000e1e00000, 0x00000000e1f00000, 0x00000000e1f00000|100%| E|CS|TAMS 0x00000000e1e00000, 0x00000000e1e00000| Complete 
| 543|0x00000000e1f00000, 0x00000000e2000000, 0x00000000e2000000|100%|HS|  |TAMS 0x00000000e1f00000, 0x00000000e1f00000| Complete 
| 544|0x00000000e2000000, 0x00000000e2100000, 0x00000000e2100000|100%|HC|  |TAMS 0x00000000e2000000, 0x00000000e2000000| Complete 
| 545|0x00000000e2100000, 0x00000000e2200000, 0x00000000e2200000|100%|HC|  |TAMS 0x00000000e2100000, 0x00000000e2100000| Complete 
| 546|0x00000000e2200000, 0x00000000e2300000, 0x00000000e2300000|100%|HC|  |TAMS 0x00000000e2200000, 0x00000000e2200000| Complete 
| 547|0x00000000e2300000, 0x00000000e2400000, 0x00000000e2400000|100%|HC|  |TAMS 0x00000000e2300000, 0x00000000e2300000| Complete 
| 548|0x00000000e2400000, 0x00000000e2500000, 0x00000000e2500000|100%|HC|  |TAMS 0x00000000e2400000, 0x00000000e2400000| Complete 
| 549|0x00000000e2500000, 0x00000000e2600000, 0x00000000e2600000|100%|HC|  |TAMS 0x00000000e2500000, 0x00000000e2500000| Complete 
| 550|0x00000000e2600000, 0x00000000e2700000, 0x00000000e2700000|100%|HC|  |TAMS 0x00000000e2600000, 0x00000000e2600000| Complete 
| 551|0x00000000e2700000, 0x00000000e2800000, 0x00000000e2800000|100%|HS|  |TAMS 0x00000000e2700000, 0x00000000e2700000| Complete 
| 552|0x00000000e2800000, 0x00000000e2900000, 0x00000000e2900000|100%|HS|  |TAMS 0x00000000e2800000, 0x00000000e2800000| Complete 
| 553|0x00000000e2900000, 0x00000000e2a00000, 0x00000000e2a00000|100%| E|CS|TAMS 0x00000000e2900000, 0x00000000e2900000| Complete 
| 554|0x00000000e2a00000, 0x00000000e2b00000, 0x00000000e2b00000|100%|HS|  |TAMS 0x00000000e2b00000, 0x00000000e2a00000| Complete 
| 555|0x00000000e2b00000, 0x00000000e2c00000, 0x00000000e2c00000|100%|HC|  |TAMS 0x00000000e2c00000, 0x00000000e2b00000| Complete 
| 556|0x00000000e2c00000, 0x00000000e2d00000, 0x00000000e2d00000|100%|HC|  |TAMS 0x00000000e2d00000, 0x00000000e2c00000| Complete 
| 557|0x00000000e2d00000, 0x00000000e2e00000, 0x00000000e2e00000|100%|HC|  |TAMS 0x00000000e2e00000, 0x00000000e2d00000| Complete 
| 558|0x00000000e2e00000, 0x00000000e2f00000, 0x00000000e2f00000|100%|HC|  |TAMS 0x00000000e2f00000, 0x00000000e2e00000| Complete 
| 559|0x00000000e2f00000, 0x00000000e3000000, 0x00000000e3000000|100%|HC|  |TAMS 0x00000000e3000000, 0x00000000e2f00000| Complete 
| 560|0x00000000e3000000, 0x00000000e3100000, 0x00000000e3100000|100%|HC|  |TAMS 0x00000000e3100000, 0x00000000e3000000| Complete 
| 561|0x00000000e3100000, 0x00000000e3200000, 0x00000000e3200000|100%|HC|  |TAMS 0x00000000e3200000, 0x00000000e3100000| Complete 
| 562|0x00000000e3200000, 0x00000000e3300000, 0x00000000e3300000|100%|HS|  |TAMS 0x00000000e3200000, 0x00000000e3200000| Complete 
| 563|0x00000000e3300000, 0x00000000e3400000, 0x00000000e3400000|100%|HS|  |TAMS 0x00000000e3300000, 0x00000000e3300000| Complete 
| 564|0x00000000e3400000, 0x00000000e3500000, 0x00000000e3500000|100%| E|CS|TAMS 0x00000000e3400000, 0x00000000e3400000| Complete 
| 565|0x00000000e3500000, 0x00000000e3600000, 0x00000000e3600000|100%|HS|  |TAMS 0x00000000e3500000, 0x00000000e3500000| Complete 
| 566|0x00000000e3600000, 0x00000000e3700000, 0x00000000e3700000|100%|HS|  |TAMS 0x00000000e3600000, 0x00000000e3600000| Complete 
| 567|0x00000000e3700000, 0x00000000e3800000, 0x00000000e3800000|100%|HC|  |TAMS 0x00000000e3700000, 0x00000000e3700000| Complete 
| 568|0x00000000e3800000, 0x00000000e3900000, 0x00000000e3900000|100%|HC|  |TAMS 0x00000000e3800000, 0x00000000e3800000| Complete 
| 569|0x00000000e3900000, 0x00000000e3a00000, 0x00000000e3a00000|100%|HC|  |TAMS 0x00000000e3900000, 0x00000000e3900000| Complete 
| 570|0x00000000e3a00000, 0x00000000e3b00000, 0x00000000e3b00000|100%|HC|  |TAMS 0x00000000e3a00000, 0x00000000e3a00000| Complete 
| 571|0x00000000e3b00000, 0x00000000e3c00000, 0x00000000e3c00000|100%|HC|  |TAMS 0x00000000e3b00000, 0x00000000e3b00000| Complete 
| 572|0x00000000e3c00000, 0x00000000e3d00000, 0x00000000e3d00000|100%|HC|  |TAMS 0x00000000e3c00000, 0x00000000e3c00000| Complete 
| 573|0x00000000e3d00000, 0x00000000e3e00000, 0x00000000e3e00000|100%|HC|  |TAMS 0x00000000e3d00000, 0x00000000e3d00000| Complete 
| 574|0x00000000e3e00000, 0x00000000e3f00000, 0x00000000e3f00000|100%| E|CS|TAMS 0x00000000e3e00000, 0x00000000e3e00000| Complete 
| 575|0x00000000e3f00000, 0x00000000e4000000, 0x00000000e4000000|100%| E|CS|TAMS 0x00000000e3f00000, 0x00000000e3f00000| Complete 
| 576|0x00000000e4000000, 0x00000000e4100000, 0x00000000e4100000|100%| E|CS|TAMS 0x00000000e4000000, 0x00000000e4000000| Complete 
| 577|0x00000000e4100000, 0x00000000e4200000, 0x00000000e4200000|100%| E|CS|TAMS 0x00000000e4100000, 0x00000000e4100000| Complete 
| 578|0x00000000e4200000, 0x00000000e4300000, 0x00000000e4300000|100%|HS|  |TAMS 0x00000000e4200000, 0x00000000e4200000| Complete 
| 579|0x00000000e4300000, 0x00000000e4400000, 0x00000000e4400000|100%|HC|  |TAMS 0x00000000e4300000, 0x00000000e4300000| Complete 
| 580|0x00000000e4400000, 0x00000000e4500000, 0x00000000e4500000|100%|HC|  |TAMS 0x00000000e4400000, 0x00000000e4400000| Complete 
| 581|0x00000000e4500000, 0x00000000e4600000, 0x00000000e4600000|100%|HC|  |TAMS 0x00000000e4500000, 0x00000000e4500000| Complete 
| 582|0x00000000e4600000, 0x00000000e4700000, 0x00000000e4700000|100%|HC|  |TAMS 0x00000000e4600000, 0x00000000e4600000| Complete 
| 583|0x00000000e4700000, 0x00000000e4800000, 0x00000000e4800000|100%|HC|  |TAMS 0x00000000e4700000, 0x00000000e4700000| Complete 
| 584|0x00000000e4800000, 0x00000000e4900000, 0x00000000e4900000|100%|HC|  |TAMS 0x00000000e4800000, 0x00000000e4800000| Complete 
| 585|0x00000000e4900000, 0x00000000e4a00000, 0x00000000e4a00000|100%|HC|  |TAMS 0x00000000e4900000, 0x00000000e4900000| Complete 
| 586|0x00000000e4a00000, 0x00000000e4b00000, 0x00000000e4b00000|100%| E|CS|TAMS 0x00000000e4a00000, 0x00000000e4a00000| Complete 
| 587|0x00000000e4b00000, 0x00000000e4c00000, 0x00000000e4c00000|100%| E|CS|TAMS 0x00000000e4b00000, 0x00000000e4b00000| Complete 
| 588|0x00000000e4c00000, 0x00000000e4d00000, 0x00000000e4d00000|100%| E|CS|TAMS 0x00000000e4c00000, 0x00000000e4c00000| Complete 
| 589|0x00000000e4d00000, 0x00000000e4e00000, 0x00000000e4e00000|100%| E|CS|TAMS 0x00000000e4d00000, 0x00000000e4d00000| Complete 
| 590|0x00000000e4e00000, 0x00000000e4f00000, 0x00000000e4f00000|100%| E|CS|TAMS 0x00000000e4e00000, 0x00000000e4e00000| Complete 
| 591|0x00000000e4f00000, 0x00000000e5000000, 0x00000000e5000000|100%| E|CS|TAMS 0x00000000e4f00000, 0x00000000e4f00000| Complete 
| 592|0x00000000e5000000, 0x00000000e5100000, 0x00000000e5100000|100%| E|CS|TAMS 0x00000000e5000000, 0x00000000e5000000| Complete 
| 593|0x00000000e5100000, 0x00000000e5200000, 0x00000000e5200000|100%| O|  |TAMS 0x00000000e5100000, 0x00000000e5100000| Untracked 
| 594|0x00000000e5200000, 0x00000000e5300000, 0x00000000e5300000|100%| E|CS|TAMS 0x00000000e5200000, 0x00000000e5200000| Complete 
| 595|0x00000000e5300000, 0x00000000e5400000, 0x00000000e5400000|100%|HS|  |TAMS 0x00000000e5300000, 0x00000000e5300000| Complete 
| 596|0x00000000e5400000, 0x00000000e5500000, 0x00000000e5500000|100%|HC|  |TAMS 0x00000000e5400000, 0x00000000e5400000| Complete 
| 597|0x00000000e5500000, 0x00000000e5600000, 0x00000000e5600000|100%|HC|  |TAMS 0x00000000e5500000, 0x00000000e5500000| Complete 
| 598|0x00000000e5600000, 0x00000000e5700000, 0x00000000e5700000|100%|HC|  |TAMS 0x00000000e5600000, 0x00000000e5600000| Complete 
| 599|0x00000000e5700000, 0x00000000e5800000, 0x00000000e5800000|100%|HC|  |TAMS 0x00000000e5700000, 0x00000000e5700000| Complete 
| 600|0x00000000e5800000, 0x00000000e5900000, 0x00000000e5900000|100%|HC|  |TAMS 0x00000000e5800000, 0x00000000e5800000| Complete 
| 601|0x00000000e5900000, 0x00000000e5a00000, 0x00000000e5a00000|100%|HC|  |TAMS 0x00000000e5900000, 0x00000000e5900000| Complete 
| 602|0x00000000e5a00000, 0x00000000e5b00000, 0x00000000e5b00000|100%|HC|  |TAMS 0x00000000e5a00000, 0x00000000e5a00000| Complete 
| 603|0x00000000e5b00000, 0x00000000e5c00000, 0x00000000e5c00000|100%|HS|  |TAMS 0x00000000e5b00000, 0x00000000e5b00000| Complete 
| 604|0x00000000e5c00000, 0x00000000e5d00000, 0x00000000e5d00000|100%|HC|  |TAMS 0x00000000e5c00000, 0x00000000e5c00000| Complete 
| 605|0x00000000e5d00000, 0x00000000e5e00000, 0x00000000e5e00000|100%|HC|  |TAMS 0x00000000e5d00000, 0x00000000e5d00000| Complete 
| 606|0x00000000e5e00000, 0x00000000e5f00000, 0x00000000e5f00000|100%|HC|  |TAMS 0x00000000e5e00000, 0x00000000e5e00000| Complete 
| 607|0x00000000e5f00000, 0x00000000e6000000, 0x00000000e6000000|100%|HC|  |TAMS 0x00000000e5f00000, 0x00000000e5f00000| Complete 
| 608|0x00000000e6000000, 0x00000000e6100000, 0x00000000e6100000|100%|HC|  |TAMS 0x00000000e6000000, 0x00000000e6000000| Complete 
| 609|0x00000000e6100000, 0x00000000e6200000, 0x00000000e6200000|100%|HC|  |TAMS 0x00000000e6100000, 0x00000000e6100000| Complete 
| 610|0x00000000e6200000, 0x00000000e6300000, 0x00000000e6300000|100%|HC|  |TAMS 0x00000000e6200000, 0x00000000e6200000| Complete 
| 611|0x00000000e6300000, 0x00000000e6400000, 0x00000000e6400000|100%|HC|  |TAMS 0x00000000e6300000, 0x00000000e6300000| Complete 
| 612|0x00000000e6400000, 0x00000000e6500000, 0x00000000e6500000|100%|HS|  |TAMS 0x00000000e6400000, 0x00000000e6400000| Complete 
| 613|0x00000000e6500000, 0x00000000e6600000, 0x00000000e6600000|100%|HC|  |TAMS 0x00000000e6500000, 0x00000000e6500000| Complete 
| 614|0x00000000e6600000, 0x00000000e6700000, 0x00000000e6700000|100%|HC|  |TAMS 0x00000000e6600000, 0x00000000e6600000| Complete 
| 615|0x00000000e6700000, 0x00000000e6800000, 0x00000000e6800000|100%|HC|  |TAMS 0x00000000e6700000, 0x00000000e6700000| Complete 
| 616|0x00000000e6800000, 0x00000000e6900000, 0x00000000e6900000|100%|HC|  |TAMS 0x00000000e6800000, 0x00000000e6800000| Complete 
| 617|0x00000000e6900000, 0x00000000e6a00000, 0x00000000e6a00000|100%|HC|  |TAMS 0x00000000e6900000, 0x00000000e6900000| Complete 
| 618|0x00000000e6a00000, 0x00000000e6b00000, 0x00000000e6b00000|100%|HC|  |TAMS 0x00000000e6a00000, 0x00000000e6a00000| Complete 
| 619|0x00000000e6b00000, 0x00000000e6c00000, 0x00000000e6c00000|100%|HC|  |TAMS 0x00000000e6b00000, 0x00000000e6b00000| Complete 
| 620|0x00000000e6c00000, 0x00000000e6d00000, 0x00000000e6d00000|100%|HS|  |TAMS 0x00000000e6c00000, 0x00000000e6c00000| Complete 
| 621|0x00000000e6d00000, 0x00000000e6e00000, 0x00000000e6e00000|100%|HC|  |TAMS 0x00000000e6d00000, 0x00000000e6d00000| Complete 
| 622|0x00000000e6e00000, 0x00000000e6f00000, 0x00000000e6f00000|100%|HC|  |TAMS 0x00000000e6e00000, 0x00000000e6e00000| Complete 
| 623|0x00000000e6f00000, 0x00000000e7000000, 0x00000000e7000000|100%|HC|  |TAMS 0x00000000e6f00000, 0x00000000e6f00000| Complete 
| 624|0x00000000e7000000, 0x00000000e7100000, 0x00000000e7100000|100%|HC|  |TAMS 0x00000000e7000000, 0x00000000e7000000| Complete 
| 625|0x00000000e7100000, 0x00000000e7200000, 0x00000000e7200000|100%|HC|  |TAMS 0x00000000e7100000, 0x00000000e7100000| Complete 
| 626|0x00000000e7200000, 0x00000000e7300000, 0x00000000e7300000|100%|HC|  |TAMS 0x00000000e7200000, 0x00000000e7200000| Complete 
| 627|0x00000000e7300000, 0x00000000e7400000, 0x00000000e7400000|100%|HC|  |TAMS 0x00000000e7300000, 0x00000000e7300000| Complete 
| 628|0x00000000e7400000, 0x00000000e7500000, 0x00000000e7500000|100%|HC|  |TAMS 0x00000000e7400000, 0x00000000e7400000| Complete 
| 629|0x00000000e7500000, 0x00000000e7600000, 0x00000000e7600000|100%|HS|  |TAMS 0x00000000e7500000, 0x00000000e7500000| Complete 
| 630|0x00000000e7600000, 0x00000000e7700000, 0x00000000e7700000|100%|HC|  |TAMS 0x00000000e7600000, 0x00000000e7600000| Complete 
| 631|0x00000000e7700000, 0x00000000e7800000, 0x00000000e7800000|100%|HC|  |TAMS 0x00000000e7700000, 0x00000000e7700000| Complete 
| 632|0x00000000e7800000, 0x00000000e7900000, 0x00000000e7900000|100%|HC|  |TAMS 0x00000000e7800000, 0x00000000e7800000| Complete 
| 633|0x00000000e7900000, 0x00000000e7a00000, 0x00000000e7a00000|100%|HC|  |TAMS 0x00000000e7900000, 0x00000000e7900000| Complete 
| 634|0x00000000e7a00000, 0x00000000e7b00000, 0x00000000e7b00000|100%|HC|  |TAMS 0x00000000e7a00000, 0x00000000e7a00000| Complete 
| 635|0x00000000e7b00000, 0x00000000e7c00000, 0x00000000e7c00000|100%|HC|  |TAMS 0x00000000e7b00000, 0x00000000e7b00000| Complete 
| 636|0x00000000e7c00000, 0x00000000e7d00000, 0x00000000e7d00000|100%|HC|  |TAMS 0x00000000e7c00000, 0x00000000e7c00000| Complete 
| 637|0x00000000e7d00000, 0x00000000e7e00000, 0x00000000e7e00000|100%|HS|  |TAMS 0x00000000e7d00000, 0x00000000e7d00000| Complete 
| 638|0x00000000e7e00000, 0x00000000e7f00000, 0x00000000e7f00000|100%|HC|  |TAMS 0x00000000e7e00000, 0x00000000e7e00000| Complete 
| 639|0x00000000e7f00000, 0x00000000e8000000, 0x00000000e8000000|100%|HC|  |TAMS 0x00000000e7f00000, 0x00000000e7f00000| Complete 
| 640|0x00000000e8000000, 0x00000000e8100000, 0x00000000e8100000|100%|HC|  |TAMS 0x00000000e8000000, 0x00000000e8000000| Complete 
| 641|0x00000000e8100000, 0x00000000e8200000, 0x00000000e8200000|100%|HC|  |TAMS 0x00000000e8100000, 0x00000000e8100000| Complete 
| 642|0x00000000e8200000, 0x00000000e8300000, 0x00000000e8300000|100%|HS|  |TAMS 0x00000000e8200000, 0x00000000e8200000| Complete 
| 643|0x00000000e8300000, 0x00000000e8400000, 0x00000000e8400000|100%|HC|  |TAMS 0x00000000e8300000, 0x00000000e8300000| Complete 
| 644|0x00000000e8400000, 0x00000000e8500000, 0x00000000e8500000|100%|HC|  |TAMS 0x00000000e8400000, 0x00000000e8400000| Complete 
| 645|0x00000000e8500000, 0x00000000e8600000, 0x00000000e8600000|100%|HC|  |TAMS 0x00000000e8500000, 0x00000000e8500000| Complete 
| 646|0x00000000e8600000, 0x00000000e8700000, 0x00000000e8700000|100%|HC|  |TAMS 0x00000000e8600000, 0x00000000e8600000| Complete 
| 647|0x00000000e8700000, 0x00000000e8800000, 0x00000000e8800000|100%|HC|  |TAMS 0x00000000e8700000, 0x00000000e8700000| Complete 
| 648|0x00000000e8800000, 0x00000000e8900000, 0x00000000e8900000|100%|HC|  |TAMS 0x00000000e8800000, 0x00000000e8800000| Complete 
| 649|0x00000000e8900000, 0x00000000e8a00000, 0x00000000e8a00000|100%|HC|  |TAMS 0x00000000e8900000, 0x00000000e8900000| Complete 
| 650|0x00000000e8a00000, 0x00000000e8b00000, 0x00000000e8b00000|100%|HC|  |TAMS 0x00000000e8a00000, 0x00000000e8a00000| Complete 
| 651|0x00000000e8b00000, 0x00000000e8c00000, 0x00000000e8c00000|100%|HS|  |TAMS 0x00000000e8b00000, 0x00000000e8b00000| Complete 
| 652|0x00000000e8c00000, 0x00000000e8d00000, 0x00000000e8d00000|100%|HC|  |TAMS 0x00000000e8c00000, 0x00000000e8c00000| Complete 
| 653|0x00000000e8d00000, 0x00000000e8e00000, 0x00000000e8e00000|100%|HC|  |TAMS 0x00000000e8d00000, 0x00000000e8d00000| Complete 
| 654|0x00000000e8e00000, 0x00000000e8f00000, 0x00000000e8f00000|100%|HC|  |TAMS 0x00000000e8e00000, 0x00000000e8e00000| Complete 
| 655|0x00000000e8f00000, 0x00000000e9000000, 0x00000000e9000000|100%|HC|  |TAMS 0x00000000e8f00000, 0x00000000e8f00000| Complete 
| 656|0x00000000e9000000, 0x00000000e9100000, 0x00000000e9100000|100%|HC|  |TAMS 0x00000000e9000000, 0x00000000e9000000| Complete 
| 657|0x00000000e9100000, 0x00000000e9200000, 0x00000000e9200000|100%|HC|  |TAMS 0x00000000e9100000, 0x00000000e9100000| Complete 
| 658|0x00000000e9200000, 0x00000000e9300000, 0x00000000e9300000|100%|HC|  |TAMS 0x00000000e9200000, 0x00000000e9200000| Complete 
| 659|0x00000000e9300000, 0x00000000e9400000, 0x00000000e9400000|100%|HC|  |TAMS 0x00000000e9300000, 0x00000000e9300000| Complete 
| 660|0x00000000e9400000, 0x00000000e9500000, 0x00000000e9500000|100%|HS|  |TAMS 0x00000000e9400000, 0x00000000e9400000| Complete 
| 661|0x00000000e9500000, 0x00000000e9600000, 0x00000000e9600000|100%|HC|  |TAMS 0x00000000e9500000, 0x00000000e9500000| Complete 
| 662|0x00000000e9600000, 0x00000000e9700000, 0x00000000e9700000|100%|HC|  |TAMS 0x00000000e9600000, 0x00000000e9600000| Complete 
| 663|0x00000000e9700000, 0x00000000e9800000, 0x00000000e9800000|100%|HC|  |TAMS 0x00000000e9700000, 0x00000000e9700000| Complete 
| 664|0x00000000e9800000, 0x00000000e9900000, 0x00000000e9900000|100%|HC|  |TAMS 0x00000000e9800000, 0x00000000e9800000| Complete 
| 665|0x00000000e9900000, 0x00000000e9a00000, 0x00000000e9a00000|100%|HS|  |TAMS 0x00000000e9900000, 0x00000000e9900000| Complete 
| 666|0x00000000e9a00000, 0x00000000e9b00000, 0x00000000e9b00000|100%|HC|  |TAMS 0x00000000e9a00000, 0x00000000e9a00000| Complete 
| 667|0x00000000e9b00000, 0x00000000e9c00000, 0x00000000e9c00000|100%|HC|  |TAMS 0x00000000e9b00000, 0x00000000e9b00000| Complete 
| 668|0x00000000e9c00000, 0x00000000e9d00000, 0x00000000e9d00000|100%|HC|  |TAMS 0x00000000e9c00000, 0x00000000e9c00000| Complete 
| 669|0x00000000e9d00000, 0x00000000e9e00000, 0x00000000e9e00000|100%|HC|  |TAMS 0x00000000e9d00000, 0x00000000e9d00000| Complete 
| 670|0x00000000e9e00000, 0x00000000e9f00000, 0x00000000e9f00000|100%|HC|  |TAMS 0x00000000e9e00000, 0x00000000e9e00000| Complete 
| 671|0x00000000e9f00000, 0x00000000ea000000, 0x00000000ea000000|100%|HC|  |TAMS 0x00000000e9f00000, 0x00000000e9f00000| Complete 
| 672|0x00000000ea000000, 0x00000000ea100000, 0x00000000ea100000|100%|HC|  |TAMS 0x00000000ea000000, 0x00000000ea000000| Complete 
| 673|0x00000000ea100000, 0x00000000ea200000, 0x00000000ea200000|100%|HC|  |TAMS 0x00000000ea100000, 0x00000000ea100000| Complete 
| 674|0x00000000ea200000, 0x00000000ea300000, 0x00000000ea300000|100%|HS|  |TAMS 0x00000000ea200000, 0x00000000ea200000| Complete 
| 675|0x00000000ea300000, 0x00000000ea400000, 0x00000000ea400000|100%|HC|  |TAMS 0x00000000ea300000, 0x00000000ea300000| Complete 
| 676|0x00000000ea400000, 0x00000000ea500000, 0x00000000ea500000|100%|HC|  |TAMS 0x00000000ea400000, 0x00000000ea400000| Complete 
| 677|0x00000000ea500000, 0x00000000ea600000, 0x00000000ea600000|100%|HC|  |TAMS 0x00000000ea500000, 0x00000000ea500000| Complete 
| 678|0x00000000ea600000, 0x00000000ea700000, 0x00000000ea700000|100%|HC|  |TAMS 0x00000000ea600000, 0x00000000ea600000| Complete 
| 679|0x00000000ea700000, 0x00000000ea800000, 0x00000000ea800000|100%|HC|  |TAMS 0x00000000ea700000, 0x00000000ea700000| Complete 
| 680|0x00000000ea800000, 0x00000000ea900000, 0x00000000ea900000|100%|HC|  |TAMS 0x00000000ea800000, 0x00000000ea800000| Complete 
| 681|0x00000000ea900000, 0x00000000eaa00000, 0x00000000eaa00000|100%|HC|  |TAMS 0x00000000ea900000, 0x00000000ea900000| Complete 
| 682|0x00000000eaa00000, 0x00000000eab00000, 0x00000000eab00000|100%|HC|  |TAMS 0x00000000eaa00000, 0x00000000eaa00000| Complete 
| 683|0x00000000eab00000, 0x00000000eac00000, 0x00000000eac00000|100%|HS|  |TAMS 0x00000000eab00000, 0x00000000eab00000| Complete 
| 684|0x00000000eac00000, 0x00000000ead00000, 0x00000000ead00000|100%|HC|  |TAMS 0x00000000eac00000, 0x00000000eac00000| Complete 
| 685|0x00000000ead00000, 0x00000000eae00000, 0x00000000eae00000|100%|HC|  |TAMS 0x00000000ead00000, 0x00000000ead00000| Complete 
| 686|0x00000000eae00000, 0x00000000eaf00000, 0x00000000eaf00000|100%|HC|  |TAMS 0x00000000eae00000, 0x00000000eae00000| Complete 
| 687|0x00000000eaf00000, 0x00000000eb000000, 0x00000000eb000000|100%|HC|  |TAMS 0x00000000eaf00000, 0x00000000eaf00000| Complete 
| 688|0x00000000eb000000, 0x00000000eb100000, 0x00000000eb100000|100%|HS|  |TAMS 0x00000000eb000000, 0x00000000eb000000| Complete 
| 689|0x00000000eb100000, 0x00000000eb200000, 0x00000000eb200000|100%|HC|  |TAMS 0x00000000eb100000, 0x00000000eb100000| Complete 
| 690|0x00000000eb200000, 0x00000000eb300000, 0x00000000eb300000|100%|HC|  |TAMS 0x00000000eb200000, 0x00000000eb200000| Complete 
| 691|0x00000000eb300000, 0x00000000eb400000, 0x00000000eb400000|100%|HC|  |TAMS 0x00000000eb300000, 0x00000000eb300000| Complete 
| 692|0x00000000eb400000, 0x00000000eb500000, 0x00000000eb500000|100%|HC|  |TAMS 0x00000000eb400000, 0x00000000eb400000| Complete 
| 693|0x00000000eb500000, 0x00000000eb600000, 0x00000000eb600000|100%|HC|  |TAMS 0x00000000eb500000, 0x00000000eb500000| Complete 
| 694|0x00000000eb600000, 0x00000000eb700000, 0x00000000eb700000|100%|HC|  |TAMS 0x00000000eb600000, 0x00000000eb600000| Complete 
| 695|0x00000000eb700000, 0x00000000eb800000, 0x00000000eb800000|100%|HC|  |TAMS 0x00000000eb700000, 0x00000000eb700000| Complete 
| 696|0x00000000eb800000, 0x00000000eb900000, 0x00000000eb900000|100%|HC|  |TAMS 0x00000000eb800000, 0x00000000eb800000| Complete 
| 697|0x00000000eb900000, 0x00000000eba00000, 0x00000000eba00000|100%|HS|  |TAMS 0x00000000eb900000, 0x00000000eb900000| Complete 
| 698|0x00000000eba00000, 0x00000000ebb00000, 0x00000000ebb00000|100%|HC|  |TAMS 0x00000000eba00000, 0x00000000eba00000| Complete 
| 699|0x00000000ebb00000, 0x00000000ebc00000, 0x00000000ebc00000|100%|HC|  |TAMS 0x00000000ebb00000, 0x00000000ebb00000| Complete 
| 700|0x00000000ebc00000, 0x00000000ebd00000, 0x00000000ebd00000|100%|HC|  |TAMS 0x00000000ebc00000, 0x00000000ebc00000| Complete 
| 701|0x00000000ebd00000, 0x00000000ebe00000, 0x00000000ebe00000|100%|HC|  |TAMS 0x00000000ebd00000, 0x00000000ebd00000| Complete 
| 702|0x00000000ebe00000, 0x00000000ebf00000, 0x00000000ebf00000|100%|HC|  |TAMS 0x00000000ebe00000, 0x00000000ebe00000| Complete 
| 703|0x00000000ebf00000, 0x00000000ec000000, 0x00000000ec000000|100%|HC|  |TAMS 0x00000000ebf00000, 0x00000000ebf00000| Complete 
| 704|0x00000000ec000000, 0x00000000ec100000, 0x00000000ec100000|100%|HC|  |TAMS 0x00000000ec000000, 0x00000000ec000000| Complete 
| 705|0x00000000ec100000, 0x00000000ec200000, 0x00000000ec200000|100%|HC|  |TAMS 0x00000000ec100000, 0x00000000ec100000| Complete 
| 706|0x00000000ec200000, 0x00000000ec300000, 0x00000000ec300000|100%|HS|  |TAMS 0x00000000ec200000, 0x00000000ec200000| Complete 
| 707|0x00000000ec300000, 0x00000000ec400000, 0x00000000ec400000|100%|HC|  |TAMS 0x00000000ec300000, 0x00000000ec300000| Complete 
| 708|0x00000000ec400000, 0x00000000ec500000, 0x00000000ec500000|100%|HC|  |TAMS 0x00000000ec400000, 0x00000000ec400000| Complete 
| 709|0x00000000ec500000, 0x00000000ec600000, 0x00000000ec600000|100%|HC|  |TAMS 0x00000000ec500000, 0x00000000ec500000| Complete 
| 710|0x00000000ec600000, 0x00000000ec700000, 0x00000000ec700000|100%|HC|  |TAMS 0x00000000ec600000, 0x00000000ec600000| Complete 

Card table byte_map: [0x000001e431790000,0x000001e431990000] _byte_map_base: 0x000001e431190000

Marking Bits (Prev, Next): (CMBitMap*) 0x000001e425011608, (CMBitMap*) 0x000001e425011640
 Prev Bits: [0x000001e431b90000, 0x000001e432b90000)
 Next Bits: [0x000001e432b90000, 0x000001e433b90000)

Polling page: 0x000001e422e20000

Metaspace:

Usage:
  Non-class:    135.95 MB capacity,   129.96 MB ( 96%) used,     4.78 MB (  4%) free+waste,     1.20 MB ( <1%) overhead. 
      Class:     29.07 MB capacity,    23.79 MB ( 82%) used,     4.59 MB ( 16%) free+waste,   705.81 KB (  2%) overhead. 
       Both:    165.01 MB capacity,   153.75 MB ( 93%) used,     9.37 MB (  6%) free+waste,     1.89 MB (  1%) overhead. 

Virtual space:
  Non-class space:      138.00 MB reserved,     136.21 MB ( 99%) committed 
      Class space:        1.00 GB reserved,      29.12 MB (  3%) committed 
             Both:        1.13 GB reserved,     165.34 MB ( 14%) committed 

Chunk freelists:
   Non-Class:  79.00 KB
       Class:  31.00 KB
        Both:  110.00 KB

MaxMetaspaceSize: 17179869184.00 GB
CompressedClassSpaceSize: 1.00 GB
Initial GC threshold: 20.80 MB
Current GC threshold: 275.56 MB
CDS: on

CodeCache: size=65536Kb used=44643Kb max_used=44643Kb free=20892Kb
 bounds [0x000001e42d790000, 0x000001e430330000, 0x000001e431790000]
 total_blobs=27079 nmethods=25929 adapters=1071
 compilation: enabled
              stopped_count=0, restarted_count=0
 full_count=0

Compilation events (20 events):
Event: 146.619 Thread 0x000001e444215000 nmethod 25918 0x000001e430324f90 code [0x000001e430325140, 0x000001e430325218]
Event: 146.619 Thread 0x000001e436057800 nmethod 25919 0x000001e430325290 code [0x000001e430325440, 0x000001e430325518]
Event: 146.621 Thread 0x000001e436057800 25921       1       org.apache.parquet.column.EncodingStats$Builder::lambda$addDataEncoding$1 (9 bytes)
Event: 146.621 Thread 0x000001e444215000 25920       1       org.apache.parquet.column.EncodingStats$Builder$$Lambda$4665/0x000000084198f840::apply (8 bytes)
Event: 146.621 Thread 0x000001e436057800 nmethod 25921 0x000001e430325590 code [0x000001e430325740, 0x000001e430325838]
Event: 146.621 Thread 0x000001e444215000 nmethod 25920 0x000001e430325910 code [0x000001e430325ac0, 0x000001e430325c38]
Event: 146.638 Thread 0x000001e436057800 25922       1       org.apache.parquet.schema.Type$Repetition$2::isMoreRestrictiveThan (13 bytes)
Event: 146.639 Thread 0x000001e436057800 nmethod 25922 0x000001e430325d10 code [0x000001e430325ec0, 0x000001e430325fb8]
Event: 146.639 Thread 0x000001e444215000 25923       1       org.apache.parquet.io.ColumnIOFactory$ColumnIOCreatorVisitor::visit (89 bytes)
Event: 146.639 Thread 0x000001e444215000 nmethod 25923 0x000001e430326010 code [0x000001e430326220, 0x000001e430326658]
Event: 146.639 Thread 0x000001e436057800 25924       1       org.apache.parquet.io.PrimitiveColumnIO::<init> (14 bytes)
Event: 146.640 Thread 0x000001e444215000 25925       1       org.apache.parquet.io.GroupColumnIO::add (40 bytes)
Event: 146.640 Thread 0x000001e436057800 nmethod 25924 0x000001e430326890 code [0x000001e430326a40, 0x000001e430326c38]
Event: 146.640 Thread 0x000001e436057800 25926       1       org.apache.parquet.io.PrimitiveColumnIO::setLevels (63 bytes)
Event: 146.640 Thread 0x000001e444215000 nmethod 25925 0x000001e430326d10 code [0x000001e430326ee0, 0x000001e430327068]
Event: 146.641 Thread 0x000001e436057800 nmethod 25926 0x000001e430327190 code [0x000001e430327380, 0x000001e430327878]
Event: 146.721 Thread 0x000001e444215000 25927       1       org.apache.parquet.ParquetReadOptions::getCodecFactory (5 bytes)
Event: 146.722 Thread 0x000001e444215000 nmethod 25927 0x000001e430327a10 code [0x000001e430327bc0, 0x000001e430327c98]
Event: 146.762 Thread 0x000001e436057800 25928       1       org.apache.parquet.hadoop.ColumnChunkPageReadStore$ColumnChunkPageReader::getTotalValueCount (5 bytes)
Event: 146.770 Thread 0x000001e436057800 nmethod 25928 0x000001e430327d10 code [0x000001e430327ec0, 0x000001e430327f98]

GC Heap History (20 events):
Event: 144.684 GC heap before
{Heap before GC invocations=460 (full 0):
 garbage-first heap   total 584704K, used 559352K [0x00000000c0000000, 0x0000000100000000)
  region size 1024K, 28 young (28672K), 4 survivors (4096K)
 Metaspace       used 157439K, capacity 168975K, committed 169304K, reserved 1189888K
  class space    used 24355K, capacity 29766K, committed 29824K, reserved 1048576K
}
Event: 144.689 GC heap after
{Heap after GC invocations=461 (full 0):
 garbage-first heap   total 584704K, used 532649K [0x00000000c0000000, 0x0000000100000000)
  region size 1024K, 2 young (2048K), 2 survivors (2048K)
 Metaspace       used 157439K, capacity 168975K, committed 169304K, reserved 1189888K
  class space    used 24355K, capacity 29766K, committed 29824K, reserved 1048576K
}
Event: 144.762 GC heap before
{Heap before GC invocations=461 (full 0):
 garbage-first heap   total 584704K, used 582825K [0x00000000c0000000, 0x0000000100000000)
  region size 1024K, 26 young (26624K), 2 survivors (2048K)
 Metaspace       used 157439K, capacity 168975K, committed 169304K, reserved 1189888K
  class space    used 24355K, capacity 29766K, committed 29824K, reserved 1048576K
}
Event: 144.768 GC heap after
{Heap after GC invocations=462 (full 0):
 garbage-first heap   total 587776K, used 555511K [0x00000000c0000000, 0x0000000100000000)
  region size 1024K, 3 young (3072K), 3 survivors (3072K)
 Metaspace       used 157439K, capacity 168975K, committed 169304K, reserved 1189888K
  class space    used 24355K, capacity 29766K, committed 29824K, reserved 1048576K
}
Event: 144.768 GC heap before
{Heap before GC invocations=462 (full 0):
 garbage-first heap   total 587776K, used 555511K [0x00000000c0000000, 0x0000000100000000)
  region size 1024K, 4 young (4096K), 3 survivors (3072K)
 Metaspace       used 157439K, capacity 168975K, committed 169304K, reserved 1189888K
  class space    used 24355K, capacity 29766K, committed 29824K, reserved 1048576K
}
Event: 144.775 GC heap after
{Heap after GC invocations=463 (full 0):
 garbage-first heap   total 587776K, used 555404K [0x00000000c0000000, 0x0000000100000000)
  region size 1024K, 2 young (2048K), 2 survivors (2048K)
 Metaspace       used 157439K, capacity 168975K, committed 169304K, reserved 1189888K
  class space    used 24355K, capacity 29766K, committed 29824K, reserved 1048576K
}
Event: 144.856 GC heap before
{Heap before GC invocations=463 (full 0):
 garbage-first heap   total 587776K, used 585100K [0x00000000c0000000, 0x0000000100000000)
  region size 1024K, 23 young (23552K), 2 survivors (2048K)
 Metaspace       used 157439K, capacity 168975K, committed 169304K, reserved 1189888K
  class space    used 24355K, capacity 29766K, committed 29824K, reserved 1048576K
}
Event: 144.862 GC heap after
{Heap after GC invocations=464 (full 0):
 garbage-first heap   total 589824K, used 564188K [0x00000000c0000000, 0x0000000100000000)
  region size 1024K, 2 young (2048K), 2 survivors (2048K)
 Metaspace       used 157439K, capacity 168975K, committed 169304K, reserved 1189888K
  class space    used 24355K, capacity 29766K, committed 29824K, reserved 1048576K
}
Event: 144.914 GC heap before
{Heap before GC invocations=464 (full 0):
 garbage-first heap   total 589824K, used 588764K [0x00000000c0000000, 0x0000000100000000)
  region size 1024K, 16 young (16384K), 2 survivors (2048K)
 Metaspace       used 157439K, capacity 168975K, committed 169304K, reserved 1189888K
  class space    used 24355K, capacity 29766K, committed 29824K, reserved 1048576K
}
Event: 144.920 GC heap after
{Heap after GC invocations=465 (full 0):
 garbage-first heap   total 591872K, used 574539K [0x00000000c0000000, 0x0000000100000000)
  region size 1024K, 2 young (2048K), 2 survivors (2048K)
 Metaspace       used 157439K, capacity 168975K, committed 169304K, reserved 1189888K
  class space    used 24355K, capacity 29766K, committed 29824K, reserved 1048576K
}
Event: 144.982 GC heap before
{Heap before GC invocations=465 (full 0):
 garbage-first heap   total 600064K, used 599115K [0x00000000c0000000, 0x0000000100000000)
  region size 1024K, 16 young (16384K), 2 survivors (2048K)
 Metaspace       used 157439K, capacity 168975K, committed 169304K, reserved 1189888K
  class space    used 24355K, capacity 29766K, committed 29824K, reserved 1048576K
}
Event: 144.986 GC heap after
{Heap after GC invocations=466 (full 0):
 garbage-first heap   total 603136K, used 584518K [0x00000000c0000000, 0x0000000100000000)
  region size 1024K, 3 young (3072K), 3 survivors (3072K)
 Metaspace       used 157439K, capacity 168975K, committed 169304K, reserved 1189888K
  class space    used 24355K, capacity 29766K, committed 29824K, reserved 1048576K
}
Event: 145.028 GC heap before
{Heap before GC invocations=466 (full 0):
 garbage-first heap   total 603136K, used 601926K [0x00000000c0000000, 0x0000000100000000)
  region size 1024K, 15 young (15360K), 3 survivors (3072K)
 Metaspace       used 157439K, capacity 168975K, committed 169304K, reserved 1189888K
  class space    used 24355K, capacity 29766K, committed 29824K, reserved 1048576K
}
Event: 145.032 GC heap after
{Heap after GC invocations=467 (full 0):
 garbage-first heap   total 606208K, used 588270K [0x00000000c0000000, 0x0000000100000000)
  region size 1024K, 3 young (3072K), 3 survivors (3072K)
 Metaspace       used 157439K, capacity 168975K, committed 169304K, reserved 1189888K
  class space    used 24355K, capacity 29766K, committed 29824K, reserved 1048576K
}
Event: 145.061 GC heap before
{Heap before GC invocations=467 (full 0):
 garbage-first heap   total 606208K, used 605678K [0x00000000c0000000, 0x0000000100000000)
  region size 1024K, 11 young (11264K), 3 survivors (3072K)
 Metaspace       used 157439K, capacity 168975K, committed 169304K, reserved 1189888K
  class space    used 24355K, capacity 29766K, committed 29824K, reserved 1048576K
}
Event: 145.064 GC heap after
{Heap after GC invocations=468 (full 0):
 garbage-first heap   total 609280K, used 596266K [0x00000000c0000000, 0x0000000100000000)
  region size 1024K, 2 young (2048K), 2 survivors (2048K)
 Metaspace       used 157439K, capacity 168975K, committed 169304K, reserved 1189888K
  class space    used 24355K, capacity 29766K, committed 29824K, reserved 1048576K
}
Event: 145.201 GC heap before
{Heap before GC invocations=468 (full 0):
 garbage-first heap   total 617472K, used 604458K [0x00000000c0000000, 0x0000000100000000)
  region size 1024K, 29 young (29696K), 2 survivors (2048K)
 Metaspace       used 157439K, capacity 168975K, committed 169304K, reserved 1189888K
  class space    used 24355K, capacity 29766K, committed 29824K, reserved 1048576K
}
Event: 145.206 GC heap after
{Heap after GC invocations=469 (full 0):
 garbage-first heap   total 617472K, used 574911K [0x00000000c0000000, 0x0000000100000000)
  region size 1024K, 2 young (2048K), 2 survivors (2048K)
 Metaspace       used 157439K, capacity 168975K, committed 169304K, reserved 1189888K
  class space    used 24355K, capacity 29766K, committed 29824K, reserved 1048576K
}
Event: 146.270 GC heap before
{Heap before GC invocations=470 (full 0):
 garbage-first heap   total 680960K, used 672191K [0x00000000c0000000, 0x0000000100000000)
  region size 1024K, 31 young (31744K), 2 survivors (2048K)
 Metaspace       used 157439K, capacity 168975K, committed 169304K, reserved 1189888K
  class space    used 24355K, capacity 29766K, committed 29824K, reserved 1048576K
}
Event: 146.423 GC heap after
{Heap after GC invocations=471 (full 0):
 garbage-first heap   total 680960K, used 644529K [0x00000000c0000000, 0x0000000100000000)
  region size 1024K, 4 young (4096K), 4 survivors (4096K)
 Metaspace       used 157439K, capacity 168975K, committed 169304K, reserved 1189888K
  class space    used 24355K, capacity 29766K, committed 29824K, reserved 1048576K
}

Deoptimization events (8 events):
Event: 3.616 Thread 0x000001e422cce800 DEOPT PACKING pc=0x000001e42d9423ac sp=0x000000acf28fdb90
Event: 3.616 Thread 0x000001e422cce800 DEOPT UNPACKING pc=0x000001e42d7da95e sp=0x000000acf28fd058 mode 0
Event: 5.203 Thread 0x000001e43a67e800 DEOPT PACKING pc=0x000001e42dd0d6fc sp=0x000000acf3efd100
Event: 5.203 Thread 0x000001e43a67e800 DEOPT UNPACKING pc=0x000001e42d7da95e sp=0x000000acf3efc628 mode 0
Event: 11.845 Thread 0x000001e43a67e800 DEOPT PACKING pc=0x000001e42d9e694c sp=0x000000acf3efc2a0
Event: 11.845 Thread 0x000001e43a67e800 DEOPT UNPACKING pc=0x000001e42d7da95e sp=0x000000acf3efb7b8 mode 0
Event: 102.201 Thread 0x000001e4391d3800 DEOPT PACKING pc=0x000001e42dfdfe48 sp=0x000000acfcffebd0
Event: 102.202 Thread 0x000001e4391d3800 DEOPT UNPACKING pc=0x000001e42d7da95e sp=0x000000acfcffe150 mode 3

Classes redefined (0 events):
No events

Internal exceptions (20 events):
Event: 135.593 Thread 0x000001e43a67e800 Exception <a 'org/apache/hadoop/io/nativeio/NativeIOException'{0x00000000daa6c908}> (0x00000000daa6c908) thrown at [s\src\hotspot\share\prims\jni.cpp, line 617]
Event: 136.022 Thread 0x000001e43a67e800 Exception <a 'java/lang/reflect/InvocationTargetException'{0x00000000da830fb8}> (0x00000000da830fb8) thrown at [s\src\hotspot\share\runtime\reflection.cpp, line 1245]
Event: 142.596 Thread 0x000001e43a67e800 Exception <a 'java/lang/NoSuchMethodError'{0x00000000dfce3878}: <clinit>> (0x00000000dfce3878) thrown at [s\src\hotspot\share\prims\jni.cpp, line 1372]
Event: 142.600 Thread 0x000001e43a67e800 Exception <a 'java/lang/NoSuchMethodError'{0x00000000dfb4ec58}: <clinit>> (0x00000000dfb4ec58) thrown at [s\src\hotspot\share\prims\jni.cpp, line 1372]
Event: 142.603 Thread 0x000001e43a67e800 Exception <a 'java/lang/NoSuchMethodError'{0x00000000dfbbd458}: <clinit>> (0x00000000dfbbd458) thrown at [s\src\hotspot\share\prims\jni.cpp, line 1372]
Event: 142.604 Thread 0x000001e43a67e800 Exception <a 'java/lang/NoSuchMethodError'{0x00000000dfbbf160}: <clinit>> (0x00000000dfbbf160) thrown at [s\src\hotspot\share\prims\jni.cpp, line 1372]
Event: 142.604 Thread 0x000001e43a67e800 Exception <a 'java/lang/NoSuchMethodError'{0x00000000dfbc1060}: <clinit>> (0x00000000dfbc1060) thrown at [s\src\hotspot\share\prims\jni.cpp, line 1372]
Event: 142.604 Thread 0x000001e43a67e800 Exception <a 'java/lang/NoSuchMethodError'{0x00000000dfbd0518}: <clinit>> (0x00000000dfbd0518) thrown at [s\src\hotspot\share\prims\jni.cpp, line 1372]
Event: 142.608 Thread 0x000001e43a67e800 Exception <a 'java/lang/NoSuchMethodError'{0x00000000dfbfe318}: <clinit>> (0x00000000dfbfe318) thrown at [s\src\hotspot\share\prims\jni.cpp, line 1372]
Event: 142.609 Thread 0x000001e43a67e800 Exception <a 'java/lang/NoSuchMethodError'{0x00000000dfa0adb8}: <clinit>> (0x00000000dfa0adb8) thrown at [s\src\hotspot\share\prims\jni.cpp, line 1372]
Event: 142.623 Thread 0x000001e438d2d800 Exception <a 'java/lang/NoSuchMethodError'{0x00000000df98c138}: <clinit>> (0x00000000df98c138) thrown at [s\src\hotspot\share\prims\jni.cpp, line 1372]
Event: 142.627 Thread 0x000001e438d2d800 Exception <a 'java/lang/NoSuchMethodError'{0x00000000df9c2f20}: <clinit>> (0x00000000df9c2f20) thrown at [s\src\hotspot\share\prims\jni.cpp, line 1372]
Event: 142.627 Thread 0x000001e438d2d800 Exception <a 'java/lang/NoSuchMethodError'{0x00000000df9c6fb8}: <clinit>> (0x00000000df9c6fb8) thrown at [s\src\hotspot\share\prims\jni.cpp, line 1372]
Event: 142.627 Thread 0x000001e438d2d800 Exception <a 'java/lang/NoSuchMethodError'{0x00000000df9c9950}: <clinit>> (0x00000000df9c9950) thrown at [s\src\hotspot\share\prims\jni.cpp, line 1372]
Event: 142.629 Thread 0x000001e438d2d800 Exception <a 'java/lang/NoSuchMethodError'{0x00000000df9dbd88}: <clinit>> (0x00000000df9dbd88) thrown at [s\src\hotspot\share\prims\jni.cpp, line 1372]
Event: 142.632 Thread 0x000001e438d2d800 Exception <a 'java/lang/NoSuchMethodError'{0x00000000df9fa698}: <clinit>> (0x00000000df9fa698) thrown at [s\src\hotspot\share\prims\jni.cpp, line 1372]
Event: 142.633 Thread 0x000001e438d2d800 Exception <a 'java/lang/NoSuchMethodError'{0x00000000df807b40}: <clinit>> (0x00000000df807b40) thrown at [s\src\hotspot\share\prims\jni.cpp, line 1372]
Event: 142.634 Thread 0x000001e438d2d800 Exception <a 'java/lang/NoSuchMethodError'{0x00000000df82f520}: <clinit>> (0x00000000df82f520) thrown at [s\src\hotspot\share\prims\jni.cpp, line 1372]
Event: 142.634 Thread 0x000001e438d2d800 Exception <a 'java/lang/NoSuchMethodError'{0x00000000df839ec8}: <clinit>> (0x00000000df839ec8) thrown at [s\src\hotspot\share\prims\jni.cpp, line 1372]
Event: 142.635 Thread 0x000001e438d2d800 Exception <a 'java/lang/NoSuchMethodError'{0x00000000df858aa0}: <clinit>> (0x00000000df858aa0) thrown at [s\src\hotspot\share\prims\jni.cpp, line 1372]

Events (20 events):
Event: 145.028 Executing VM operation: G1CollectForAllocation
Event: 145.032 Executing VM operation: G1CollectForAllocation done
Event: 145.059 Executing VM operation: G1CollectForAllocation
Event: 145.064 Executing VM operation: G1CollectForAllocation done
Event: 145.093 Executing VM operation: CGC_Operation
Event: 145.118 Executing VM operation: CGC_Operation done
Event: 145.201 Executing VM operation: G1CollectForAllocation
Event: 145.206 Executing VM operation: G1CollectForAllocation done
Event: 145.302 Executing VM operation: CGC_Operation
Event: 145.533 Executing VM operation: CGC_Operation done
Event: 146.109 Executing VM operation: RevokeBias
Event: 146.126 Executing VM operation: RevokeBias done
Event: 146.128 Executing VM operation: RevokeBias
Event: 146.137 Executing VM operation: RevokeBias done
Event: 146.137 Executing VM operation: RevokeBias
Event: 146.137 Executing VM operation: RevokeBias done
Event: 146.138 Executing VM operation: RevokeBias
Event: 146.139 Executing VM operation: RevokeBias done
Event: 146.261 Executing VM operation: G1CollectForAllocation
Event: 146.427 Executing VM operation: G1CollectForAllocation done


Dynamic libraries:
0x00007ff689d20000 - 0x00007ff689d2e000 	C:\Program Files\Microsoft\jdk-11.0.30.7-hotspot\bin\java.exe
0x00007ffc44af0000 - 0x00007ffc44ce8000 	C:\Windows\SYSTEM32\ntdll.dll
0x00007ffc449e0000 - 0x00007ffc44aa2000 	C:\Windows\System32\KERNEL32.DLL
0x00007ffc42700000 - 0x00007ffc429f6000 	C:\Windows\System32\KERNELBASE.dll
0x00007ffc42180000 - 0x00007ffc42280000 	C:\Windows\System32\ucrtbase.dll
0x00007ffc17eb0000 - 0x00007ffc17ec8000 	C:\Program Files\Microsoft\jdk-11.0.30.7-hotspot\bin\jli.dll
0x00007ffc17370000 - 0x00007ffc1738e000 	C:\Program Files\Microsoft\jdk-11.0.30.7-hotspot\bin\VCRUNTIME140.dll
0x00007ffc44450000 - 0x00007ffc445f1000 	C:\Windows\System32\USER32.dll
0x00007ffc426d0000 - 0x00007ffc426f2000 	C:\Windows\System32\win32u.dll
0x00007ffc2ca20000 - 0x00007ffc2ccbb000 	C:\Windows\WinSxS\amd64_microsoft.windows.common-controls_6595b64144ccf1df_6.0.19041.6456_none_60b8a6cb71f64256\COMCTL32.dll
0x00007ffc43350000 - 0x00007ffc4337b000 	C:\Windows\System32\GDI32.dll
0x00007ffc43bc0000 - 0x00007ffc43c5e000 	C:\Windows\System32\msvcrt.dll
0x00007ffc42360000 - 0x00007ffc42479000 	C:\Windows\System32\gdi32full.dll
0x00007ffc425e0000 - 0x00007ffc4267d000 	C:\Windows\System32\msvcp_win.dll
0x00007ffc43460000 - 0x00007ffc4348f000 	C:\Windows\System32\IMM32.DLL
0x00007ffc3a120000 - 0x00007ffc3a12c000 	C:\Program Files\Microsoft\jdk-11.0.30.7-hotspot\bin\vcruntime140_1.dll
0x00007ffc0bd90000 - 0x00007ffc0be1d000 	C:\Program Files\Microsoft\jdk-11.0.30.7-hotspot\bin\msvcp140.dll
0x00007ffb65250000 - 0x00007ffb65e26000 	C:\Program Files\Microsoft\jdk-11.0.30.7-hotspot\bin\server\jvm.dll
0x00007ffc43290000 - 0x00007ffc43341000 	C:\Windows\System32\ADVAPI32.dll
0x00007ffc43d80000 - 0x00007ffc43e1f000 	C:\Windows\System32\sechost.dll
0x00007ffc43970000 - 0x00007ffc43a90000 	C:\Windows\System32\RPCRT4.dll
0x00007ffc42330000 - 0x00007ffc42357000 	C:\Windows\System32\bcrypt.dll
0x00007ffc43860000 - 0x00007ffc438cb000 	C:\Windows\System32\WS2_32.dll
0x00007ffc39de0000 - 0x00007ffc39dea000 	C:\Windows\SYSTEM32\VERSION.dll
0x00007ffc2daf0000 - 0x00007ffc2db17000 	C:\Windows\SYSTEM32\WINMM.dll
0x00007ffc409c0000 - 0x00007ffc409d2000 	C:\Windows\SYSTEM32\kernel.appcore.dll
0x00007ffc255d0000 - 0x00007ffc255e0000 	C:\Program Files\Microsoft\jdk-11.0.30.7-hotspot\bin\verify.dll
0x00007ffc40640000 - 0x00007ffc40841000 	C:\Windows\SYSTEM32\DBGHELP.DLL
0x00007ffc326c0000 - 0x00007ffc326f4000 	C:\Windows\SYSTEM32\dbgcore.DLL
0x00007ffc42a00000 - 0x00007ffc42a82000 	C:\Windows\System32\bcryptPrimitives.dll
0x00007ffc172f0000 - 0x00007ffc1731a000 	C:\Program Files\Microsoft\jdk-11.0.30.7-hotspot\bin\java.dll
0x00007ffc25410000 - 0x00007ffc2541a000 	C:\Program Files\Microsoft\jdk-11.0.30.7-hotspot\bin\jimage.dll
0x00007ffc17350000 - 0x00007ffc17368000 	C:\Program Files\Microsoft\jdk-11.0.30.7-hotspot\bin\zip.dll
0x00007ffc42b10000 - 0x00007ffc43280000 	C:\Windows\System32\SHELL32.dll
0x00007ffc3fdc0000 - 0x00007ffc40565000 	C:\Windows\SYSTEM32\windows.storage.dll
0x00007ffc43490000 - 0x00007ffc437e4000 	C:\Windows\System32\combase.dll
0x00007ffc41ad0000 - 0x00007ffc41afb000 	C:\Windows\SYSTEM32\Wldp.dll
0x00007ffc43af0000 - 0x00007ffc43bbd000 	C:\Windows\System32\OLEAUT32.dll
0x00007ffc442f0000 - 0x00007ffc4439d000 	C:\Windows\System32\SHCORE.dll
0x00007ffc43800000 - 0x00007ffc4385b000 	C:\Windows\System32\shlwapi.dll
0x00007ffc420b0000 - 0x00007ffc420d4000 	C:\Windows\SYSTEM32\profapi.dll
0x00007ffc136e0000 - 0x00007ffc136fb000 	C:\Program Files\Microsoft\jdk-11.0.30.7-hotspot\bin\net.dll
0x00007ffc314e0000 - 0x00007ffc315ea000 	C:\Windows\SYSTEM32\WINHTTP.dll
0x00007ffc41830000 - 0x00007ffc4189a000 	C:\Windows\system32\mswsock.dll
0x00007ffc11970000 - 0x00007ffc11983000 	C:\Program Files\Microsoft\jdk-11.0.30.7-hotspot\bin\nio.dll
0x00007ffc1f3e0000 - 0x00007ffc1f3ea000 	C:\Program Files\Microsoft\jdk-11.0.30.7-hotspot\bin\management.dll
0x00007ffc1d540000 - 0x00007ffc1d54c000 	C:\Program Files\Microsoft\jdk-11.0.30.7-hotspot\bin\management_ext.dll
0x00007ffc437f0000 - 0x00007ffc437f8000 	C:\Windows\System32\PSAPI.DLL
0x00007ffc39ad0000 - 0x00007ffc39ae7000 	C:\Windows\system32\napinsp.dll
0x00007ffc32710000 - 0x00007ffc3272b000 	C:\Windows\system32\pnrpnsp.dll
0x00007ffc3c5b0000 - 0x00007ffc3c5cd000 	C:\Windows\system32\wshbth.dll
0x00007ffc39910000 - 0x00007ffc3992d000 	C:\Windows\system32\NLAapi.dll
0x00007ffc41510000 - 0x00007ffc4154b000 	C:\Windows\SYSTEM32\IPHLPAPI.DLL
0x00007ffc41550000 - 0x00007ffc4161a000 	C:\Windows\SYSTEM32\DNSAPI.dll
0x00007ffc43280000 - 0x00007ffc43288000 	C:\Windows\System32\NSI.dll
0x00007ffc30eb0000 - 0x00007ffc30ec2000 	C:\Windows\System32\winrnr.dll
0x0000000054090000 - 0x00000000540b6000 	C:\Program Files\Bonjour\mdnsNSP.dll
0x00007ffc2f170000 - 0x00007ffc2f17a000 	C:\Windows\System32\rasadhlp.dll
0x00007ffc2d4e0000 - 0x00007ffc2d560000 	C:\Windows\System32\fwpuclnt.dll
0x00007ffc41a20000 - 0x00007ffc41a38000 	C:\Windows\SYSTEM32\CRYPTSP.dll
0x00007ffc41150000 - 0x00007ffc41188000 	C:\Windows\system32\rsaenh.dll
0x00007ffc42070000 - 0x00007ffc4209e000 	C:\Windows\SYSTEM32\USERENV.dll
0x00007ffc41a40000 - 0x00007ffc41a4c000 	C:\Windows\SYSTEM32\CRYPTBASE.dll
0x00007ffc31d50000 - 0x00007ffc31d67000 	C:\Windows\SYSTEM32\dhcpcsvc6.DLL
0x00007ffc32230000 - 0x00007ffc3224d000 	C:\Windows\SYSTEM32\dhcpcsvc.DLL
0x00007ffc0f1f0000 - 0x00007ffc0f207000 	C:\hadoop\bin\hadoop.dll
0x00007ffc40e70000 - 0x00007ffc40ebf000 	C:\Windows\SYSTEM32\AUTHZ.dll
0x00007ffc2be20000 - 0x00007ffc2be39000 	C:\Windows\SYSTEM32\NETAPI32.dll
0x00007ffc2bd10000 - 0x00007ffc2bd29000 	C:\Windows\SYSTEM32\SAMCLI.DLL
0x00007ffc41620000 - 0x00007ffc4162c000 	C:\Windows\SYSTEM32\NETUTILS.DLL
0x00007ffc1d4f0000 - 0x00007ffc1d4f9000 	C:\Program Files\Microsoft\jdk-11.0.30.7-hotspot\bin\jaas.dll
0x00007ffc413a0000 - 0x00007ffc413d3000 	C:\Windows\SYSTEM32\ntmarta.dll
0x0000000066f40000 - 0x0000000066fc4000 	C:\Users\koffi\AppData\Local\Temp\liblz4-java-156165020526541091.so
0x0000000070fc0000 - 0x000000007108d000 	C:\Users\koffi\AppData\Local\Temp\snappy-1.1.10-a1cd812e-82a3-4d81-ba3d-b48097cf385e-snappyjava.dll

dbghelp: loaded successfully - version: 4.0.5 - missing functions: none
symbol engine: initialized successfully - sym options: 0x614 - pdb path: .;C:\Program Files\Microsoft\jdk-11.0.30.7-hotspot\bin;C:\Windows\SYSTEM32;C:\Windows\WinSxS\amd64_microsoft.windows.common-controls_6595b64144ccf1df_6.0.19041.6456_none_60b8a6cb71f64256;C:\Program Files\Microsoft\jdk-11.0.30.7-hotspot\bin\server;C:\Program Files\Bonjour;C:\hadoop\bin;C:\Users\koffi\AppData\Local\Temp

VM Arguments:
jvm_args: -Xmx1g -Djava.library.path=C:/hadoop/bin -Dhadoop.home.dir=C:/hadoop -XX:TieredStopAtLevel=1 -XX:ReservedCodeCacheSize=64m -XX:+IgnoreUnrecognizedVMOptions --add-opens=java.base/java.lang=ALL-UNNAMED --add-opens=java.base/java.lang.invoke=ALL-UNNAMED --add-opens=java.base/java.lang.reflect=ALL-UNNAMED --add-opens=java.base/java.io=ALL-UNNAMED --add-opens=java.base/java.net=ALL-UNNAMED --add-opens=java.base/java.nio=ALL-UNNAMED --add-opens=java.base/java.util=ALL-UNNAMED --add-opens=java.base/java.util.concurrent=ALL-UNNAMED --add-opens=java.base/java.util.concurrent.atomic=ALL-UNNAMED --add-opens=java.base/jdk.internal.ref=ALL-UNNAMED --add-opens=java.base/sun.nio.ch=ALL-UNNAMED --add-opens=java.base/sun.nio.cs=ALL-UNNAMED --add-opens=java.base/sun.security.action=ALL-UNNAMED --add-opens=java.base/sun.util.calendar=ALL-UNNAMED --add-opens=java.security.jgss/sun.security.krb5=ALL-UNNAMED -Djdk.reflect.useDirectMethodHandle=false 
java_command: org.apache.spark.deploy.SparkSubmit --conf spark.executor.memory=512m --conf spark.master=local[*] --conf spark.driver.memory=1g --conf spark.jars.packages=io.delta:delta-spark_2.12:3.1.0 --conf spark.sql.catalog.spark_catalog=org.apache.spark.sql.delta.catalog.DeltaCatalog --conf spark.app.name=axa-claims-lakehouse --conf spark.memory.storageFraction=0.3 --conf spark.executor.cores=2 --conf spark.sql.shuffle.partitions=2 --conf spark.hadoop.io.native.lib.available=false --conf spark.sql.extensions=io.delta.sql.DeltaSparkSessionExtension --conf spark.kryo.registrationRequired=false --conf spark.default.parallelism=4 --conf spark.databricks.delta.optimizeWrite.enabled=true --conf spark.sql.adaptive.enabled=true --conf spark.sql.autoBroadcastJoinThreshold=10m --conf spark.sql.adaptive.coalescePartitions.enabled=true --conf spark.serializer=org.apache.spark.serializer.KryoSerializer --conf spark.memory.fraction=0.6 --conf spark.executor.extraJavaOptions=-Djava.library.path=C:/hadoop/bin -Dhadoop.home.dir=C:/hadoop -XX:TieredStopAtLevel=1 -XX:ReservedCodeCacheSize=64m --conf spark.databricks.delta.schema.autoMerge.enabled=true --conf spark.sql.adaptive.skewJoin.enabled=true --conf spark.driver.extraJavaOptions=-Djava.library.path=C:/hadoop/bin -Dhadoop.home.dir=C:/hadoop -XX:TieredStopAtLevel=1 -XX:ReservedCodeCacheSize=64m pyspark-shell
java_class_path (initial): C:\Users\koffi\anaconda3\Lib\site-packages\pyspark\bin\..\conf;C:\Users\koffi\anaconda3\Lib\site-packages\pyspark\bin\..\jars\activation-1.1.1.jar;C:\Users\koffi\anaconda3\Lib\site-packages\pyspark\bin\..\jars\aircompressor-0.26.jar;C:\Users\koffi\anaconda3\Lib\site-packages\pyspark\bin\..\jars\algebra_2.12-2.0.1.jar;C:\Users\koffi\anaconda3\Lib\site-packages\pyspark\bin\..\jars\annotations-17.0.0.jar;C:\Users\koffi\anaconda3\Lib\site-packages\pyspark\bin\..\jars\antlr-runtime-3.5.2.jar;C:\Users\koffi\anaconda3\Lib\site-packages\pyspark\bin\..\jars\antlr4-runtime-4.9.3.jar;C:\Users\koffi\anaconda3\Lib\site-packages\pyspark\bin\..\jars\aopalliance-repackaged-2.6.1.jar;C:\Users\koffi\anaconda3\Lib\site-packages\pyspark\bin\..\jars\arpack-3.0.3.jar;C:\Users\koffi\anaconda3\Lib\site-packages\pyspark\bin\..\jars\arpack_combined_all-0.1.jar;C:\Users\koffi\anaconda3\Lib\site-packages\pyspark\bin\..\jars\arrow-format-12.0.1.jar;C:\Users\koffi\anaconda3\Lib\site-packages\pyspark\bin\..\jars\arrow-memory-core-12.0.1.jar;C:\Users\koffi\anaconda3\Lib\site-packages\pyspark\bin\..\jars\arrow-memory-netty-12.0.1.jar;C:\Users\koffi\anaconda3\Lib\site-packages\pyspark\bin\..\jars\arrow-vector-12.0.1.jar;C:\Users\koffi\anaconda3\Lib\site-packages\pyspark\bin\..\jars\audience-annotations-0.5.0.jar;C:\Users\koffi\anaconda3\Lib\site-packages\pyspark\bin\..\jars\avro-1.11.2.jar;C:\Users\koffi\anaconda3\Lib\site-packages\pyspark\bin\..\jars\avro-ipc-1.11.2.jar;C:\Users\koffi\anaconda3\Lib\site-packages\pyspark\bin\..\jars\avro-mapred-1.11.2.jar;C:\Users\koffi\anaconda3\Lib\site-packages\pyspark\bin\..\jars\blas-3.0.3.jar;C:\Users\koffi\anaconda3\Lib\site-packages\pyspark\bin\..\jars\bonecp-0.8.0.RELEASE.jar;C:\Users\koffi\anaconda3\Lib\site-packages\pyspark\bin\..\jars\breeze-macros_2.12-2.1.0.jar;C:\Users\koffi\anaconda3\Lib\site-packages\pyspark\bin\..\jars\breeze_2.12-2.1.0.jar;C:\Users\koffi\anaconda3\Lib\site-packages\pyspark\bin\..\jars\cats-kernel_2.12-
Launcher Type: SUN_STANDARD

[Global flags]
     intx CICompilerCount                          = 3                                         {product} {ergonomic}
     uint ConcGCThreads                            = 1                                         {product} {ergonomic}
     uint G1ConcRefinementThreads                  = 4                                         {product} {ergonomic}
   size_t G1HeapRegionSize                         = 1048576                                   {product} {ergonomic}
    uintx GCDrainStackTargetSize                   = 64                                        {product} {ergonomic}
     bool IgnoreUnrecognizedVMOptions              = true                                      {product} {command line}
   size_t InitialHeapSize                          = 134217728                                 {product} {ergonomic}
   size_t MarkStackSize                            = 4194304                                   {product} {ergonomic}
   size_t MaxHeapSize                              = 1073741824                                {product} {command line}
   size_t MaxNewSize                               = 643825664                                 {product} {ergonomic}
   size_t MinHeapDeltaBytes                        = 1048576                                   {product} {ergonomic}
    uintx NonProfiledCodeHeapSize                  = 0                                      {pd product} {ergonomic}
    uintx ProfiledCodeHeapSize                     = 0                                      {pd product} {ergonomic}
    uintx ReservedCodeCacheSize                    = 67108864                               {pd product} {command line}
     intx TieredStopAtLevel                        = 1                                         {product} {command line}
     bool UseCompressedClassPointers               = true                                 {lp64_product} {ergonomic}
     bool UseCompressedOops                        = true                                 {lp64_product} {ergonomic}
     bool UseG1GC                                  = true                                      {product} {ergonomic}
     bool UseLargePagesIndividualAllocation        = false                                  {pd product} {ergonomic}

Logging:
Log output configuration:
 #0: stdout all=warning uptime,level,tags
 #1: stderr all=off uptime,level,tags

Environment Variables:
JAVA_HOME=C:\Program Files\Microsoft\jdk-11.0.30.7-hotspot
PATH=C:\hadoop\bin;C:\Users\koffi\anaconda3;C:\Users\koffi\anaconda3\Library\mingw-w64\bin;C:\Users\koffi\anaconda3\Library\usr\bin;C:\Users\koffi\anaconda3\Library\bin;C:\Users\koffi\anaconda3\Scripts;C:\Users\koffi\anaconda3\bin;C:\Users\koffi\anaconda3\condabin;C:\Program Files\Microsoft\jdk-11.0.30.7-hotspot\bin;C:\Windows\system32;C:\Windows;C:\Windows\System32\Wbem;C:\Windows\System32\WindowsPowerShell\v1.0;C:\Windows\System32\OpenSSH;C:\Program Files\Git\cmd;C:\Users\koffi\AppData\Local\Microsoft\WindowsApps;C:\Users\koffi\bg\blp\DAPI;C:\Users\koffi\bg\blp\DAPI\DDE;C:\Users\koffi\AppData\Local\Programs\Antigravity\bin;C:\Users\koffi\AppData\Local\Python\bin;C:\Program Files\Microsoft\jdk-11.0.30.7-hotspot\bin
USERNAME=koffi
OS=Windows_NT
PROCESSOR_IDENTIFIER=Intel64 Family 6 Model 78 Stepping 3, GenuineIntel
TMP=C:\Users\koffi\AppData\Local\Temp
TEMP=C:\Users\koffi\AppData\Local\Temp



---------------  S Y S T E M  ---------------

OS: Windows 10 , 64 bit Build 19041 (10.0.19041.5915)
OS uptime: 104 days 9:18 hours

CPU:total 4 (initial active 4) (2 cores per cpu, 2 threads per core) family 6 model 78 stepping 3 microcode 0xf0, cmov, cx8, fxsr, mmx, sse, sse2, sse3, ssse3, sse4.1, sse4.2, popcnt, avx, avx2, aes, clmul, erms, rtm, 3dnowpref, lzcnt, ht, tsc, tscinvbit, bmi1, bmi2, adx, fma

Memory: 4k page, system-wide physical 8087M (440M free)
TotalPageFile size 23242M (AvailPageFile size 4M)
current process WorkingSet (physical memory assigned to process): 482M, peak: 940M
current process commit charge ("private bytes"): 1136M, peak: 1144M

vm_info: OpenJDK 64-Bit Server VM (11.0.30+7-LTS) for windows-amd64 JRE (11.0.30+7-LTS), built on Jan 14 2026 18:06:18 by "MicrosoftCorporation" with unknown MS VC++:1943

END.
