#
# There is insufficient memory for the Java Runtime Environment to continue.
# Native memory allocation (malloc) failed to allocate 1795376 bytes for Chunk::new
# Possible reasons:
#   The system is out of physical RAM or swap space
#   The process is running with CompressedOops enabled, and the Java Heap may be blocking the growth of the native heap
# Possible solutions:
#   Reduce memory load on the system
#   Increase physical memory or swap space
#   Check if swap backing store is full
#   Decrease Java heap size (-Xmx/-Xms)
#   Decrease number of Java threads
#   Decrease Java thread stack sizes (-Xss)
#   Set larger code cache with -XX:ReservedCodeCacheSize=
#   JVM is running with Unscaled Compressed Oops mode in which the Java heap is
#     placed in the first 4GB address space. The Java Heap base address is the
#     maximum limit for the native heap growth. Please use -XX:HeapBaseMinAddress
#     to set the Java Heap base and to place the Java Heap above 4GB virtual address.
# This output file may be truncated or incomplete.
#
#  Out of Memory Error (arena.cpp:197), pid=22728, tid=25736
#
# JRE version: OpenJDK Runtime Environment Microsoft-13096984 (11.0.30+7) (build 11.0.30+7-LTS)
# Java VM: OpenJDK 64-Bit Server VM Microsoft-13096984 (11.0.30+7-LTS, mixed mode, sharing, tiered, compressed oops, g1 gc, windows-amd64)
# No core dump will be written. Minidumps are not enabled by default on client versions of Windows
#

---------------  S U M M A R Y ------------

Command Line: -Xmx2g -Djava.library.path=C:/hadoop/bin -Dhadoop.home.dir=C:/hadoop -XX:+IgnoreUnrecognizedVMOptions --add-opens=java.base/java.lang=ALL-UNNAMED --add-opens=java.base/java.lang.invoke=ALL-UNNAMED --add-opens=java.base/java.lang.reflect=ALL-UNNAMED --add-opens=java.base/java.io=ALL-UNNAMED --add-opens=java.base/java.net=ALL-UNNAMED --add-opens=java.base/java.nio=ALL-UNNAMED --add-opens=java.base/java.util=ALL-UNNAMED --add-opens=java.base/java.util.concurrent=ALL-UNNAMED --add-opens=java.base/java.util.concurrent.atomic=ALL-UNNAMED --add-opens=java.base/jdk.internal.ref=ALL-UNNAMED --add-opens=java.base/sun.nio.ch=ALL-UNNAMED --add-opens=java.base/sun.nio.cs=ALL-UNNAMED --add-opens=java.base/sun.security.action=ALL-UNNAMED --add-opens=java.base/sun.util.calendar=ALL-UNNAMED --add-opens=java.security.jgss/sun.security.krb5=ALL-UNNAMED -Djdk.reflect.useDirectMethodHandle=false org.apache.spark.deploy.SparkSubmit --conf spark.executor.memory=1g --conf spark.master=local[*] --conf spark.driver.memory=2g --conf spark.jars.packages=io.delta:delta-spark_2.12:3.1.0 --conf spark.sql.catalog.spark_catalog=org.apache.spark.sql.delta.catalog.DeltaCatalog --conf spark.app.name=axa-claims-lakehouse --conf spark.memory.storageFraction=0.3 --conf spark.executor.cores=2 --conf spark.sql.shuffle.partitions=4 --conf spark.hadoop.io.native.lib.available=false --conf spark.sql.extensions=io.delta.sql.DeltaSparkSessionExtension --conf spark.kryo.registrationRequired=false --conf spark.default.parallelism=4 --conf spark.databricks.delta.optimizeWrite.enabled=true --conf spark.sql.adaptive.enabled=true --conf spark.sql.autoBroadcastJoinThreshold=10m --conf spark.sql.adaptive.coalescePartitions.enabled=true --conf spark.serializer=org.apache.spark.serializer.KryoSerializer --conf spark.memory.fraction=0.6 --conf spark.executor.extraJavaOptions=-Djava.library.path=C:/hadoop/bin -Dhadoop.home.dir=C:/hadoop --conf spark.databricks.delta.schema.autoMerge.enabled=true --conf spark.sql.adaptive.skewJoin.enabled=true --conf spark.driver.extraJavaOptions=-Djava.library.path=C:/hadoop/bin -Dhadoop.home.dir=C:/hadoop pyspark-shell

Host: Intel(R) Core(TM) i5-6300U CPU @ 2.40GHz, 4 cores, 7G,  Windows 10 , 64 bit Build 19041 (10.0.19041.5915)
Time: Tue Apr 28 23:55:08 2026 Romance Summer Time elapsed time: 73.609619 seconds (0d 0h 1m 13s)

---------------  T H R E A D  ---------------

Current thread (0x00000269289e0000):  JavaThread "C2 CompilerThread1" daemon [_thread_in_native, id=25736, stack(0x000000c054400000,0x000000c054500000)]


Current CompileTask:
C2:  73609 22442       4       scala.collection.immutable.Stream::addString (415 bytes)

Stack: [0x000000c054400000,0x000000c054500000]
Native frames: (J=compiled Java code, j=interpreted, Vv=VM code, C=native code)
V  [jvm.dll+0x65984a]
V  [jvm.dll+0x7eb8e8]
V  [jvm.dll+0x7ecfd9]
V  [jvm.dll+0x7ed6e3]
V  [jvm.dll+0x26d045]
V  [jvm.dll+0xc458c]
V  [jvm.dll+0xc4b9c]
V  [jvm.dll+0x38586f]
V  [jvm.dll+0x350675]
V  [jvm.dll+0x34fa1a]
V  [jvm.dll+0x224968]
V  [jvm.dll+0x223926]
V  [jvm.dll+0x1a129d]
V  [jvm.dll+0x234166]
V  [jvm.dll+0x232508]
V  [jvm.dll+0x7ad094]
V  [jvm.dll+0x7a5c24]
V  [jvm.dll+0x658615]
C  [ucrtbase.dll+0x21bb2]
C  [KERNEL32.DLL+0x17374]
C  [ntdll.dll+0x4cc91]


---------------  P R O C E S S  ---------------

Threads class SMR info:
_java_thread_list=0x0000026925b89390, length=261, elements={
0x000002697b8ee000, 0x000002691ef7c000, 0x000002691ef7d000, 0x000002691ef9b800,
0x000002691ef9c800, 0x000002691ef9e000, 0x000002691ef9f000, 0x000002691efae000,
0x000002691efdb000, 0x000002691f97f000, 0x0000026923270000, 0x0000026920c0a800,
0x0000026923254800, 0x0000026920564000, 0x00000269222b7000, 0x0000026920ed5800,
0x000002692330a800, 0x0000026920e7c800, 0x0000026920e48800, 0x0000026920c5a800,
0x0000026920c5e800, 0x0000026920c61000, 0x0000026920c5d800, 0x0000026920c5f800,
0x0000026920c60000, 0x0000026920c5d000, 0x0000026920c5b800, 0x0000026920c5c000,
0x000002692389b000, 0x0000026923896000, 0x0000026923899800, 0x0000026923898800,
0x000002692389a800, 0x000002692389c800, 0x0000026923897000, 0x000002692389c000,
0x000002692389d800, 0x0000026923898000, 0x00000269238a4000, 0x000002692389e800,
0x00000269238a5000, 0x000002692389f000, 0x00000269238a0000, 0x00000269238a1000,
0x00000269238a3800, 0x00000269238a1800, 0x00000269238a2800, 0x00000269222f7800,
0x00000269222f8000, 0x00000269222f6800, 0x00000269222fa000, 0x00000269222f9000,
0x00000269222fa800, 0x00000269222fb800, 0x00000269222f6000, 0x00000269222ff000,
0x00000269222ff800, 0x0000026922301000, 0x0000026922302000, 0x00000269222fc800,
0x0000026922303000, 0x00000269222fd000, 0x0000026922303800, 0x00000269222fe000,
0x0000026922304800, 0x000002692641e000, 0x000002692641f800, 0x0000026926421800,
0x0000026926424800, 0x0000026926422000, 0x000002692641f000, 0x0000026926420800,
0x0000026926426000, 0x0000026926427000, 0x0000026926423000, 0x0000026926428000,
0x0000026926425800, 0x0000026926428800, 0x0000026926429800, 0x0000026926424000,
0x000002692642a800, 0x000002692642b000, 0x000002692642c000, 0x0000026921d9c000,
0x0000026921da1000, 0x0000026921d9d800, 0x0000026921d9e800, 0x0000026921d9f800,
0x0000026921da2800, 0x0000026921d9d000, 0x0000026921da5000, 0x0000026921da2000,
0x0000026921da3800, 0x0000026921da4000, 0x0000026921da6000, 0x0000026921da0000,
0x0000026921da6800, 0x0000026921da9000, 0x0000026921da7800, 0x0000026921daa000,
0x0000026921da8800, 0x0000026921dab000, 0x0000026928e58000, 0x0000026928e5a800,
0x0000026928e59000, 0x0000026928e5a000, 0x0000026928e5b800, 0x0000026928e55800,
0x0000026928e56800, 0x0000026928e5c000, 0x0000026928e57800, 0x0000026928e62800,
0x0000026928e61000, 0x0000026928e5e800, 0x0000026928e5d000, 0x0000026928e5f800,
0x0000026928e60800, 0x0000026928e63800, 0x0000026928e5e000, 0x0000026928e64800,
0x0000026928e62000, 0x0000026925715800, 0x0000026925716800, 0x0000026925714000,
0x0000026925717800, 0x0000026925713000, 0x0000026925718000, 0x0000026925715000,
0x0000026925712800, 0x0000026925719000, 0x000002691f9e7800, 0x000002691f9ed800,
0x000002691f9eb000, 0x000002691f9ee800, 0x000002691f9e8800, 0x000002691f9ec000,
0x000002691f9ec800, 0x000002691f9ef000, 0x000002691f9e9800, 0x000002691f9f0000,
0x000002691f9ea000, 0x000002691f9f6800, 0x000002691f9f1800, 0x000002691f9f2800,
0x000002691f9f3000, 0x000002691f9f4000, 0x000002691f9f5000, 0x000002691f9f0800,
0x000002691f9f5800, 0x0000026925ea2800, 0x0000026925ea1000, 0x0000026925ea3800,
0x0000026925ea5000, 0x0000026925ea2000, 0x0000026925ea4800, 0x0000026925ea6000,
0x0000026925ea0800, 0x0000026925ea7000, 0x000002692c807800, 0x000002692c808800,
0x000002692c809800, 0x000002692c803800, 0x000002692c805800, 0x000002692c80a000,
0x000002692c804800, 0x000002692c80b000, 0x000002692c806000, 0x000002692c80c000,
0x000002692c807000, 0x000002692c80c800, 0x000002692c80f000, 0x000002692c810000,
0x000002692c80d800, 0x000002692c812800, 0x000002692c80e000, 0x000002692c810800,
0x000002692c811800, 0x000002692c828000, 0x000002692c824000, 0x000002692c827000,
0x000002692c829000, 0x000002692c826800, 0x000002692c829800, 0x000002692c82a800,
0x000002692c825000, 0x000002692c82b800, 0x000002692c825800, 0x000002692c832000,
0x000002692c82e800, 0x000002692c82f800, 0x000002692c831000, 0x000002692c82e000,
0x000002692c830000, 0x000002692c832800, 0x000002692c82d000, 0x000002692c837800,
0x000002692c838800, 0x000002692c839000, 0x000002692c833800, 0x000002692c83a000,
0x000002692c834800, 0x000002692c83b000, 0x000002692c835000, 0x000002692c83b800,
0x000002692c836000, 0x000002692c83f000, 0x000002692c83e000, 0x000002692c83f800,
0x000002692c83c800, 0x000002692c840800, 0x000002692c83d800, 0x000002692c842000,
0x000002692c841800, 0x000002692c843000, 0x000002692c46e000, 0x000002692c46b800,
0x000002692c46d000, 0x000002692c46f000, 0x000002692c46c800, 0x000002692c46f800,
0x000002692c470800, 0x000002692c46b000, 0x000002692c474800, 0x000002692c471800,
0x000002692c475800, 0x000002692c476000, 0x000002692c477000, 0x000002692c478000,
0x000002692c472000, 0x000002692c478800, 0x000002692c473000, 0x000002692c479800,
0x000002692c473800, 0x000002692c47a800, 0x000002692c47d800, 0x000002692c47e800,
0x000002692c47f000, 0x000002692c480000, 0x000002692c47b000, 0x000002692c47c800,
0x000002692c481000, 0x000002692c481800, 0x000002692c47c000, 0x000002692c485000,
0x000002692c487800, 0x000002692c482800, 0x000002692c483000, 0x000002692c48a000,
0x000002692c485800, 0x000002692c489000, 0x000002692c486800, 0x000002692c484000,
0x000002692ea4d800, 0x000002692ea50000, 0x000002692ea4c800, 0x000002692ea4e000,
0x000002692ea4f000, 0x000002692ea50800, 0x000002692ea4b000, 0x000002692ea51800,
0x00000269289e0000
}

Java Threads: ( => current thread )
  0x000002697b8ee000 JavaThread "main" [_thread_in_native, id=4828, stack(0x000000c043400000,0x000000c043500000)]
  0x000002691ef7c000 JavaThread "Reference Handler" daemon [_thread_blocked, id=8488, stack(0x000000c043b00000,0x000000c043c00000)]
  0x000002691ef7d000 JavaThread "Finalizer" daemon [_thread_blocked, id=13496, stack(0x000000c043c00000,0x000000c043d00000)]
  0x000002691ef9b800 JavaThread "Signal Dispatcher" daemon [_thread_blocked, id=20560, stack(0x000000c043d00000,0x000000c043e00000)]
  0x000002691ef9c800 JavaThread "Attach Listener" daemon [_thread_blocked, id=5804, stack(0x000000c043e00000,0x000000c043f00000)]
  0x000002691ef9e000 JavaThread "Service Thread" daemon [_thread_blocked, id=17100, stack(0x000000c043f00000,0x000000c044000000)]
  0x000002691ef9f000 JavaThread "C2 CompilerThread0" daemon [_thread_in_native, id=26444, stack(0x000000c044000000,0x000000c044100000)]
  0x000002691efae000 JavaThread "C1 CompilerThread0" daemon [_thread_blocked, id=5484, stack(0x000000c044100000,0x000000c044200000)]
  0x000002691efdb000 JavaThread "Sweeper thread" daemon [_thread_blocked, id=21092, stack(0x000000c044200000,0x000000c044300000)]
  0x000002691f97f000 JavaThread "Common-Cleaner" daemon [_thread_blocked, id=12396, stack(0x000000c044300000,0x000000c044400000)]
  0x0000026923270000 JavaThread "org.apache.hadoop.fs.FileSystem$Statistics$StatisticsDataReferenceCleaner" daemon [_thread_blocked, id=11728, stack(0x000000c044800000,0x000000c044900000)]
  0x0000026920c0a800 JavaThread "Thread-2" [_thread_in_native, id=11484, stack(0x000000c044900000,0x000000c044a00000)]
  0x0000026923254800 JavaThread "Thread-3" [_thread_blocked, id=9120, stack(0x000000c044700000,0x000000c044800000)]
  0x0000026920564000 JavaThread "Thread-4" [_thread_in_native, id=3168, stack(0x000000c044c00000,0x000000c044d00000)]
  0x00000269222b7000 JavaThread "rpc-boss-3-1" daemon [_thread_in_native, id=24488, stack(0x000000c044d00000,0x000000c044e00000)]
  0x0000026920ed5800 JavaThread "dispatcher-event-loop-0" daemon [_thread_blocked, id=24916, stack(0x000000c044e00000,0x000000c044f00000)]
  0x000002692330a800 JavaThread "dispatcher-event-loop-1" daemon [_thread_blocked, id=24000, stack(0x000000c044f00000,0x000000c045000000)]
  0x0000026920e7c800 JavaThread "dispatcher-event-loop-2" daemon [_thread_blocked, id=22540, stack(0x000000c045000000,0x000000c045100000)]
  0x0000026920e48800 JavaThread "dispatcher-event-loop-3" daemon [_thread_blocked, id=12516, stack(0x000000c045100000,0x000000c045200000)]
  0x0000026920c5a800 JavaThread "map-output-dispatcher-0" daemon [_thread_blocked, id=11988, stack(0x000000c045200000,0x000000c045300000)]
  0x0000026920c5e800 JavaThread "map-output-dispatcher-1" daemon [_thread_blocked, id=9776, stack(0x000000c045300000,0x000000c045400000)]
  0x0000026920c61000 JavaThread "map-output-dispatcher-2" daemon [_thread_blocked, id=2872, stack(0x000000c045400000,0x000000c045500000)]
  0x0000026920c5d800 JavaThread "map-output-dispatcher-3" daemon [_thread_blocked, id=25776, stack(0x000000c045500000,0x000000c045600000)]
  0x0000026920c5f800 JavaThread "map-output-dispatcher-4" daemon [_thread_blocked, id=21316, stack(0x000000c045600000,0x000000c045700000)]
  0x0000026920c60000 JavaThread "map-output-dispatcher-5" daemon [_thread_blocked, id=19648, stack(0x000000c045700000,0x000000c045800000)]
  0x0000026920c5d000 JavaThread "map-output-dispatcher-6" daemon [_thread_blocked, id=15348, stack(0x000000c045800000,0x000000c045900000)]
  0x0000026920c5b800 JavaThread "map-output-dispatcher-7" daemon [_thread_blocked, id=2188, stack(0x000000c045900000,0x000000c045a00000)]
  0x0000026920c5c000 JavaThread "dispatcher-BlockManagerMaster" daemon [_thread_blocked, id=18812, stack(0x000000c045a00000,0x000000c045b00000)]
  0x000002692389b000 JavaThread "dispatcher-BlockManagerEndpoint1" daemon [_thread_blocked, id=9644, stack(0x000000c045b00000,0x000000c045c00000)]
  0x0000026923896000 JavaThread "RemoteBlock-temp-file-clean-thread" daemon [_thread_blocked, id=3780, stack(0x000000c045c00000,0x000000c045d00000)]
  0x0000026923899800 JavaThread "refresh progress" daemon [_thread_blocked, id=17664, stack(0x000000c045d00000,0x000000c045e00000)]
  0x0000026923898800 JavaThread "SparkUI-36" daemon [_thread_in_native, id=23724, stack(0x000000c045e00000,0x000000c045f00000)]
  0x000002692389a800 JavaThread "SparkUI-37-acceptor-0@6aad26d8-ServerConnector@646ac5fd{HTTP/1.1, (http/1.1)}{0.0.0.0:4040}" daemon [_thread_in_native, id=13972, stack(0x000000c045f00000,0x000000c046000000)]
  0x000002692389c800 JavaThread "SparkUI-38" daemon [_thread_in_native, id=4256, stack(0x000000c046000000,0x000000c046100000)]
  0x0000026923897000 JavaThread "SparkUI-39" daemon [_thread_blocked, id=16044, stack(0x000000c046100000,0x000000c046200000)]
  0x000002692389c000 JavaThread "SparkUI-40" daemon [_thread_blocked, id=25872, stack(0x000000c046200000,0x000000c046300000)]
  0x000002692389d800 JavaThread "SparkUI-41" daemon [_thread_blocked, id=22200, stack(0x000000c046300000,0x000000c046400000)]
  0x0000026923898000 JavaThread "SparkUI-42" daemon [_thread_blocked, id=4392, stack(0x000000c046400000,0x000000c046500000)]
  0x00000269238a4000 JavaThread "SparkUI-43" daemon [_thread_blocked, id=8232, stack(0x000000c046500000,0x000000c046600000)]
  0x000002692389e800 JavaThread "dispatcher-HeartbeatReceiver" daemon [_thread_blocked, id=9184, stack(0x000000c044a00000,0x000000c044b00000)]
  0x00000269238a5000 JavaThread "heartbeat-receiver-event-loop-thread" daemon [_thread_blocked, id=9080, stack(0x000000c046600000,0x000000c046700000)]
  0x000002692389f000 JavaThread "netty-rpc-env-timeout" daemon [_thread_blocked, id=17660, stack(0x000000c046700000,0x000000c046800000)]
  0x00000269238a0000 JavaThread "task-starvation-timer" daemon [_thread_blocked, id=10052, stack(0x000000c046800000,0x000000c046900000)]
  0x00000269238a1000 JavaThread "task-abort-timer" daemon [_thread_blocked, id=1812, stack(0x000000c046900000,0x000000c046a00000)]
  0x00000269238a3800 JavaThread "dag-scheduler-event-loop" daemon [_thread_blocked, id=12040, stack(0x000000c046a00000,0x000000c046b00000)]
  0x00000269238a1800 JavaThread "driver-heartbeater" daemon [_thread_blocked, id=24120, stack(0x000000c046b00000,0x000000c046c00000)]
  0x00000269238a2800 JavaThread "executor-kill-mark-cleanup" daemon [_thread_blocked, id=25456, stack(0x000000c046c00000,0x000000c046d00000)]
  0x00000269222f7800 JavaThread "executor-heartbeater" daemon [_thread_blocked, id=16156, stack(0x000000c046d00000,0x000000c046e00000)]
  0x00000269222f8000 JavaThread "files-client-5-1" daemon [_thread_in_native, id=19984, stack(0x000000c046e00000,0x000000c046f00000)]
  0x00000269222f6800 JavaThread "rpc-server-4-1" daemon [_thread_in_native, id=12244, stack(0x000000c047000000,0x000000c047100000)]
  0x00000269222fa000 JavaThread "shuffle-boss-7-1" daemon [_thread_in_native, id=2280, stack(0x000000c047100000,0x000000c047200000)]
  0x00000269222f9000 JavaThread "Spark Context Cleaner" daemon [_thread_blocked, id=1648, stack(0x000000c047200000,0x000000c047300000)]
  0x00000269222fa800 JavaThread "context-cleaner-periodic-gc" daemon [_thread_blocked, id=22600, stack(0x000000c047300000,0x000000c047400000)]
  0x00000269222fb800 JavaThread "spark-listener-group-appStatus" daemon [_thread_blocked, id=17464, stack(0x000000c047400000,0x000000c047500000)]
  0x00000269222f6000 JavaThread "spark-listener-group-executorManagement" daemon [_thread_blocked, id=25728, stack(0x000000c047500000,0x000000c047600000)]
  0x00000269222ff000 JavaThread "element-tracking-store-worker" daemon [_thread_blocked, id=9728, stack(0x000000c047700000,0x000000c047800000)]
  0x00000269222ff800 JavaThread "Executor task launch worker for task 47.0 in stage 27.0 (TID 120)" daemon [_thread_blocked, id=3944, stack(0x000000c047800000,0x000000c047900000)]
  0x0000026922301000 JavaThread "task-result-getter-0" daemon [_thread_blocked, id=25148, stack(0x000000c047900000,0x000000c047a00000)]
  0x0000026922302000 JavaThread "block-manager-storage-async-thread-pool-0" daemon [_thread_blocked, id=18520, stack(0x000000c047a00000,0x000000c047b00000)]
  0x00000269222fc800 JavaThread "block-manager-storage-async-thread-pool-1" daemon [_thread_blocked, id=14984, stack(0x000000c047b00000,0x000000c047c00000)]
  0x0000026922303000 JavaThread "block-manager-storage-async-thread-pool-2" daemon [_thread_blocked, id=16616, stack(0x000000c047c00000,0x000000c047d00000)]
  0x00000269222fd000 JavaThread "block-manager-ask-thread-pool-0" daemon [_thread_blocked, id=11904, stack(0x000000c047d00000,0x000000c047e00000)]
  0x0000026922303800 JavaThread "block-manager-ask-thread-pool-1" daemon [_thread_blocked, id=12908, stack(0x000000c047e00000,0x000000c047f00000)]
  0x00000269222fe000 JavaThread "block-manager-storage-async-thread-pool-3" daemon [_thread_blocked, id=5240, stack(0x000000c047f00000,0x000000c048000000)]
  0x0000026922304800 JavaThread "block-manager-storage-async-thread-pool-4" daemon [_thread_blocked, id=18364, stack(0x000000c048000000,0x000000c048100000)]
  0x000002692641e000 JavaThread "block-manager-storage-async-thread-pool-5" daemon [_thread_blocked, id=2264, stack(0x000000c048100000,0x000000c048200000)]
  0x000002692641f800 JavaThread "block-manager-ask-thread-pool-2" daemon [_thread_blocked, id=9652, stack(0x000000c048200000,0x000000c048300000)]
  0x0000026926421800 JavaThread "block-manager-ask-thread-pool-3" daemon [_thread_blocked, id=25216, stack(0x000000c048300000,0x000000c048400000)]
  0x0000026926424800 JavaThread "task-result-getter-1" daemon [_thread_blocked, id=18924, stack(0x000000c047600000,0x000000c047700000)]
  0x0000026926422000 JavaThread "QueryStageCreator-0" daemon [_thread_blocked, id=24976, stack(0x000000c048400000,0x000000c048500000)]
  0x000002692641f000 JavaThread "task-result-getter-2" daemon [_thread_blocked, id=7796, stack(0x000000c048600000,0x000000c048700000)]
  0x0000026926420800 JavaThread "block-manager-storage-async-thread-pool-6" daemon [_thread_blocked, id=16540, stack(0x000000c048700000,0x000000c048800000)]
  0x0000026926426000 JavaThread "block-manager-storage-async-thread-pool-7" daemon [_thread_blocked, id=12640, stack(0x000000c048800000,0x000000c048900000)]
  0x0000026926427000 JavaThread "block-manager-storage-async-thread-pool-8" daemon [_thread_blocked, id=22084, stack(0x000000c048900000,0x000000c048a00000)]
  0x0000026926423000 JavaThread "block-manager-ask-thread-pool-4" daemon [_thread_blocked, id=21396, stack(0x000000c048a00000,0x000000c048b00000)]
  0x0000026926428000 JavaThread "block-manager-ask-thread-pool-5" daemon [_thread_blocked, id=24072, stack(0x000000c048b00000,0x000000c048c00000)]
  0x0000026926425800 JavaThread "block-manager-storage-async-thread-pool-9" daemon [_thread_blocked, id=3648, stack(0x000000c048c00000,0x000000c048d00000)]
  0x0000026926428800 JavaThread "block-manager-storage-async-thread-pool-10" daemon [_thread_blocked, id=26488, stack(0x000000c048d00000,0x000000c048e00000)]
  0x0000026926429800 JavaThread "block-manager-storage-async-thread-pool-11" daemon [_thread_blocked, id=10940, stack(0x000000c048e00000,0x000000c048f00000)]
  0x0000026926424000 JavaThread "block-manager-ask-thread-pool-6" daemon [_thread_blocked, id=17248, stack(0x000000c048f00000,0x000000c049000000)]
  0x000002692642a800 JavaThread "block-manager-ask-thread-pool-7" daemon [_thread_blocked, id=5628, stack(0x000000c049000000,0x000000c049100000)]
  0x000002692642b000 JavaThread "block-manager-storage-async-thread-pool-12" daemon [_thread_blocked, id=11720, stack(0x000000c049100000,0x000000c049200000)]
  0x000002692642c000 JavaThread "block-manager-storage-async-thread-pool-13" daemon [_thread_blocked, id=26412, stack(0x000000c049200000,0x000000c049300000)]
  0x0000026921d9c000 JavaThread "block-manager-storage-async-thread-pool-14" daemon [_thread_blocked, id=24124, stack(0x000000c049300000,0x000000c049400000)]
  0x0000026921da1000 JavaThread "block-manager-ask-thread-pool-8" daemon [_thread_blocked, id=9212, stack(0x000000c049400000,0x000000c049500000)]
  0x0000026921d9d800 JavaThread "block-manager-ask-thread-pool-9" daemon [_thread_blocked, id=8720, stack(0x000000c049500000,0x000000c049600000)]
  0x0000026921d9e800 JavaThread "block-manager-storage-async-thread-pool-15" daemon [_thread_blocked, id=16116, stack(0x000000c049600000,0x000000c049700000)]
  0x0000026921d9f800 JavaThread "block-manager-storage-async-thread-pool-16" daemon [_thread_blocked, id=24332, stack(0x000000c049700000,0x000000c049800000)]
  0x0000026921da2800 JavaThread "block-manager-storage-async-thread-pool-17" daemon [_thread_blocked, id=5880, stack(0x000000c049800000,0x000000c049900000)]
  0x0000026921d9d000 JavaThread "block-manager-ask-thread-pool-10" daemon [_thread_blocked, id=7736, stack(0x000000c049900000,0x000000c049a00000)]
  0x0000026921da5000 JavaThread "block-manager-ask-thread-pool-11" daemon [_thread_blocked, id=9844, stack(0x000000c049a00000,0x000000c049b00000)]
  0x0000026921da2000 JavaThread "task-result-getter-3" daemon [_thread_blocked, id=6212, stack(0x000000c048500000,0x000000c048600000)]
  0x0000026921da3800 JavaThread "QueryStageCreator-1" daemon [_thread_blocked, id=17776, stack(0x000000c049c00000,0x000000c049d00000)]
  0x0000026921da4000 JavaThread "block-manager-storage-async-thread-pool-18" daemon [_thread_blocked, id=18108, stack(0x000000c049d00000,0x000000c049e00000)]
  0x0000026921da6000 JavaThread "block-manager-storage-async-thread-pool-19" daemon [_thread_blocked, id=23036, stack(0x000000c049e00000,0x000000c049f00000)]
  0x0000026921da0000 JavaThread "block-manager-storage-async-thread-pool-20" daemon [_thread_blocked, id=4836, stack(0x000000c049f00000,0x000000c04a000000)]
  0x0000026921da6800 JavaThread "block-manager-ask-thread-pool-12" daemon [_thread_blocked, id=20844, stack(0x000000c04a000000,0x000000c04a100000)]
  0x0000026921da9000 JavaThread "block-manager-ask-thread-pool-13" daemon [_thread_blocked, id=23276, stack(0x000000c04a100000,0x000000c04a200000)]
  0x0000026921da7800 JavaThread "block-manager-storage-async-thread-pool-21" daemon [_thread_blocked, id=8464, stack(0x000000c04a200000,0x000000c04a300000)]
  0x0000026921daa000 JavaThread "block-manager-storage-async-thread-pool-22" daemon [_thread_blocked, id=11140, stack(0x000000c04a300000,0x000000c04a400000)]
  0x0000026921da8800 JavaThread "block-manager-storage-async-thread-pool-23" daemon [_thread_blocked, id=18024, stack(0x000000c04a400000,0x000000c04a500000)]
  0x0000026921dab000 JavaThread "block-manager-ask-thread-pool-14" daemon [_thread_blocked, id=18704, stack(0x000000c04a500000,0x000000c04a600000)]
  0x0000026928e58000 JavaThread "block-manager-ask-thread-pool-15" daemon [_thread_blocked, id=26252, stack(0x000000c04a600000,0x000000c04a700000)]
  0x0000026928e5a800 JavaThread "block-manager-storage-async-thread-pool-24" daemon [_thread_blocked, id=9224, stack(0x000000c04a700000,0x000000c04a800000)]
  0x0000026928e59000 JavaThread "block-manager-storage-async-thread-pool-25" daemon [_thread_blocked, id=10756, stack(0x000000c04a800000,0x000000c04a900000)]
  0x0000026928e5a000 JavaThread "block-manager-storage-async-thread-pool-26" daemon [_thread_blocked, id=752, stack(0x000000c04a900000,0x000000c04aa00000)]
  0x0000026928e5b800 JavaThread "block-manager-storage-async-thread-pool-27" daemon [_thread_blocked, id=17000, stack(0x000000c04aa00000,0x000000c04ab00000)]
  0x0000026928e55800 JavaThread "block-manager-storage-async-thread-pool-28" daemon [_thread_blocked, id=8240, stack(0x000000c04ab00000,0x000000c04ac00000)]
  0x0000026928e56800 JavaThread "block-manager-storage-async-thread-pool-29" daemon [_thread_blocked, id=3792, stack(0x000000c04ac00000,0x000000c04ad00000)]
  0x0000026928e5c000 JavaThread "block-manager-ask-thread-pool-16" daemon [_thread_blocked, id=15768, stack(0x000000c04ad00000,0x000000c04ae00000)]
  0x0000026928e57800 JavaThread "block-manager-ask-thread-pool-17" daemon [_thread_blocked, id=11528, stack(0x000000c04ae00000,0x000000c04af00000)]
  0x0000026928e62800 JavaThread "block-manager-ask-thread-pool-18" daemon [_thread_blocked, id=5016, stack(0x000000c04af00000,0x000000c04b000000)]
  0x0000026928e61000 JavaThread "block-manager-ask-thread-pool-19" daemon [_thread_blocked, id=10436, stack(0x000000c04b000000,0x000000c04b100000)]
  0x0000026928e5e800 JavaThread "QueryStageCreator-2" daemon [_thread_blocked, id=25888, stack(0x000000c049b00000,0x000000c049c00000)]
  0x0000026928e5d000 JavaThread "block-manager-storage-async-thread-pool-30" daemon [_thread_blocked, id=2408, stack(0x000000c04b200000,0x000000c04b300000)]
  0x0000026928e5f800 JavaThread "block-manager-storage-async-thread-pool-31" daemon [_thread_blocked, id=17300, stack(0x000000c04b300000,0x000000c04b400000)]
  0x0000026928e60800 JavaThread "block-manager-storage-async-thread-pool-32" daemon [_thread_blocked, id=6748, stack(0x000000c04b400000,0x000000c04b500000)]
  0x0000026928e63800 JavaThread "block-manager-ask-thread-pool-20" daemon [_thread_blocked, id=25624, stack(0x000000c04b500000,0x000000c04b600000)]
  0x0000026928e5e000 JavaThread "block-manager-ask-thread-pool-21" daemon [_thread_blocked, id=16900, stack(0x000000c04b600000,0x000000c04b700000)]
  0x0000026928e64800 JavaThread "block-manager-storage-async-thread-pool-33" daemon [_thread_blocked, id=23720, stack(0x000000c04b700000,0x000000c04b800000)]
  0x0000026928e62000 JavaThread "block-manager-storage-async-thread-pool-34" daemon [_thread_blocked, id=26300, stack(0x000000c04b800000,0x000000c04b900000)]
  0x0000026925715800 JavaThread "block-manager-storage-async-thread-pool-35" daemon [_thread_blocked, id=10456, stack(0x000000c04b900000,0x000000c04ba00000)]
  0x0000026925716800 JavaThread "block-manager-ask-thread-pool-22" daemon [_thread_blocked, id=12532, stack(0x000000c04ba00000,0x000000c04bb00000)]
  0x0000026925714000 JavaThread "block-manager-ask-thread-pool-23" daemon [_thread_blocked, id=23176, stack(0x000000c04bb00000,0x000000c04bc00000)]
  0x0000026925717800 JavaThread "block-manager-storage-async-thread-pool-36" daemon [_thread_blocked, id=11900, stack(0x000000c04bc00000,0x000000c04bd00000)]
  0x0000026925713000 JavaThread "block-manager-storage-async-thread-pool-37" daemon [_thread_blocked, id=14736, stack(0x000000c04bd00000,0x000000c04be00000)]
  0x0000026925718000 JavaThread "block-manager-storage-async-thread-pool-38" daemon [_thread_blocked, id=14672, stack(0x000000c04be00000,0x000000c04bf00000)]
  0x0000026925715000 JavaThread "block-manager-storage-async-thread-pool-39" daemon [_thread_blocked, id=17584, stack(0x000000c04bf00000,0x000000c04c000000)]
  0x0000026925712800 JavaThread "block-manager-ask-thread-pool-24" daemon [_thread_blocked, id=3520, stack(0x000000c04c000000,0x000000c04c100000)]
  0x0000026925719000 JavaThread "block-manager-storage-async-thread-pool-40" daemon [_thread_blocked, id=26348, stack(0x000000c04c100000,0x000000c04c200000)]
  0x000002691f9e7800 JavaThread "block-manager-storage-async-thread-pool-41" daemon [_thread_blocked, id=21636, stack(0x000000c04c200000,0x000000c04c300000)]
  0x000002691f9ed800 JavaThread "block-manager-ask-thread-pool-25" daemon [_thread_blocked, id=20888, stack(0x000000c04c300000,0x000000c04c400000)]
  0x000002691f9eb000 JavaThread "block-manager-ask-thread-pool-26" daemon [_thread_blocked, id=13700, stack(0x000000c04c400000,0x000000c04c500000)]
  0x000002691f9ee800 JavaThread "block-manager-ask-thread-pool-27" daemon [_thread_blocked, id=9096, stack(0x000000c04c500000,0x000000c04c600000)]
  0x000002691f9e8800 JavaThread "QueryStageCreator-3" daemon [_thread_blocked, id=18836, stack(0x000000c04b100000,0x000000c04b200000)]
  0x000002691f9ec000 JavaThread "block-manager-storage-async-thread-pool-42" daemon [_thread_blocked, id=2496, stack(0x000000c04c700000,0x000000c04c800000)]
  0x000002691f9ec800 JavaThread "block-manager-storage-async-thread-pool-43" daemon [_thread_blocked, id=2296, stack(0x000000c04c800000,0x000000c04c900000)]
  0x000002691f9ef000 JavaThread "block-manager-storage-async-thread-pool-44" daemon [_thread_blocked, id=13176, stack(0x000000c04c900000,0x000000c04ca00000)]
  0x000002691f9e9800 JavaThread "block-manager-ask-thread-pool-28" daemon [_thread_blocked, id=23116, stack(0x000000c04ca00000,0x000000c04cb00000)]
  0x000002691f9f0000 JavaThread "block-manager-ask-thread-pool-29" daemon [_thread_blocked, id=10916, stack(0x000000c04cb00000,0x000000c04cc00000)]
  0x000002691f9ea000 JavaThread "block-manager-storage-async-thread-pool-45" daemon [_thread_blocked, id=3296, stack(0x000000c04cc00000,0x000000c04cd00000)]
  0x000002691f9f6800 JavaThread "block-manager-storage-async-thread-pool-46" daemon [_thread_blocked, id=10524, stack(0x000000c04cd00000,0x000000c04ce00000)]
  0x000002691f9f1800 JavaThread "block-manager-storage-async-thread-pool-47" daemon [_thread_blocked, id=8348, stack(0x000000c04ce00000,0x000000c04cf00000)]
  0x000002691f9f2800 JavaThread "block-manager-ask-thread-pool-30" daemon [_thread_blocked, id=8284, stack(0x000000c04cf00000,0x000000c04d000000)]
  0x000002691f9f3000 JavaThread "block-manager-ask-thread-pool-31" daemon [_thread_blocked, id=2404, stack(0x000000c04d000000,0x000000c04d100000)]
  0x000002691f9f4000 JavaThread "block-manager-storage-async-thread-pool-48" daemon [_thread_blocked, id=3472, stack(0x000000c04c600000,0x000000c04c700000)]
  0x000002691f9f5000 JavaThread "block-manager-storage-async-thread-pool-49" daemon [_thread_blocked, id=12200, stack(0x000000c04d100000,0x000000c04d200000)]
  0x000002691f9f0800 JavaThread "block-manager-storage-async-thread-pool-50" daemon [_thread_blocked, id=7840, stack(0x000000c04d200000,0x000000c04d300000)]
  0x000002691f9f5800 JavaThread "block-manager-ask-thread-pool-32" daemon [_thread_blocked, id=6684, stack(0x000000c04d300000,0x000000c04d400000)]
  0x0000026925ea2800 JavaThread "block-manager-ask-thread-pool-33" daemon [_thread_blocked, id=22468, stack(0x000000c04d400000,0x000000c04d500000)]
  0x0000026925ea1000 JavaThread "block-manager-storage-async-thread-pool-51" daemon [_thread_blocked, id=24700, stack(0x000000c04d500000,0x000000c04d600000)]
  0x0000026925ea3800 JavaThread "block-manager-storage-async-thread-pool-52" daemon [_thread_blocked, id=1592, stack(0x000000c04d600000,0x000000c04d700000)]
  0x0000026925ea5000 JavaThread "block-manager-storage-async-thread-pool-53" daemon [_thread_blocked, id=14000, stack(0x000000c04d700000,0x000000c04d800000)]
  0x0000026925ea2000 JavaThread "block-manager-ask-thread-pool-34" daemon [_thread_blocked, id=14644, stack(0x000000c04d800000,0x000000c04d900000)]
  0x0000026925ea4800 JavaThread "block-manager-ask-thread-pool-35" daemon [_thread_blocked, id=26272, stack(0x000000c04d900000,0x000000c04da00000)]
  0x0000026925ea6000 JavaThread "QueryStageCreator-4" daemon [_thread_blocked, id=18804, stack(0x000000c04da00000,0x000000c04db00000)]
  0x0000026925ea0800 JavaThread "block-manager-storage-async-thread-pool-54" daemon [_thread_blocked, id=8220, stack(0x000000c04dc00000,0x000000c04dd00000)]
  0x0000026925ea7000 JavaThread "block-manager-storage-async-thread-pool-55" daemon [_thread_blocked, id=5540, stack(0x000000c04dd00000,0x000000c04de00000)]
  0x000002692c807800 JavaThread "block-manager-storage-async-thread-pool-56" daemon [_thread_blocked, id=8760, stack(0x000000c04de00000,0x000000c04df00000)]
  0x000002692c808800 JavaThread "block-manager-ask-thread-pool-36" daemon [_thread_blocked, id=3392, stack(0x000000c04df00000,0x000000c04e000000)]
  0x000002692c809800 JavaThread "block-manager-ask-thread-pool-37" daemon [_thread_blocked, id=1004, stack(0x000000c04e000000,0x000000c04e100000)]
  0x000002692c803800 JavaThread "block-manager-storage-async-thread-pool-57" daemon [_thread_blocked, id=25972, stack(0x000000c04e100000,0x000000c04e200000)]
  0x000002692c805800 JavaThread "block-manager-storage-async-thread-pool-58" daemon [_thread_blocked, id=5964, stack(0x000000c04e200000,0x000000c04e300000)]
  0x000002692c80a000 JavaThread "block-manager-storage-async-thread-pool-59" daemon [_thread_blocked, id=5744, stack(0x000000c04e300000,0x000000c04e400000)]
  0x000002692c804800 JavaThread "block-manager-ask-thread-pool-38" daemon [_thread_blocked, id=12724, stack(0x000000c04e400000,0x000000c04e500000)]
  0x000002692c80b000 JavaThread "block-manager-ask-thread-pool-39" daemon [_thread_blocked, id=9984, stack(0x000000c04e500000,0x000000c04e600000)]
  0x000002692c806000 JavaThread "block-manager-storage-async-thread-pool-60" daemon [_thread_blocked, id=14428, stack(0x000000c04e600000,0x000000c04e700000)]
  0x000002692c80c000 JavaThread "block-manager-storage-async-thread-pool-61" daemon [_thread_blocked, id=8428, stack(0x000000c04e700000,0x000000c04e800000)]
  0x000002692c807000 JavaThread "block-manager-storage-async-thread-pool-62" daemon [_thread_blocked, id=10760, stack(0x000000c04e800000,0x000000c04e900000)]
  0x000002692c80c800 JavaThread "block-manager-ask-thread-pool-40" daemon [_thread_blocked, id=20280, stack(0x000000c04e900000,0x000000c04ea00000)]
  0x000002692c80f000 JavaThread "block-manager-ask-thread-pool-41" daemon [_thread_blocked, id=2704, stack(0x000000c04ea00000,0x000000c04eb00000)]
  0x000002692c810000 JavaThread "block-manager-storage-async-thread-pool-63" daemon [_thread_blocked, id=5112, stack(0x000000c04eb00000,0x000000c04ec00000)]
  0x000002692c80d800 JavaThread "block-manager-storage-async-thread-pool-64" daemon [_thread_blocked, id=14328, stack(0x000000c04ec00000,0x000000c04ed00000)]
  0x000002692c812800 JavaThread "block-manager-storage-async-thread-pool-65" daemon [_thread_blocked, id=6108, stack(0x000000c04ed00000,0x000000c04ee00000)]
  0x000002692c80e000 JavaThread "block-manager-ask-thread-pool-42" daemon [_thread_blocked, id=23032, stack(0x000000c04ee00000,0x000000c04ef00000)]
  0x000002692c810800 JavaThread "block-manager-ask-thread-pool-43" daemon [_thread_blocked, id=21272, stack(0x000000c04ef00000,0x000000c04f000000)]
  0x000002692c811800 JavaThread "Executor task launch worker for task 46.0 in stage 27.0 (TID 119)" daemon [_thread_blocked, id=4396, stack(0x000000c04f100000,0x000000c04f200000)]
  0x000002692c828000 JavaThread "block-manager-storage-async-thread-pool-66" daemon [_thread_blocked, id=9536, stack(0x000000c04f300000,0x000000c04f400000)]
  0x000002692c824000 JavaThread "block-manager-storage-async-thread-pool-67" daemon [_thread_blocked, id=796, stack(0x000000c04f400000,0x000000c04f500000)]
  0x000002692c827000 JavaThread "block-manager-storage-async-thread-pool-68" daemon [_thread_blocked, id=10848, stack(0x000000c04f500000,0x000000c04f600000)]
  0x000002692c829000 JavaThread "block-manager-ask-thread-pool-44" daemon [_thread_blocked, id=14124, stack(0x000000c04f600000,0x000000c04f700000)]
  0x000002692c826800 JavaThread "block-manager-ask-thread-pool-45" daemon [_thread_blocked, id=8156, stack(0x000000c04f700000,0x000000c04f800000)]
  0x000002692c829800 JavaThread "block-manager-storage-async-thread-pool-69" daemon [_thread_blocked, id=18936, stack(0x000000c04f800000,0x000000c04f900000)]
  0x000002692c82a800 JavaThread "block-manager-storage-async-thread-pool-70" daemon [_thread_blocked, id=7776, stack(0x000000c04f900000,0x000000c04fa00000)]
  0x000002692c825000 JavaThread "block-manager-storage-async-thread-pool-71" daemon [_thread_blocked, id=4732, stack(0x000000c04fa00000,0x000000c04fb00000)]
  0x000002692c82b800 JavaThread "block-manager-ask-thread-pool-46" daemon [_thread_blocked, id=8676, stack(0x000000c04fb00000,0x000000c04fc00000)]
  0x000002692c825800 JavaThread "block-manager-ask-thread-pool-47" daemon [_thread_blocked, id=4524, stack(0x000000c04fc00000,0x000000c04fd00000)]
  0x000002692c832000 JavaThread "QueryStageCreator-5" daemon [_thread_blocked, id=1168, stack(0x000000c04fd00000,0x000000c04fe00000)]
  0x000002692c82e800 JavaThread "block-manager-storage-async-thread-pool-72" daemon [_thread_blocked, id=11308, stack(0x000000c04fe00000,0x000000c04ff00000)]
  0x000002692c82f800 JavaThread "block-manager-storage-async-thread-pool-73" daemon [_thread_blocked, id=14924, stack(0x000000c04ff00000,0x000000c050000000)]
  0x000002692c831000 JavaThread "block-manager-storage-async-thread-pool-74" daemon [_thread_blocked, id=20416, stack(0x000000c050000000,0x000000c050100000)]
  0x000002692c82e000 JavaThread "block-manager-ask-thread-pool-48" daemon [_thread_blocked, id=8784, stack(0x000000c050100000,0x000000c050200000)]
  0x000002692c830000 JavaThread "block-manager-ask-thread-pool-49" daemon [_thread_blocked, id=8108, stack(0x000000c050200000,0x000000c050300000)]
  0x000002692c832800 JavaThread "Executor task launch worker for task 40.0 in stage 27.0 (TID 114)" daemon [_thread_blocked, id=23368, stack(0x000000c050300000,0x000000c050400000)]
  0x000002692c82d000 JavaThread "Executor task launch worker for task 0.0 in stage 43.0 (TID 132)" daemon [_thread_in_Java, id=20320, stack(0x000000c050400000,0x000000c050500000)]
  0x000002692c837800 JavaThread "Executor task launch worker for task 48.0 in stage 27.0 (TID 121)" daemon [_thread_blocked, id=8792, stack(0x000000c050500000,0x000000c050600000)]
  0x000002692c838800 JavaThread "QueryStageCreator-6" daemon [_thread_blocked, id=8516, stack(0x000000c050600000,0x000000c050700000)]
  0x000002692c839000 JavaThread "block-manager-storage-async-thread-pool-75" daemon [_thread_blocked, id=12204, stack(0x000000c050700000,0x000000c050800000)]
  0x000002692c833800 JavaThread "block-manager-storage-async-thread-pool-76" daemon [_thread_blocked, id=5520, stack(0x000000c050800000,0x000000c050900000)]
  0x000002692c83a000 JavaThread "block-manager-storage-async-thread-pool-77" daemon [_thread_blocked, id=7188, stack(0x000000c050900000,0x000000c050a00000)]
  0x000002692c834800 JavaThread "block-manager-ask-thread-pool-50" daemon [_thread_blocked, id=7532, stack(0x000000c050a00000,0x000000c050b00000)]
  0x000002692c83b000 JavaThread "block-manager-ask-thread-pool-51" daemon [_thread_blocked, id=23620, stack(0x000000c050b00000,0x000000c050c00000)]
  0x000002692c835000 JavaThread "block-manager-storage-async-thread-pool-78" daemon [_thread_blocked, id=18688, stack(0x000000c050c00000,0x000000c050d00000)]
  0x000002692c83b800 JavaThread "block-manager-storage-async-thread-pool-79" daemon [_thread_blocked, id=26248, stack(0x000000c050d00000,0x000000c050e00000)]
  0x000002692c836000 JavaThread "block-manager-storage-async-thread-pool-80" daemon [_thread_blocked, id=25576, stack(0x000000c050e00000,0x000000c050f00000)]
  0x000002692c83f000 JavaThread "block-manager-storage-async-thread-pool-81" daemon [_thread_blocked, id=26392, stack(0x000000c050f00000,0x000000c051000000)]
  0x000002692c83e000 JavaThread "block-manager-ask-thread-pool-52" daemon [_thread_blocked, id=20036, stack(0x000000c051000000,0x000000c051100000)]
  0x000002692c83f800 JavaThread "block-manager-ask-thread-pool-53" daemon [_thread_blocked, id=21760, stack(0x000000c051100000,0x000000c051200000)]
  0x000002692c83c800 JavaThread "block-manager-storage-async-thread-pool-82" daemon [_thread_blocked, id=13760, stack(0x000000c051200000,0x000000c051300000)]
  0x000002692c840800 JavaThread "block-manager-storage-async-thread-pool-83" daemon [_thread_blocked, id=16676, stack(0x000000c051300000,0x000000c051400000)]
  0x000002692c83d800 JavaThread "block-manager-ask-thread-pool-54" daemon [_thread_blocked, id=15780, stack(0x000000c051400000,0x000000c051500000)]
  0x000002692c842000 JavaThread "block-manager-ask-thread-pool-55" daemon [_thread_blocked, id=12676, stack(0x000000c051500000,0x000000c051600000)]
  0x000002692c841800 JavaThread "block-manager-storage-async-thread-pool-84" daemon [_thread_blocked, id=21932, stack(0x000000c051600000,0x000000c051700000)]
  0x000002692c843000 JavaThread "block-manager-storage-async-thread-pool-85" daemon [_thread_blocked, id=6556, stack(0x000000c051700000,0x000000c051800000)]
  0x000002692c46e000 JavaThread "block-manager-storage-async-thread-pool-86" daemon [_thread_blocked, id=2432, stack(0x000000c051800000,0x000000c051900000)]
  0x000002692c46b800 JavaThread "block-manager-ask-thread-pool-56" daemon [_thread_blocked, id=15300, stack(0x000000c051900000,0x000000c051a00000)]
  0x000002692c46d000 JavaThread "block-manager-ask-thread-pool-57" daemon [_thread_blocked, id=26512, stack(0x000000c051a00000,0x000000c051b00000)]
  0x000002692c46f000 JavaThread "QueryStageCreator-7" daemon [_thread_blocked, id=16700, stack(0x000000c051b00000,0x000000c051c00000)]
  0x000002692c46c800 JavaThread "block-manager-storage-async-thread-pool-87" daemon [_thread_blocked, id=22548, stack(0x000000c051c00000,0x000000c051d00000)]
  0x000002692c46f800 JavaThread "block-manager-storage-async-thread-pool-88" daemon [_thread_blocked, id=16372, stack(0x000000c051d00000,0x000000c051e00000)]
  0x000002692c470800 JavaThread "block-manager-storage-async-thread-pool-89" daemon [_thread_blocked, id=20172, stack(0x000000c051e00000,0x000000c051f00000)]
  0x000002692c46b000 JavaThread "block-manager-ask-thread-pool-58" daemon [_thread_blocked, id=16176, stack(0x000000c051f00000,0x000000c052000000)]
  0x000002692c474800 JavaThread "block-manager-ask-thread-pool-59" daemon [_thread_blocked, id=24340, stack(0x000000c052000000,0x000000c052100000)]
  0x000002692c471800 JavaThread "block-manager-storage-async-thread-pool-90" daemon [_thread_blocked, id=8932, stack(0x000000c052100000,0x000000c052200000)]
  0x000002692c475800 JavaThread "block-manager-storage-async-thread-pool-91" daemon [_thread_blocked, id=21356, stack(0x000000c052200000,0x000000c052300000)]
  0x000002692c476000 JavaThread "block-manager-storage-async-thread-pool-92" daemon [_thread_blocked, id=24316, stack(0x000000c052300000,0x000000c052400000)]
  0x000002692c477000 JavaThread "block-manager-ask-thread-pool-60" daemon [_thread_blocked, id=25780, stack(0x000000c052400000,0x000000c052500000)]
  0x000002692c478000 JavaThread "block-manager-ask-thread-pool-61" daemon [_thread_blocked, id=17476, stack(0x000000c052500000,0x000000c052600000)]
  0x000002692c472000 JavaThread "block-manager-storage-async-thread-pool-93" daemon [_thread_blocked, id=24812, stack(0x000000c052600000,0x000000c052700000)]
  0x000002692c478800 JavaThread "block-manager-storage-async-thread-pool-94" daemon [_thread_blocked, id=2436, stack(0x000000c052700000,0x000000c052800000)]
  0x000002692c473000 JavaThread "block-manager-storage-async-thread-pool-95" daemon [_thread_blocked, id=9044, stack(0x000000c052800000,0x000000c052900000)]
  0x000002692c479800 JavaThread "block-manager-ask-thread-pool-62" daemon [_thread_blocked, id=10672, stack(0x000000c052900000,0x000000c052a00000)]
  0x000002692c473800 JavaThread "block-manager-ask-thread-pool-63" daemon [_thread_blocked, id=12028, stack(0x000000c052a00000,0x000000c052b00000)]
  0x000002692c47a800 JavaThread "block-manager-storage-async-thread-pool-96" daemon [_thread_blocked, id=14252, stack(0x000000c052b00000,0x000000c052c00000)]
  0x000002692c47d800 JavaThread "block-manager-storage-async-thread-pool-97" daemon [_thread_blocked, id=25168, stack(0x000000c052c00000,0x000000c052d00000)]
  0x000002692c47e800 JavaThread "block-manager-storage-async-thread-pool-98" daemon [_thread_blocked, id=15492, stack(0x000000c052d00000,0x000000c052e00000)]
  0x000002692c47f000 JavaThread "block-manager-ask-thread-pool-64" daemon [_thread_blocked, id=9312, stack(0x000000c052e00000,0x000000c052f00000)]
  0x000002692c480000 JavaThread "block-manager-ask-thread-pool-65" daemon [_thread_blocked, id=6576, stack(0x000000c052f00000,0x000000c053000000)]
  0x000002692c47b000 JavaThread "QueryStageCreator-8" daemon [_thread_blocked, id=1660, stack(0x000000c043100000,0x000000c043200000)]
  0x000002692c47c800 JavaThread "block-manager-storage-async-thread-pool-99" daemon [_thread_blocked, id=8876, stack(0x000000c043200000,0x000000c043300000)]
  0x000002692c481000 JavaThread "block-manager-ask-thread-pool-66" daemon [_thread_blocked, id=16144, stack(0x000000c043300000,0x000000c043400000)]
  0x000002692c481800 JavaThread "block-manager-ask-thread-pool-67" daemon [_thread_blocked, id=4640, stack(0x000000c053200000,0x000000c053300000)]
  0x000002692c47c000 JavaThread "QueryStageCreator-9" daemon [_thread_blocked, id=3976, stack(0x000000c04db00000,0x000000c04dc00000)]
  0x000002692c485000 JavaThread "block-manager-ask-thread-pool-68" daemon [_thread_blocked, id=12476, stack(0x000000c053400000,0x000000c053500000)]
  0x000002692c487800 JavaThread "block-manager-ask-thread-pool-69" daemon [_thread_blocked, id=4880, stack(0x000000c053500000,0x000000c053600000)]
  0x000002692c482800 JavaThread "block-manager-ask-thread-pool-70" daemon [_thread_blocked, id=4240, stack(0x000000c053600000,0x000000c053700000)]
  0x000002692c483000 JavaThread "block-manager-ask-thread-pool-71" daemon [_thread_blocked, id=5200, stack(0x000000c053700000,0x000000c053800000)]
  0x000002692c48a000 JavaThread "block-manager-ask-thread-pool-72" daemon [_thread_blocked, id=23680, stack(0x000000c053800000,0x000000c053900000)]
  0x000002692c485800 JavaThread "block-manager-ask-thread-pool-73" daemon [_thread_blocked, id=11108, stack(0x000000c053900000,0x000000c053a00000)]
  0x000002692c489000 JavaThread "block-manager-ask-thread-pool-74" daemon [_thread_blocked, id=25924, stack(0x000000c053a00000,0x000000c053b00000)]
  0x000002692c486800 JavaThread "block-manager-ask-thread-pool-75" daemon [_thread_blocked, id=15416, stack(0x000000c053b00000,0x000000c053c00000)]
  0x000002692c484000 JavaThread "block-manager-ask-thread-pool-76" daemon [_thread_blocked, id=25160, stack(0x000000c053c00000,0x000000c053d00000)]
  0x000002692ea4d800 JavaThread "block-manager-ask-thread-pool-77" daemon [_thread_blocked, id=16520, stack(0x000000c053d00000,0x000000c053e00000)]
  0x000002692ea50000 JavaThread "QueryStageCreator-10" daemon [_thread_blocked, id=744, stack(0x000000c053e00000,0x000000c053f00000)]
  0x000002692ea4c800 JavaThread "block-manager-ask-thread-pool-78" daemon [_thread_blocked, id=26460, stack(0x000000c053f00000,0x000000c054000000)]
  0x000002692ea4e000 JavaThread "block-manager-ask-thread-pool-79" daemon [_thread_blocked, id=13904, stack(0x000000c054000000,0x000000c054100000)]
  0x000002692ea4f000 JavaThread "QueryStageCreator-11" daemon [_thread_blocked, id=24056, stack(0x000000c053300000,0x000000c053400000)]
  0x000002692ea50800 JavaThread "block-manager-ask-thread-pool-80" daemon [_thread_blocked, id=15644, stack(0x000000c054100000,0x000000c054200000)]
  0x000002692ea4b000 JavaThread "block-manager-ask-thread-pool-81" daemon [_thread_blocked, id=1600, stack(0x000000c054200000,0x000000c054300000)]
  0x000002692ea51800 JavaThread "QueryStageCreator-12" daemon [_thread_blocked, id=12656, stack(0x000000c054300000,0x000000c054400000)]
=>0x00000269289e0000 JavaThread "C2 CompilerThread1" daemon [_thread_in_native, id=25736, stack(0x000000c054400000,0x000000c054500000)]

Other Threads:
  0x000002691ef77800 VMThread "VM Thread" [stack: 0x000000c043a00000,0x000000c043b00000] [id=16608]
  0x000002691fadf800 WatcherThread [stack: 0x000000c044400000,0x000000c044500000] [id=780]
  0x000002697daba000 GCTaskThread "GC Thread#0" [stack: 0x000000c043500000,0x000000c043600000] [id=23048]
  0x000002691fc33800 GCTaskThread "GC Thread#1" [stack: 0x000000c044500000,0x000000c044600000] [id=23160]
  0x000002691fd3c000 GCTaskThread "GC Thread#2" [stack: 0x000000c044600000,0x000000c044700000] [id=4868]
  0x0000026920bd7800 GCTaskThread "GC Thread#3" [stack: 0x000000c044b00000,0x000000c044c00000] [id=10012]
  0x000002697daeb800 ConcurrentGCThread "G1 Main Marker" [stack: 0x000000c043600000,0x000000c043700000] [id=3144]
  0x000002697daed000 ConcurrentGCThread "G1 Conc#0" [stack: 0x000000c043700000,0x000000c043800000] [id=24616]
  0x000002691ee12800 ConcurrentGCThread "G1 Refine#0" [stack: 0x000000c043800000,0x000000c043900000] [id=8116]
  0x000002697db5e800 ConcurrentGCThread "G1 Young RemSet Sampling" [stack: 0x000000c043900000,0x000000c043a00000] [id=17432]

Threads with active compile tasks:
C2 CompilerThread0    73690 22396       4       scala.Array$::copy (49 bytes)
C2 CompilerThread1    73690 22442       4       scala.collection.immutable.Stream::addString (415 bytes)

VM state:not at safepoint (normal execution)

VM Mutex/Monitor currently owned by a thread: None

Heap address: 0x0000000080000000, size: 2048 MB, Compressed Oops mode: 32-bit
Narrow klass base: 0x0000000800000000, Narrow klass shift: 3
Compressed class space size: 1073741824 Address: 0x0000000840000000

Heap:
 garbage-first heap   total 956416K, used 592896K [0x0000000080000000, 0x0000000100000000)
  region size 1024K, 175 young (179200K), 30 survivors (30720K)
 Metaspace       used 165864K, capacity 176883K, committed 177004K, reserved 1198080K
  class space    used 23401K, capacity 28426K, committed 28492K, reserved 1048576K
Heap Regions: E=young(eden), S=young(survivor), O=old, HS=humongous(starts), HC=humongous(continues), CS=collection set, F=free, A=archive, TAMS=top-at-mark-start (previous, next)
|   0|0x0000000080000000, 0x0000000080100000, 0x0000000080100000|100%|HS|  |TAMS 0x0000000080100000, 0x0000000080000000| Complete 
|   1|0x0000000080100000, 0x0000000080200000, 0x0000000080200000|100%|HS|  |TAMS 0x0000000080200000, 0x0000000080100000| Complete 
|   2|0x0000000080200000, 0x0000000080300000, 0x0000000080300000|100%|HC|  |TAMS 0x0000000080300000, 0x0000000080200000| Complete 
|   3|0x0000000080300000, 0x0000000080400000, 0x0000000080400000|100%|HS|  |TAMS 0x0000000080400000, 0x0000000080300000| Complete 
|   4|0x0000000080400000, 0x0000000080500000, 0x0000000080500000|100%|HC|  |TAMS 0x0000000080500000, 0x0000000080400000| Complete 
|   5|0x0000000080500000, 0x0000000080600000, 0x0000000080600000|100%|HC|  |TAMS 0x0000000080600000, 0x0000000080500000| Complete 
|   6|0x0000000080600000, 0x0000000080700000, 0x0000000080700000|100%|HS|  |TAMS 0x0000000080700000, 0x0000000080600000| Complete 
|   7|0x0000000080700000, 0x0000000080800000, 0x0000000080800000|100%|HS|  |TAMS 0x0000000080800000, 0x0000000080700000| Complete 
|   8|0x0000000080800000, 0x0000000080900000, 0x0000000080900000|100%| O|  |TAMS 0x0000000080900000, 0x0000000080800000| Untracked 
|   9|0x0000000080900000, 0x0000000080a00000, 0x0000000080a00000|100%| O|  |TAMS 0x0000000080a00000, 0x0000000080900000| Untracked 
|  10|0x0000000080a00000, 0x0000000080b00000, 0x0000000080b00000|100%| O|  |TAMS 0x0000000080b00000, 0x0000000080a00000| Untracked 
|  11|0x0000000080b00000, 0x0000000080c00000, 0x0000000080c00000|100%| O|  |TAMS 0x0000000080c00000, 0x0000000080b00000| Untracked 
|  12|0x0000000080c00000, 0x0000000080d00000, 0x0000000080d00000|100%| O|  |TAMS 0x0000000080d00000, 0x0000000080c00000| Untracked 
|  13|0x0000000080d00000, 0x0000000080e00000, 0x0000000080e00000|100%| O|  |TAMS 0x0000000080e00000, 0x0000000080d00000| Untracked 
|  14|0x0000000080e00000, 0x0000000080f00000, 0x0000000080f00000|100%| O|  |TAMS 0x0000000080f00000, 0x0000000080e00000| Untracked 
|  15|0x0000000080f00000, 0x0000000081000000, 0x0000000081000000|100%| O|  |TAMS 0x0000000081000000, 0x0000000080f00000| Untracked 
|  16|0x0000000081000000, 0x0000000081100000, 0x0000000081100000|100%|HS|  |TAMS 0x0000000081100000, 0x0000000081000000| Complete 
|  17|0x0000000081100000, 0x0000000081200000, 0x0000000081200000|100%| O|  |TAMS 0x0000000081200000, 0x0000000081100000| Untracked 
|  18|0x0000000081200000, 0x0000000081300000, 0x0000000081300000|100%| O|  |TAMS 0x0000000081300000, 0x0000000081200000| Untracked 
|  19|0x0000000081300000, 0x0000000081400000, 0x0000000081400000|100%| O|  |TAMS 0x0000000081400000, 0x0000000081300000| Untracked 
|  20|0x0000000081400000, 0x0000000081500000, 0x0000000081500000|100%| O|  |TAMS 0x0000000081500000, 0x0000000081400000| Untracked 
|  21|0x0000000081500000, 0x0000000081600000, 0x0000000081600000|100%| O|  |TAMS 0x0000000081600000, 0x0000000081500000| Untracked 
|  22|0x0000000081600000, 0x0000000081700000, 0x0000000081700000|100%| O|  |TAMS 0x0000000081700000, 0x0000000081600000| Untracked 
|  23|0x0000000081700000, 0x0000000081800000, 0x0000000081800000|100%| O|  |TAMS 0x0000000081800000, 0x0000000081700000| Untracked 
|  24|0x0000000081800000, 0x0000000081900000, 0x0000000081900000|100%| O|  |TAMS 0x0000000081900000, 0x0000000081800000| Untracked 
|  25|0x0000000081900000, 0x0000000081a00000, 0x0000000081a00000|100%| O|  |TAMS 0x0000000081a00000, 0x0000000081900000| Untracked 
|  26|0x0000000081a00000, 0x0000000081b00000, 0x0000000081b00000|100%| O|  |TAMS 0x0000000081b00000, 0x0000000081a00000| Untracked 
|  27|0x0000000081b00000, 0x0000000081c00000, 0x0000000081c00000|100%| O|  |TAMS 0x0000000081c00000, 0x0000000081b00000| Untracked 
|  28|0x0000000081c00000, 0x0000000081d00000, 0x0000000081d00000|100%| O|  |TAMS 0x0000000081d00000, 0x0000000081c00000| Untracked 
|  29|0x0000000081d00000, 0x0000000081e00000, 0x0000000081e00000|100%| O|  |TAMS 0x0000000081e00000, 0x0000000081d00000| Untracked 
|  30|0x0000000081e00000, 0x0000000081f00000, 0x0000000081f00000|100%| O|  |TAMS 0x0000000081f00000, 0x0000000081e00000| Untracked 
|  31|0x0000000081f00000, 0x0000000082000000, 0x0000000082000000|100%| O|  |TAMS 0x0000000082000000, 0x0000000081f00000| Untracked 
|  32|0x0000000082000000, 0x0000000082100000, 0x0000000082100000|100%| O|  |TAMS 0x0000000082100000, 0x0000000082000000| Untracked 
|  33|0x0000000082100000, 0x0000000082200000, 0x0000000082200000|100%| O|  |TAMS 0x0000000082200000, 0x0000000082100000| Untracked 
|  34|0x0000000082200000, 0x0000000082300000, 0x0000000082300000|100%| O|  |TAMS 0x0000000082300000, 0x0000000082200000| Untracked 
|  35|0x0000000082300000, 0x0000000082400000, 0x0000000082400000|100%| O|  |TAMS 0x0000000082400000, 0x0000000082300000| Untracked 
|  36|0x0000000082400000, 0x0000000082500000, 0x0000000082500000|100%| O|  |TAMS 0x0000000082500000, 0x0000000082400000| Untracked 
|  37|0x0000000082500000, 0x0000000082600000, 0x0000000082600000|100%| O|  |TAMS 0x0000000082600000, 0x0000000082500000| Untracked 
|  38|0x0000000082600000, 0x0000000082700000, 0x0000000082700000|100%| O|  |TAMS 0x0000000082700000, 0x0000000082600000| Untracked 
|  39|0x0000000082700000, 0x0000000082800000, 0x0000000082800000|100%| O|  |TAMS 0x0000000082800000, 0x0000000082700000| Untracked 
|  40|0x0000000082800000, 0x0000000082900000, 0x0000000082900000|100%| O|  |TAMS 0x0000000082900000, 0x0000000082800000| Untracked 
|  41|0x0000000082900000, 0x0000000082a00000, 0x0000000082a00000|100%| O|  |TAMS 0x0000000082a00000, 0x0000000082900000| Untracked 
|  42|0x0000000082a00000, 0x0000000082b00000, 0x0000000082b00000|100%| O|  |TAMS 0x0000000082b00000, 0x0000000082a00000| Untracked 
|  43|0x0000000082b00000, 0x0000000082c00000, 0x0000000082c00000|100%| O|  |TAMS 0x0000000082c00000, 0x0000000082b00000| Untracked 
|  44|0x0000000082c00000, 0x0000000082d00000, 0x0000000082d00000|100%| O|  |TAMS 0x0000000082d00000, 0x0000000082c00000| Untracked 
|  45|0x0000000082d00000, 0x0000000082e00000, 0x0000000082e00000|100%| O|  |TAMS 0x0000000082e00000, 0x0000000082d00000| Untracked 
|  46|0x0000000082e00000, 0x0000000082f00000, 0x0000000082f00000|100%| O|  |TAMS 0x0000000082f00000, 0x0000000082e00000| Untracked 
|  47|0x0000000082f00000, 0x0000000083000000, 0x0000000083000000|100%| O|  |TAMS 0x0000000083000000, 0x0000000082f00000| Untracked 
|  48|0x0000000083000000, 0x0000000083100000, 0x0000000083100000|100%| O|  |TAMS 0x0000000083100000, 0x0000000083000000| Untracked 
|  49|0x0000000083100000, 0x0000000083200000, 0x0000000083200000|100%| O|  |TAMS 0x0000000083200000, 0x0000000083100000| Untracked 
|  50|0x0000000083200000, 0x0000000083300000, 0x0000000083300000|100%| O|  |TAMS 0x0000000083300000, 0x0000000083200000| Untracked 
|  51|0x0000000083300000, 0x0000000083400000, 0x0000000083400000|100%| O|  |TAMS 0x0000000083400000, 0x0000000083300000| Untracked 
|  52|0x0000000083400000, 0x0000000083500000, 0x0000000083500000|100%| O|  |TAMS 0x0000000083500000, 0x0000000083400000| Untracked 
|  53|0x0000000083500000, 0x0000000083600000, 0x0000000083600000|100%| O|  |TAMS 0x0000000083600000, 0x0000000083500000| Untracked 
|  54|0x0000000083600000, 0x0000000083700000, 0x0000000083700000|100%| O|  |TAMS 0x0000000083700000, 0x0000000083600000| Untracked 
|  55|0x0000000083700000, 0x0000000083800000, 0x0000000083800000|100%| O|  |TAMS 0x0000000083800000, 0x0000000083700000| Untracked 
|  56|0x0000000083800000, 0x0000000083900000, 0x0000000083900000|100%| O|  |TAMS 0x0000000083900000, 0x0000000083800000| Untracked 
|  57|0x0000000083900000, 0x0000000083a00000, 0x0000000083a00000|100%| O|  |TAMS 0x0000000083a00000, 0x0000000083900000| Untracked 
|  58|0x0000000083a00000, 0x0000000083b00000, 0x0000000083b00000|100%| O|  |TAMS 0x0000000083b00000, 0x0000000083a00000| Untracked 
|  59|0x0000000083b00000, 0x0000000083c00000, 0x0000000083c00000|100%| O|  |TAMS 0x0000000083c00000, 0x0000000083b00000| Untracked 
|  60|0x0000000083c00000, 0x0000000083d00000, 0x0000000083d00000|100%| O|  |TAMS 0x0000000083d00000, 0x0000000083c00000| Untracked 
|  61|0x0000000083d00000, 0x0000000083e00000, 0x0000000083e00000|100%| O|  |TAMS 0x0000000083e00000, 0x0000000083d00000| Untracked 
|  62|0x0000000083e00000, 0x0000000083f00000, 0x0000000083f00000|100%| O|  |TAMS 0x0000000083f00000, 0x0000000083e00000| Untracked 
|  63|0x0000000083f00000, 0x0000000084000000, 0x0000000084000000|100%| O|  |TAMS 0x0000000083f00000, 0x0000000083f00000| Untracked 
|  64|0x0000000084000000, 0x0000000084100000, 0x0000000084100000|100%| O|  |TAMS 0x0000000084100000, 0x0000000084000000| Untracked 
|  65|0x0000000084100000, 0x0000000084200000, 0x0000000084200000|100%|HS|  |TAMS 0x0000000084100000, 0x0000000084100000| Complete 
|  66|0x0000000084200000, 0x0000000084300000, 0x0000000084300000|100%| O|  |TAMS 0x0000000084300000, 0x0000000084200000| Untracked 
|  67|0x0000000084300000, 0x0000000084400000, 0x0000000084400000|100%| O|  |TAMS 0x0000000084400000, 0x0000000084300000| Untracked 
|  68|0x0000000084400000, 0x0000000084500000, 0x0000000084500000|100%| O|  |TAMS 0x0000000084400000, 0x0000000084400000| Untracked 
|  69|0x0000000084500000, 0x0000000084600000, 0x0000000084600000|100%| O|  |TAMS 0x0000000084500000, 0x0000000084500000| Untracked 
|  70|0x0000000084600000, 0x0000000084700000, 0x0000000084700000|100%| O|  |TAMS 0x0000000084700000, 0x0000000084600000| Untracked 
|  71|0x0000000084700000, 0x0000000084800000, 0x0000000084800000|100%| O|  |TAMS 0x0000000084800000, 0x0000000084700000| Untracked 
|  72|0x0000000084800000, 0x0000000084900000, 0x0000000084900000|100%| O|  |TAMS 0x00000000848c5400, 0x0000000084800000| Untracked 
|  73|0x0000000084900000, 0x0000000084a00000, 0x0000000084a00000|100%| O|  |TAMS 0x0000000084900000, 0x0000000084900000| Untracked 
|  74|0x0000000084a00000, 0x0000000084b00000, 0x0000000084b00000|100%| O|  |TAMS 0x0000000084a00000, 0x0000000084a00000| Untracked 
|  75|0x0000000084b00000, 0x0000000084c00000, 0x0000000084c00000|100%| O|  |TAMS 0x0000000084b00000, 0x0000000084b00000| Untracked 
|  76|0x0000000084c00000, 0x0000000084d00000, 0x0000000084d00000|100%| O|  |TAMS 0x0000000084c00000, 0x0000000084c00000| Untracked 
|  77|0x0000000084d00000, 0x0000000084e00000, 0x0000000084e00000|100%| O|  |TAMS 0x0000000084d00000, 0x0000000084d00000| Untracked 
|  78|0x0000000084e00000, 0x0000000084f00000, 0x0000000084f00000|100%| O|  |TAMS 0x0000000084e00000, 0x0000000084e00000| Untracked 
|  79|0x0000000084f00000, 0x0000000085000000, 0x0000000085000000|100%| O|  |TAMS 0x0000000084f00000, 0x0000000084f00000| Untracked 
|  80|0x0000000085000000, 0x0000000085100000, 0x0000000085100000|100%| O|  |TAMS 0x0000000085000000, 0x0000000085000000| Untracked 
|  81|0x0000000085100000, 0x0000000085200000, 0x0000000085200000|100%| O|  |TAMS 0x0000000085100000, 0x0000000085100000| Untracked 
|  82|0x0000000085200000, 0x0000000085300000, 0x0000000085300000|100%| O|  |TAMS 0x0000000085200000, 0x0000000085200000| Untracked 
|  83|0x0000000085300000, 0x0000000085400000, 0x0000000085400000|100%| O|  |TAMS 0x0000000085300000, 0x0000000085300000| Untracked 
|  84|0x0000000085400000, 0x0000000085500000, 0x0000000085500000|100%| O|  |TAMS 0x0000000085400000, 0x0000000085400000| Untracked 
|  85|0x0000000085500000, 0x0000000085600000, 0x0000000085600000|100%| O|  |TAMS 0x0000000085500000, 0x0000000085500000| Untracked 
|  86|0x0000000085600000, 0x0000000085700000, 0x0000000085700000|100%| O|  |TAMS 0x0000000085600000, 0x0000000085600000| Untracked 
|  87|0x0000000085700000, 0x0000000085800000, 0x0000000085800000|100%| O|  |TAMS 0x0000000085700000, 0x0000000085700000| Untracked 
|  88|0x0000000085800000, 0x0000000085900000, 0x0000000085900000|100%| O|  |TAMS 0x0000000085800000, 0x0000000085800000| Untracked 
|  89|0x0000000085900000, 0x0000000085a00000, 0x0000000085a00000|100%| O|  |TAMS 0x0000000085900000, 0x0000000085900000| Untracked 
|  90|0x0000000085a00000, 0x0000000085b00000, 0x0000000085b00000|100%| O|  |TAMS 0x0000000085a00000, 0x0000000085a00000| Untracked 
|  91|0x0000000085b00000, 0x0000000085c00000, 0x0000000085c00000|100%| O|  |TAMS 0x0000000085b00000, 0x0000000085b00000| Untracked 
|  92|0x0000000085c00000, 0x0000000085d00000, 0x0000000085d00000|100%| O|  |TAMS 0x0000000085c00000, 0x0000000085c00000| Untracked 
|  93|0x0000000085d00000, 0x0000000085e00000, 0x0000000085e00000|100%| O|  |TAMS 0x0000000085d00000, 0x0000000085d00000| Untracked 
|  94|0x0000000085e00000, 0x0000000085f00000, 0x0000000085f00000|100%| O|  |TAMS 0x0000000085e00000, 0x0000000085e00000| Untracked 
|  95|0x0000000085f00000, 0x0000000086000000, 0x0000000086000000|100%| O|  |TAMS 0x0000000085f00000, 0x0000000085f00000| Untracked 
|  96|0x0000000086000000, 0x0000000086100000, 0x0000000086100000|100%| O|  |TAMS 0x0000000086000000, 0x0000000086000000| Untracked 
|  97|0x0000000086100000, 0x0000000086200000, 0x0000000086200000|100%| O|  |TAMS 0x0000000086100000, 0x0000000086100000| Untracked 
|  98|0x0000000086200000, 0x0000000086300000, 0x0000000086300000|100%|HS|  |TAMS 0x0000000086300000, 0x0000000086200000| Complete 
|  99|0x0000000086300000, 0x0000000086400000, 0x0000000086400000|100%| O|  |TAMS 0x0000000086300000, 0x0000000086300000| Untracked 
| 100|0x0000000086400000, 0x0000000086500000, 0x0000000086500000|100%| O|  |TAMS 0x0000000086500000, 0x0000000086400000| Untracked 
| 101|0x0000000086500000, 0x0000000086600000, 0x0000000086600000|100%| O|  |TAMS 0x0000000086600000, 0x0000000086500000| Untracked 
| 102|0x0000000086600000, 0x0000000086700000, 0x0000000086700000|100%| O|  |TAMS 0x0000000086700000, 0x0000000086600000| Untracked 
| 103|0x0000000086700000, 0x0000000086800000, 0x0000000086800000|100%| O|  |TAMS 0x0000000086700000, 0x0000000086700000| Untracked 
| 104|0x0000000086800000, 0x0000000086900000, 0x0000000086900000|100%| O|  |TAMS 0x0000000086800000, 0x0000000086800000| Untracked 
| 105|0x0000000086900000, 0x0000000086a00000, 0x0000000086a00000|100%| O|  |TAMS 0x0000000086900000, 0x0000000086900000| Untracked 
| 106|0x0000000086a00000, 0x0000000086b00000, 0x0000000086b00000|100%| O|  |TAMS 0x0000000086b00000, 0x0000000086a00000| Untracked 
| 107|0x0000000086b00000, 0x0000000086c00000, 0x0000000086c00000|100%| O|  |TAMS 0x0000000086c00000, 0x0000000086b00000| Untracked 
| 108|0x0000000086c00000, 0x0000000086d00000, 0x0000000086d00000|100%| O|  |TAMS 0x0000000086d00000, 0x0000000086c00000| Untracked 
| 109|0x0000000086d00000, 0x0000000086e00000, 0x0000000086e00000|100%| O|  |TAMS 0x0000000086d00000, 0x0000000086d00000| Untracked 
| 110|0x0000000086e00000, 0x0000000086f00000, 0x0000000086f00000|100%| O|  |TAMS 0x0000000086e00000, 0x0000000086e00000| Untracked 
| 111|0x0000000086f00000, 0x0000000087000000, 0x0000000087000000|100%| O|  |TAMS 0x0000000086f00000, 0x0000000086f00000| Untracked 
| 112|0x0000000087000000, 0x0000000087100000, 0x0000000087100000|100%| O|  |TAMS 0x0000000087000000, 0x0000000087000000| Untracked 
| 113|0x0000000087100000, 0x0000000087200000, 0x0000000087200000|100%| O|  |TAMS 0x0000000087100000, 0x0000000087100000| Untracked 
| 114|0x0000000087200000, 0x0000000087300000, 0x0000000087300000|100%| O|  |TAMS 0x0000000087200000, 0x0000000087200000| Untracked 
| 115|0x0000000087300000, 0x0000000087400000, 0x0000000087400000|100%|HS|  |TAMS 0x0000000087300000, 0x0000000087300000| Complete 
| 116|0x0000000087400000, 0x0000000087500000, 0x0000000087500000|100%| O|  |TAMS 0x0000000087400000, 0x0000000087400000| Untracked 
| 117|0x0000000087500000, 0x0000000087600000, 0x0000000087600000|100%| O|  |TAMS 0x0000000087500000, 0x0000000087500000| Untracked 
| 118|0x0000000087600000, 0x0000000087700000, 0x0000000087700000|100%| O|  |TAMS 0x0000000087600000, 0x0000000087600000| Untracked 
| 119|0x0000000087700000, 0x0000000087800000, 0x0000000087800000|100%| O|  |TAMS 0x0000000087700000, 0x0000000087700000| Untracked 
| 120|0x0000000087800000, 0x0000000087900000, 0x0000000087900000|100%| O|  |TAMS 0x0000000087800000, 0x0000000087800000| Untracked 
| 121|0x0000000087900000, 0x0000000087a00000, 0x0000000087a00000|100%| O|  |TAMS 0x0000000087900000, 0x0000000087900000| Untracked 
| 122|0x0000000087a00000, 0x0000000087b00000, 0x0000000087b00000|100%| O|  |TAMS 0x0000000087a00000, 0x0000000087a00000| Untracked 
| 123|0x0000000087b00000, 0x0000000087c00000, 0x0000000087c00000|100%| O|  |TAMS 0x0000000087b00000, 0x0000000087b00000| Untracked 
| 124|0x0000000087c00000, 0x0000000087d00000, 0x0000000087d00000|100%| O|  |TAMS 0x0000000087c00000, 0x0000000087c00000| Untracked 
| 125|0x0000000087d00000, 0x0000000087e00000, 0x0000000087e00000|100%| O|  |TAMS 0x0000000087d00000, 0x0000000087d00000| Untracked 
| 126|0x0000000087e00000, 0x0000000087f00000, 0x0000000087f00000|100%| O|  |TAMS 0x0000000087e00000, 0x0000000087e00000| Untracked 
| 127|0x0000000087f00000, 0x0000000088000000, 0x0000000088000000|100%| O|  |TAMS 0x0000000087f00000, 0x0000000087f00000| Untracked 
| 128|0x0000000088000000, 0x0000000088100000, 0x0000000088100000|100%| O|  |TAMS 0x0000000088100000, 0x0000000088000000| Untracked 
| 129|0x0000000088100000, 0x0000000088200000, 0x0000000088200000|100%| O|  |TAMS 0x0000000088100000, 0x0000000088100000| Untracked 
| 130|0x0000000088200000, 0x0000000088300000, 0x0000000088300000|100%| O|  |TAMS 0x0000000088200000, 0x0000000088200000| Untracked 
| 131|0x0000000088300000, 0x0000000088400000, 0x0000000088400000|100%| O|  |TAMS 0x0000000088300000, 0x0000000088300000| Untracked 
| 132|0x0000000088400000, 0x0000000088500000, 0x0000000088500000|100%| O|  |TAMS 0x0000000088400000, 0x0000000088400000| Untracked 
| 133|0x0000000088500000, 0x0000000088600000, 0x0000000088600000|100%| O|  |TAMS 0x0000000088500000, 0x0000000088500000| Untracked 
| 134|0x0000000088600000, 0x0000000088700000, 0x0000000088700000|100%| O|  |TAMS 0x0000000088700000, 0x0000000088600000| Untracked 
| 135|0x0000000088700000, 0x0000000088800000, 0x0000000088800000|100%| O|  |TAMS 0x0000000088800000, 0x0000000088700000| Untracked 
| 136|0x0000000088800000, 0x0000000088900000, 0x0000000088900000|100%| O|  |TAMS 0x0000000088900000, 0x0000000088800000| Untracked 
| 137|0x0000000088900000, 0x0000000088a00000, 0x0000000088a00000|100%| O|  |TAMS 0x0000000088a00000, 0x0000000088900000| Untracked 
| 138|0x0000000088a00000, 0x0000000088b00000, 0x0000000088b00000|100%| O|  |TAMS 0x0000000088b00000, 0x0000000088a00000| Untracked 
| 139|0x0000000088b00000, 0x0000000088c00000, 0x0000000088c00000|100%| O|  |TAMS 0x0000000088c00000, 0x0000000088b00000| Untracked 
| 140|0x0000000088c00000, 0x0000000088d00000, 0x0000000088d00000|100%| O|  |TAMS 0x0000000088c00000, 0x0000000088c00000| Untracked 
| 141|0x0000000088d00000, 0x0000000088e00000, 0x0000000088e00000|100%| O|  |TAMS 0x0000000088d00000, 0x0000000088d00000| Untracked 
| 142|0x0000000088e00000, 0x0000000088f00000, 0x0000000088f00000|100%| O|  |TAMS 0x0000000088e00000, 0x0000000088e00000| Untracked 
| 143|0x0000000088f00000, 0x0000000089000000, 0x0000000089000000|100%|HS|  |TAMS 0x0000000089000000, 0x0000000088f00000| Complete 
| 144|0x0000000089000000, 0x0000000089100000, 0x0000000089100000|100%| O|  |TAMS 0x0000000089000000, 0x0000000089000000| Untracked 
| 145|0x0000000089100000, 0x0000000089200000, 0x0000000089200000|100%| O|  |TAMS 0x0000000089100000, 0x0000000089100000| Untracked 
| 146|0x0000000089200000, 0x0000000089300000, 0x0000000089300000|100%| O|  |TAMS 0x0000000089200000, 0x0000000089200000| Untracked 
| 147|0x0000000089300000, 0x0000000089400000, 0x0000000089400000|100%| O|  |TAMS 0x0000000089300000, 0x0000000089300000| Untracked 
| 148|0x0000000089400000, 0x0000000089500000, 0x0000000089500000|100%| O|  |TAMS 0x0000000089500000, 0x0000000089400000| Untracked 
| 149|0x0000000089500000, 0x0000000089600000, 0x0000000089600000|100%| O|  |TAMS 0x0000000089600000, 0x0000000089500000| Untracked 
| 150|0x0000000089600000, 0x0000000089700000, 0x0000000089700000|100%| O|  |TAMS 0x0000000089700000, 0x0000000089600000| Untracked 
| 151|0x0000000089700000, 0x0000000089800000, 0x0000000089800000|100%| O|  |TAMS 0x0000000089800000, 0x0000000089700000| Untracked 
| 152|0x0000000089800000, 0x0000000089900000, 0x0000000089900000|100%| O|  |TAMS 0x0000000089900000, 0x0000000089800000| Untracked 
| 153|0x0000000089900000, 0x0000000089a00000, 0x0000000089a00000|100%| O|  |TAMS 0x0000000089a00000, 0x0000000089900000| Untracked 
| 154|0x0000000089a00000, 0x0000000089b00000, 0x0000000089b00000|100%| O|  |TAMS 0x0000000089a00000, 0x0000000089a00000| Untracked 
| 155|0x0000000089b00000, 0x0000000089c00000, 0x0000000089c00000|100%| O|  |TAMS 0x0000000089b00000, 0x0000000089b00000| Untracked 
| 156|0x0000000089c00000, 0x0000000089d00000, 0x0000000089d00000|100%| O|  |TAMS 0x0000000089d00000, 0x0000000089c00000| Untracked 
| 157|0x0000000089d00000, 0x0000000089e00000, 0x0000000089e00000|100%| O|  |TAMS 0x0000000089d00000, 0x0000000089d00000| Untracked 
| 158|0x0000000089e00000, 0x0000000089f00000, 0x0000000089f00000|100%| O|  |TAMS 0x0000000089e00000, 0x0000000089e00000| Untracked 
| 159|0x0000000089f00000, 0x000000008a000000, 0x000000008a000000|100%| O|  |TAMS 0x0000000089f00000, 0x0000000089f00000| Untracked 
| 160|0x000000008a000000, 0x000000008a100000, 0x000000008a100000|100%| O|  |TAMS 0x000000008a000000, 0x000000008a000000| Untracked 
| 161|0x000000008a100000, 0x000000008a200000, 0x000000008a200000|100%| O|  |TAMS 0x000000008a100000, 0x000000008a100000| Untracked 
| 162|0x000000008a200000, 0x000000008a300000, 0x000000008a300000|100%| O|  |TAMS 0x000000008a200000, 0x000000008a200000| Untracked 
| 163|0x000000008a300000, 0x000000008a400000, 0x000000008a400000|100%| O|  |TAMS 0x000000008a300000, 0x000000008a300000| Untracked 
| 164|0x000000008a400000, 0x000000008a500000, 0x000000008a500000|100%| O|  |TAMS 0x000000008a400000, 0x000000008a400000| Untracked 
| 165|0x000000008a500000, 0x000000008a600000, 0x000000008a600000|100%| O|  |TAMS 0x000000008a500000, 0x000000008a500000| Untracked 
| 166|0x000000008a600000, 0x000000008a700000, 0x000000008a700000|100%| O|  |TAMS 0x000000008a600000, 0x000000008a600000| Untracked 
| 167|0x000000008a700000, 0x000000008a800000, 0x000000008a800000|100%| O|  |TAMS 0x000000008a700000, 0x000000008a700000| Untracked 
| 168|0x000000008a800000, 0x000000008a900000, 0x000000008a900000|100%| O|  |TAMS 0x000000008a800000, 0x000000008a800000| Untracked 
| 169|0x000000008a900000, 0x000000008aa00000, 0x000000008aa00000|100%| O|  |TAMS 0x000000008a900000, 0x000000008a900000| Untracked 
| 170|0x000000008aa00000, 0x000000008ab00000, 0x000000008ab00000|100%| O|  |TAMS 0x000000008aa00000, 0x000000008aa00000| Untracked 
| 171|0x000000008ab00000, 0x000000008ac00000, 0x000000008ac00000|100%| O|  |TAMS 0x000000008ab00000, 0x000000008ab00000| Untracked 
| 172|0x000000008ac00000, 0x000000008ad00000, 0x000000008ad00000|100%| O|  |TAMS 0x000000008ad00000, 0x000000008ac00000| Untracked 
| 173|0x000000008ad00000, 0x000000008ae00000, 0x000000008ae00000|100%| O|  |TAMS 0x000000008ae00000, 0x000000008ad00000| Untracked 
| 174|0x000000008ae00000, 0x000000008af00000, 0x000000008af00000|100%| O|  |TAMS 0x000000008af00000, 0x000000008ae00000| Untracked 
| 175|0x000000008af00000, 0x000000008b000000, 0x000000008b000000|100%| O|  |TAMS 0x000000008af00000, 0x000000008af00000| Untracked 
| 176|0x000000008b000000, 0x000000008b100000, 0x000000008b100000|100%| O|  |TAMS 0x000000008b000000, 0x000000008b000000| Untracked 
| 177|0x000000008b100000, 0x000000008b200000, 0x000000008b200000|100%| O|  |TAMS 0x000000008b200000, 0x000000008b100000| Untracked 
| 178|0x000000008b200000, 0x000000008b300000, 0x000000008b300000|100%| O|  |TAMS 0x000000008b300000, 0x000000008b200000| Untracked 
| 179|0x000000008b300000, 0x000000008b400000, 0x000000008b400000|100%| O|  |TAMS 0x000000008b300000, 0x000000008b300000| Untracked 
| 180|0x000000008b400000, 0x000000008b500000, 0x000000008b500000|100%| O|  |TAMS 0x000000008b400000, 0x000000008b400000| Untracked 
| 181|0x000000008b500000, 0x000000008b600000, 0x000000008b600000|100%| O|  |TAMS 0x000000008b500000, 0x000000008b500000| Untracked 
| 182|0x000000008b600000, 0x000000008b700000, 0x000000008b700000|100%| O|  |TAMS 0x000000008b600000, 0x000000008b600000| Untracked 
| 183|0x000000008b700000, 0x000000008b800000, 0x000000008b800000|100%| O|  |TAMS 0x000000008b700000, 0x000000008b700000| Untracked 
| 184|0x000000008b800000, 0x000000008b900000, 0x000000008b900000|100%| O|  |TAMS 0x000000008b800000, 0x000000008b800000| Untracked 
| 185|0x000000008b900000, 0x000000008ba00000, 0x000000008ba00000|100%| O|  |TAMS 0x000000008b900000, 0x000000008b900000| Untracked 
| 186|0x000000008ba00000, 0x000000008bb00000, 0x000000008bb00000|100%| O|  |TAMS 0x000000008ba00000, 0x000000008ba00000| Untracked 
| 187|0x000000008bb00000, 0x000000008bc00000, 0x000000008bc00000|100%| O|  |TAMS 0x000000008bb00000, 0x000000008bb00000| Untracked 
| 188|0x000000008bc00000, 0x000000008bd00000, 0x000000008bd00000|100%| O|  |TAMS 0x000000008bc00000, 0x000000008bc00000| Untracked 
| 189|0x000000008bd00000, 0x000000008be00000, 0x000000008be00000|100%| O|  |TAMS 0x000000008bd00000, 0x000000008bd00000| Untracked 
| 190|0x000000008be00000, 0x000000008bf00000, 0x000000008bf00000|100%| O|  |TAMS 0x000000008bf00000, 0x000000008be00000| Untracked 
| 191|0x000000008bf00000, 0x000000008c000000, 0x000000008c000000|100%| O|  |TAMS 0x000000008bf00000, 0x000000008bf00000| Untracked 
| 192|0x000000008c000000, 0x000000008c100000, 0x000000008c100000|100%| O|  |TAMS 0x000000008c000000, 0x000000008c000000| Untracked 
| 193|0x000000008c100000, 0x000000008c200000, 0x000000008c200000|100%| O|  |TAMS 0x000000008c100000, 0x000000008c100000| Untracked 
| 194|0x000000008c200000, 0x000000008c300000, 0x000000008c300000|100%| O|  |TAMS 0x000000008c200000, 0x000000008c200000| Untracked 
| 195|0x000000008c300000, 0x000000008c400000, 0x000000008c400000|100%| O|  |TAMS 0x000000008c300000, 0x000000008c300000| Untracked 
| 196|0x000000008c400000, 0x000000008c500000, 0x000000008c500000|100%| O|  |TAMS 0x000000008c400000, 0x000000008c400000| Untracked 
| 197|0x000000008c500000, 0x000000008c600000, 0x000000008c600000|100%| O|  |TAMS 0x000000008c500000, 0x000000008c500000| Untracked 
| 198|0x000000008c600000, 0x000000008c700000, 0x000000008c700000|100%| O|  |TAMS 0x000000008c600000, 0x000000008c600000| Untracked 
| 199|0x000000008c700000, 0x000000008c800000, 0x000000008c800000|100%| O|  |TAMS 0x000000008c700000, 0x000000008c700000| Untracked 
| 200|0x000000008c800000, 0x000000008c900000, 0x000000008c900000|100%| O|  |TAMS 0x000000008c800000, 0x000000008c800000| Untracked 
| 201|0x000000008c900000, 0x000000008ca00000, 0x000000008ca00000|100%| O|  |TAMS 0x000000008c900000, 0x000000008c900000| Untracked 
| 202|0x000000008ca00000, 0x000000008cb00000, 0x000000008cb00000|100%| O|  |TAMS 0x000000008ca00000, 0x000000008ca00000| Untracked 
| 203|0x000000008cb00000, 0x000000008cc00000, 0x000000008cc00000|100%| O|  |TAMS 0x000000008cb00000, 0x000000008cb00000| Untracked 
| 204|0x000000008cc00000, 0x000000008cd00000, 0x000000008cd00000|100%| O|  |TAMS 0x000000008cc00000, 0x000000008cc00000| Untracked 
| 205|0x000000008cd00000, 0x000000008ce00000, 0x000000008ce00000|100%| O|  |TAMS 0x000000008cd00000, 0x000000008cd00000| Untracked 
| 206|0x000000008ce00000, 0x000000008cf00000, 0x000000008cf00000|100%| O|  |TAMS 0x000000008ce00000, 0x000000008ce00000| Untracked 
| 207|0x000000008cf00000, 0x000000008d000000, 0x000000008d000000|100%| O|  |TAMS 0x000000008cf00000, 0x000000008cf00000| Untracked 
| 208|0x000000008d000000, 0x000000008d100000, 0x000000008d100000|100%| O|  |TAMS 0x000000008d000000, 0x000000008d000000| Untracked 
| 209|0x000000008d100000, 0x000000008d200000, 0x000000008d200000|100%| O|  |TAMS 0x000000008d100000, 0x000000008d100000| Untracked 
| 210|0x000000008d200000, 0x000000008d300000, 0x000000008d300000|100%| O|  |TAMS 0x000000008d200000, 0x000000008d200000| Untracked 
| 211|0x000000008d300000, 0x000000008d400000, 0x000000008d400000|100%| O|  |TAMS 0x000000008d300000, 0x000000008d300000| Untracked 
| 212|0x000000008d400000, 0x000000008d500000, 0x000000008d500000|100%| O|  |TAMS 0x000000008d400000, 0x000000008d400000| Untracked 
| 213|0x000000008d500000, 0x000000008d600000, 0x000000008d600000|100%| O|  |TAMS 0x000000008d500000, 0x000000008d500000| Untracked 
| 214|0x000000008d600000, 0x000000008d700000, 0x000000008d700000|100%| O|  |TAMS 0x000000008d600000, 0x000000008d600000| Untracked 
| 215|0x000000008d700000, 0x000000008d800000, 0x000000008d800000|100%| O|  |TAMS 0x000000008d700000, 0x000000008d700000| Untracked 
| 216|0x000000008d800000, 0x000000008d900000, 0x000000008d900000|100%| O|  |TAMS 0x000000008d800000, 0x000000008d800000| Untracked 
| 217|0x000000008d900000, 0x000000008da00000, 0x000000008da00000|100%| O|  |TAMS 0x000000008d900000, 0x000000008d900000| Untracked 
| 218|0x000000008da00000, 0x000000008db00000, 0x000000008db00000|100%| O|  |TAMS 0x000000008da00000, 0x000000008da00000| Untracked 
| 219|0x000000008db00000, 0x000000008dc00000, 0x000000008dc00000|100%| O|  |TAMS 0x000000008db00000, 0x000000008db00000| Untracked 
| 220|0x000000008dc00000, 0x000000008dd00000, 0x000000008dd00000|100%| O|  |TAMS 0x000000008dc00000, 0x000000008dc00000| Untracked 
| 221|0x000000008dd00000, 0x000000008de00000, 0x000000008de00000|100%| O|  |TAMS 0x000000008dd00000, 0x000000008dd00000| Untracked 
| 222|0x000000008de00000, 0x000000008df00000, 0x000000008df00000|100%| O|  |TAMS 0x000000008de00000, 0x000000008de00000| Untracked 
| 223|0x000000008df00000, 0x000000008e000000, 0x000000008e000000|100%| O|  |TAMS 0x000000008df00000, 0x000000008df00000| Untracked 
| 224|0x000000008e000000, 0x000000008e100000, 0x000000008e100000|100%| O|  |TAMS 0x000000008e000000, 0x000000008e000000| Untracked 
| 225|0x000000008e100000, 0x000000008e200000, 0x000000008e200000|100%| O|  |TAMS 0x000000008e100000, 0x000000008e100000| Untracked 
| 226|0x000000008e200000, 0x000000008e300000, 0x000000008e300000|100%| O|  |TAMS 0x000000008e200000, 0x000000008e200000| Untracked 
| 227|0x000000008e300000, 0x000000008e400000, 0x000000008e400000|100%| O|  |TAMS 0x000000008e300000, 0x000000008e300000| Untracked 
| 228|0x000000008e400000, 0x000000008e500000, 0x000000008e500000|100%| O|  |TAMS 0x000000008e400000, 0x000000008e400000| Untracked 
| 229|0x000000008e500000, 0x000000008e600000, 0x000000008e600000|100%| O|  |TAMS 0x000000008e500000, 0x000000008e500000| Untracked 
| 230|0x000000008e600000, 0x000000008e700000, 0x000000008e700000|100%| O|  |TAMS 0x000000008e600000, 0x000000008e600000| Untracked 
| 231|0x000000008e700000, 0x000000008e800000, 0x000000008e800000|100%| O|  |TAMS 0x000000008e700000, 0x000000008e700000| Untracked 
| 232|0x000000008e800000, 0x000000008e900000, 0x000000008e900000|100%| O|  |TAMS 0x000000008e800000, 0x000000008e800000| Untracked 
| 233|0x000000008e900000, 0x000000008ea00000, 0x000000008ea00000|100%| O|  |TAMS 0x000000008e900000, 0x000000008e900000| Untracked 
| 234|0x000000008ea00000, 0x000000008eb00000, 0x000000008eb00000|100%| O|  |TAMS 0x000000008ea00000, 0x000000008ea00000| Untracked 
| 235|0x000000008eb00000, 0x000000008ec00000, 0x000000008ec00000|100%| O|  |TAMS 0x000000008eb00000, 0x000000008eb00000| Untracked 
| 236|0x000000008ec00000, 0x000000008ed00000, 0x000000008ed00000|100%| O|  |TAMS 0x000000008ec00000, 0x000000008ec00000| Untracked 
| 237|0x000000008ed00000, 0x000000008ee00000, 0x000000008ee00000|100%| O|  |TAMS 0x000000008ed00000, 0x000000008ed00000| Untracked 
| 238|0x000000008ee00000, 0x000000008ef00000, 0x000000008ef00000|100%| O|  |TAMS 0x000000008ee00000, 0x000000008ee00000| Untracked 
| 239|0x000000008ef00000, 0x000000008f000000, 0x000000008f000000|100%| O|  |TAMS 0x000000008ef00000, 0x000000008ef00000| Untracked 
| 240|0x000000008f000000, 0x000000008f100000, 0x000000008f100000|100%| O|  |TAMS 0x000000008f000000, 0x000000008f000000| Untracked 
| 241|0x000000008f100000, 0x000000008f200000, 0x000000008f200000|100%| O|  |TAMS 0x000000008f100000, 0x000000008f100000| Untracked 
| 242|0x000000008f200000, 0x000000008f300000, 0x000000008f300000|100%| O|  |TAMS 0x000000008f200000, 0x000000008f200000| Untracked 
| 243|0x000000008f300000, 0x000000008f400000, 0x000000008f400000|100%| O|  |TAMS 0x000000008f300000, 0x000000008f300000| Untracked 
| 244|0x000000008f400000, 0x000000008f500000, 0x000000008f500000|100%| O|  |TAMS 0x000000008f400000, 0x000000008f400000| Untracked 
| 245|0x000000008f500000, 0x000000008f600000, 0x000000008f600000|100%|HS|  |TAMS 0x000000008f500000, 0x000000008f500000| Complete 
| 246|0x000000008f600000, 0x000000008f700000, 0x000000008f700000|100%| O|  |TAMS 0x000000008f600000, 0x000000008f600000| Untracked 
| 247|0x000000008f700000, 0x000000008f800000, 0x000000008f800000|100%| O|  |TAMS 0x000000008f700000, 0x000000008f700000| Untracked 
| 248|0x000000008f800000, 0x000000008f900000, 0x000000008f900000|100%| O|  |TAMS 0x000000008f800000, 0x000000008f800000| Untracked 
| 249|0x000000008f900000, 0x000000008fa00000, 0x000000008fa00000|100%| O|  |TAMS 0x000000008f900000, 0x000000008f900000| Untracked 
| 250|0x000000008fa00000, 0x000000008fb00000, 0x000000008fb00000|100%| O|  |TAMS 0x000000008fa00000, 0x000000008fa00000| Untracked 
| 251|0x000000008fb00000, 0x000000008fc00000, 0x000000008fc00000|100%| O|  |TAMS 0x000000008fb00000, 0x000000008fb00000| Untracked 
| 252|0x000000008fc00000, 0x000000008fd00000, 0x000000008fd00000|100%| O|  |TAMS 0x000000008fc00000, 0x000000008fc00000| Untracked 
| 253|0x000000008fd00000, 0x000000008fe00000, 0x000000008fe00000|100%| O|  |TAMS 0x000000008fd00000, 0x000000008fd00000| Untracked 
| 254|0x000000008fe00000, 0x000000008ff00000, 0x000000008ff00000|100%| O|  |TAMS 0x000000008fe00000, 0x000000008fe00000| Untracked 
| 255|0x000000008ff00000, 0x0000000090000000, 0x0000000090000000|100%| O|  |TAMS 0x000000008ff00000, 0x000000008ff00000| Untracked 
| 256|0x0000000090000000, 0x0000000090100000, 0x0000000090100000|100%| O|  |TAMS 0x0000000090000000, 0x0000000090000000| Untracked 
| 257|0x0000000090100000, 0x0000000090200000, 0x0000000090200000|100%| O|  |TAMS 0x0000000090100000, 0x0000000090100000| Untracked 
| 258|0x0000000090200000, 0x0000000090300000, 0x0000000090300000|100%| O|  |TAMS 0x0000000090200000, 0x0000000090200000| Untracked 
| 259|0x0000000090300000, 0x0000000090400000, 0x0000000090400000|100%| O|  |TAMS 0x0000000090300000, 0x0000000090300000| Untracked 
| 260|0x0000000090400000, 0x0000000090500000, 0x0000000090500000|100%| O|  |TAMS 0x0000000090400000, 0x0000000090400000| Untracked 
| 261|0x0000000090500000, 0x0000000090600000, 0x0000000090600000|100%| O|  |TAMS 0x0000000090500000, 0x0000000090500000| Untracked 
| 262|0x0000000090600000, 0x0000000090700000, 0x0000000090700000|100%| O|  |TAMS 0x0000000090600000, 0x0000000090600000| Untracked 
| 263|0x0000000090700000, 0x0000000090800000, 0x0000000090800000|100%| O|  |TAMS 0x0000000090700000, 0x0000000090700000| Untracked 
| 264|0x0000000090800000, 0x0000000090900000, 0x0000000090900000|100%| O|  |TAMS 0x0000000090800000, 0x0000000090800000| Untracked 
| 265|0x0000000090900000, 0x0000000090a00000, 0x0000000090a00000|100%| O|  |TAMS 0x0000000090900000, 0x0000000090900000| Untracked 
| 266|0x0000000090a00000, 0x0000000090b00000, 0x0000000090b00000|100%| O|  |TAMS 0x0000000090a00000, 0x0000000090a00000| Untracked 
| 267|0x0000000090b00000, 0x0000000090c00000, 0x0000000090c00000|100%| O|  |TAMS 0x0000000090b00000, 0x0000000090b00000| Untracked 
| 268|0x0000000090c00000, 0x0000000090d00000, 0x0000000090d00000|100%| O|  |TAMS 0x0000000090c00000, 0x0000000090c00000| Untracked 
| 269|0x0000000090d00000, 0x0000000090e00000, 0x0000000090e00000|100%| O|  |TAMS 0x0000000090d00000, 0x0000000090d00000| Untracked 
| 270|0x0000000090e00000, 0x0000000090f00000, 0x0000000090f00000|100%| O|  |TAMS 0x0000000090e00000, 0x0000000090e00000| Untracked 
| 271|0x0000000090f00000, 0x0000000091000000, 0x0000000091000000|100%| O|  |TAMS 0x0000000090f00000, 0x0000000090f00000| Untracked 
| 272|0x0000000091000000, 0x0000000091100000, 0x0000000091100000|100%| O|  |TAMS 0x0000000091000000, 0x0000000091000000| Untracked 
| 273|0x0000000091100000, 0x0000000091200000, 0x0000000091200000|100%| O|  |TAMS 0x0000000091100000, 0x0000000091100000| Untracked 
| 274|0x0000000091200000, 0x0000000091300000, 0x0000000091300000|100%| O|  |TAMS 0x0000000091200000, 0x0000000091200000| Untracked 
| 275|0x0000000091300000, 0x0000000091400000, 0x0000000091400000|100%| O|  |TAMS 0x0000000091300000, 0x0000000091300000| Untracked 
| 276|0x0000000091400000, 0x0000000091500000, 0x0000000091500000|100%| O|  |TAMS 0x0000000091400000, 0x0000000091400000| Untracked 
| 277|0x0000000091500000, 0x0000000091600000, 0x0000000091600000|100%| O|  |TAMS 0x0000000091500000, 0x0000000091500000| Untracked 
| 278|0x0000000091600000, 0x0000000091700000, 0x0000000091700000|100%| O|  |TAMS 0x0000000091600000, 0x0000000091600000| Untracked 
| 279|0x0000000091700000, 0x0000000091800000, 0x0000000091800000|100%| O|  |TAMS 0x0000000091700000, 0x0000000091700000| Untracked 
| 280|0x0000000091800000, 0x0000000091900000, 0x0000000091900000|100%| O|  |TAMS 0x0000000091800000, 0x0000000091800000| Untracked 
| 281|0x0000000091900000, 0x0000000091a00000, 0x0000000091a00000|100%| O|  |TAMS 0x0000000091900000, 0x0000000091900000| Untracked 
| 282|0x0000000091a00000, 0x0000000091b00000, 0x0000000091b00000|100%| O|  |TAMS 0x0000000091a00000, 0x0000000091a00000| Untracked 
| 283|0x0000000091b00000, 0x0000000091c00000, 0x0000000091c00000|100%| O|  |TAMS 0x0000000091b00000, 0x0000000091b00000| Untracked 
| 284|0x0000000091c00000, 0x0000000091d00000, 0x0000000091d00000|100%| O|  |TAMS 0x0000000091c00000, 0x0000000091c00000| Untracked 
| 285|0x0000000091d00000, 0x0000000091e00000, 0x0000000091e00000|100%| O|  |TAMS 0x0000000091d00000, 0x0000000091d00000| Untracked 
| 286|0x0000000091e00000, 0x0000000091f00000, 0x0000000091f00000|100%| O|  |TAMS 0x0000000091e00000, 0x0000000091e00000| Untracked 
| 287|0x0000000091f00000, 0x0000000092000000, 0x0000000092000000|100%| O|  |TAMS 0x0000000091f00000, 0x0000000091f00000| Untracked 
| 288|0x0000000092000000, 0x0000000092100000, 0x0000000092100000|100%| O|  |TAMS 0x0000000092000000, 0x0000000092000000| Untracked 
| 289|0x0000000092100000, 0x0000000092200000, 0x0000000092200000|100%| O|  |TAMS 0x0000000092100000, 0x0000000092100000| Untracked 
| 290|0x0000000092200000, 0x0000000092300000, 0x0000000092300000|100%| O|  |TAMS 0x0000000092200000, 0x0000000092200000| Untracked 
| 291|0x0000000092300000, 0x0000000092400000, 0x0000000092400000|100%| O|  |TAMS 0x0000000092300000, 0x0000000092300000| Untracked 
| 292|0x0000000092400000, 0x0000000092500000, 0x0000000092500000|100%| O|  |TAMS 0x0000000092400000, 0x0000000092400000| Untracked 
| 293|0x0000000092500000, 0x0000000092600000, 0x0000000092600000|100%| O|  |TAMS 0x0000000092500000, 0x0000000092500000| Untracked 
| 294|0x0000000092600000, 0x0000000092700000, 0x0000000092700000|100%| O|  |TAMS 0x0000000092600000, 0x0000000092600000| Untracked 
| 295|0x0000000092700000, 0x0000000092800000, 0x0000000092800000|100%| O|  |TAMS 0x0000000092700000, 0x0000000092700000| Untracked 
| 296|0x0000000092800000, 0x0000000092900000, 0x0000000092900000|100%| O|  |TAMS 0x0000000092800000, 0x0000000092800000| Untracked 
| 297|0x0000000092900000, 0x0000000092a00000, 0x0000000092a00000|100%| O|  |TAMS 0x0000000092900000, 0x0000000092900000| Untracked 
| 298|0x0000000092a00000, 0x0000000092b00000, 0x0000000092b00000|100%| O|  |TAMS 0x0000000092a00000, 0x0000000092a00000| Untracked 
| 299|0x0000000092b00000, 0x0000000092c00000, 0x0000000092c00000|100%| O|  |TAMS 0x0000000092b00000, 0x0000000092b00000| Untracked 
| 300|0x0000000092c00000, 0x0000000092d00000, 0x0000000092d00000|100%| O|  |TAMS 0x0000000092c00000, 0x0000000092c00000| Untracked 
| 301|0x0000000092d00000, 0x0000000092e00000, 0x0000000092e00000|100%| O|  |TAMS 0x0000000092d00000, 0x0000000092d00000| Untracked 
| 302|0x0000000092e00000, 0x0000000092f00000, 0x0000000092f00000|100%| O|  |TAMS 0x0000000092e00000, 0x0000000092e00000| Untracked 
| 303|0x0000000092f00000, 0x0000000093000000, 0x0000000093000000|100%| O|  |TAMS 0x0000000092f00000, 0x0000000092f00000| Untracked 
| 304|0x0000000093000000, 0x0000000093100000, 0x0000000093100000|100%| O|  |TAMS 0x0000000093000000, 0x0000000093000000| Untracked 
| 305|0x0000000093100000, 0x0000000093200000, 0x0000000093200000|100%| O|  |TAMS 0x0000000093100000, 0x0000000093100000| Untracked 
| 306|0x0000000093200000, 0x0000000093300000, 0x0000000093300000|100%| O|  |TAMS 0x0000000093200000, 0x0000000093200000| Untracked 
| 307|0x0000000093300000, 0x0000000093400000, 0x0000000093400000|100%| O|  |TAMS 0x0000000093300000, 0x0000000093300000| Untracked 
| 308|0x0000000093400000, 0x0000000093500000, 0x0000000093500000|100%| O|  |TAMS 0x0000000093400000, 0x0000000093400000| Untracked 
| 309|0x0000000093500000, 0x0000000093600000, 0x0000000093600000|100%| O|  |TAMS 0x0000000093500000, 0x0000000093500000| Untracked 
| 310|0x0000000093600000, 0x0000000093700000, 0x0000000093700000|100%| O|  |TAMS 0x0000000093600000, 0x0000000093600000| Untracked 
| 311|0x0000000093700000, 0x0000000093800000, 0x0000000093800000|100%| O|  |TAMS 0x0000000093700000, 0x0000000093700000| Untracked 
| 312|0x0000000093800000, 0x0000000093900000, 0x0000000093900000|100%| O|  |TAMS 0x0000000093800000, 0x0000000093800000| Untracked 
| 313|0x0000000093900000, 0x0000000093a00000, 0x0000000093a00000|100%| O|  |TAMS 0x0000000093900000, 0x0000000093900000| Untracked 
| 314|0x0000000093a00000, 0x0000000093b00000, 0x0000000093b00000|100%| O|  |TAMS 0x0000000093a00000, 0x0000000093a00000| Untracked 
| 315|0x0000000093b00000, 0x0000000093c00000, 0x0000000093c00000|100%| O|  |TAMS 0x0000000093b00000, 0x0000000093b00000| Untracked 
| 316|0x0000000093c00000, 0x0000000093d00000, 0x0000000093d00000|100%| O|  |TAMS 0x0000000093c00000, 0x0000000093c00000| Untracked 
| 317|0x0000000093d00000, 0x0000000093e00000, 0x0000000093e00000|100%| O|  |TAMS 0x0000000093d00000, 0x0000000093d00000| Untracked 
| 318|0x0000000093e00000, 0x0000000093f00000, 0x0000000093f00000|100%| O|  |TAMS 0x0000000093e00000, 0x0000000093e00000| Untracked 
| 319|0x0000000093f00000, 0x0000000094000000, 0x0000000094000000|100%| O|  |TAMS 0x0000000093f00000, 0x0000000093f00000| Untracked 
| 320|0x0000000094000000, 0x0000000094100000, 0x0000000094100000|100%| O|  |TAMS 0x0000000094000000, 0x0000000094000000| Untracked 
| 321|0x0000000094100000, 0x0000000094200000, 0x0000000094200000|100%| O|  |TAMS 0x0000000094100000, 0x0000000094100000| Untracked 
| 322|0x0000000094200000, 0x0000000094300000, 0x0000000094300000|100%| O|  |TAMS 0x0000000094200000, 0x0000000094200000| Untracked 
| 323|0x0000000094300000, 0x0000000094400000, 0x0000000094400000|100%| O|  |TAMS 0x0000000094300000, 0x0000000094300000| Untracked 
| 324|0x0000000094400000, 0x0000000094500000, 0x0000000094500000|100%| O|  |TAMS 0x0000000094400000, 0x0000000094400000| Untracked 
| 325|0x0000000094500000, 0x0000000094600000, 0x0000000094600000|100%| O|  |TAMS 0x0000000094500000, 0x0000000094500000| Untracked 
| 326|0x0000000094600000, 0x0000000094700000, 0x0000000094700000|100%| O|  |TAMS 0x0000000094600000, 0x0000000094600000| Untracked 
| 327|0x0000000094700000, 0x0000000094800000, 0x0000000094800000|100%| O|  |TAMS 0x0000000094700000, 0x0000000094700000| Untracked 
| 328|0x0000000094800000, 0x0000000094900000, 0x0000000094900000|100%| O|  |TAMS 0x0000000094800000, 0x0000000094800000| Untracked 
| 329|0x0000000094900000, 0x0000000094a00000, 0x0000000094a00000|100%| O|  |TAMS 0x0000000094900000, 0x0000000094900000| Untracked 
| 330|0x0000000094a00000, 0x0000000094b00000, 0x0000000094b00000|100%| O|  |TAMS 0x0000000094a00000, 0x0000000094a00000| Untracked 
| 331|0x0000000094b00000, 0x0000000094c00000, 0x0000000094c00000|100%| O|  |TAMS 0x0000000094b00000, 0x0000000094b00000| Untracked 
| 332|0x0000000094c00000, 0x0000000094d00000, 0x0000000094d00000|100%| O|  |TAMS 0x0000000094c00000, 0x0000000094c00000| Untracked 
| 333|0x0000000094d00000, 0x0000000094e00000, 0x0000000094e00000|100%| O|  |TAMS 0x0000000094d00000, 0x0000000094d00000| Untracked 
| 334|0x0000000094e00000, 0x0000000094f00000, 0x0000000094f00000|100%| O|  |TAMS 0x0000000094e00000, 0x0000000094e00000| Untracked 
| 335|0x0000000094f00000, 0x0000000095000000, 0x0000000095000000|100%| O|  |TAMS 0x0000000094f00000, 0x0000000094f00000| Untracked 
| 336|0x0000000095000000, 0x0000000095100000, 0x0000000095100000|100%| O|  |TAMS 0x0000000095000000, 0x0000000095000000| Untracked 
| 337|0x0000000095100000, 0x0000000095200000, 0x0000000095200000|100%| O|  |TAMS 0x0000000095100000, 0x0000000095100000| Untracked 
| 338|0x0000000095200000, 0x0000000095300000, 0x0000000095300000|100%| O|  |TAMS 0x0000000095200000, 0x0000000095200000| Untracked 
| 339|0x0000000095300000, 0x0000000095400000, 0x0000000095400000|100%| O|  |TAMS 0x0000000095300000, 0x0000000095300000| Untracked 
| 340|0x0000000095400000, 0x0000000095500000, 0x0000000095500000|100%| O|  |TAMS 0x0000000095400000, 0x0000000095400000| Untracked 
| 341|0x0000000095500000, 0x0000000095600000, 0x0000000095600000|100%| O|  |TAMS 0x0000000095500000, 0x0000000095500000| Untracked 
| 342|0x0000000095600000, 0x0000000095700000, 0x0000000095700000|100%| O|  |TAMS 0x0000000095600000, 0x0000000095600000| Untracked 
| 343|0x0000000095700000, 0x0000000095800000, 0x0000000095800000|100%| O|  |TAMS 0x0000000095700000, 0x0000000095700000| Untracked 
| 344|0x0000000095800000, 0x0000000095900000, 0x0000000095900000|100%| O|  |TAMS 0x0000000095800000, 0x0000000095800000| Untracked 
| 345|0x0000000095900000, 0x0000000095a00000, 0x0000000095a00000|100%| O|  |TAMS 0x0000000095900000, 0x0000000095900000| Untracked 
| 346|0x0000000095a00000, 0x0000000095b00000, 0x0000000095b00000|100%| O|  |TAMS 0x0000000095a00000, 0x0000000095a00000| Untracked 
| 347|0x0000000095b00000, 0x0000000095c00000, 0x0000000095c00000|100%| O|  |TAMS 0x0000000095b00000, 0x0000000095b00000| Untracked 
| 348|0x0000000095c00000, 0x0000000095d00000, 0x0000000095d00000|100%| O|  |TAMS 0x0000000095c00000, 0x0000000095c00000| Untracked 
| 349|0x0000000095d00000, 0x0000000095e00000, 0x0000000095e00000|100%| O|  |TAMS 0x0000000095d00000, 0x0000000095d00000| Untracked 
| 350|0x0000000095e00000, 0x0000000095f00000, 0x0000000095f00000|100%| O|  |TAMS 0x0000000095e00000, 0x0000000095e00000| Untracked 
| 351|0x0000000095f00000, 0x0000000096000000, 0x0000000096000000|100%| O|  |TAMS 0x0000000095f00000, 0x0000000095f00000| Untracked 
| 352|0x0000000096000000, 0x0000000096100000, 0x0000000096100000|100%| O|  |TAMS 0x0000000096000000, 0x0000000096000000| Untracked 
| 353|0x0000000096100000, 0x0000000096200000, 0x0000000096200000|100%|HS|  |TAMS 0x0000000096100000, 0x0000000096100000| Complete 
| 354|0x0000000096200000, 0x0000000096300000, 0x0000000096300000|100%| O|  |TAMS 0x0000000096200000, 0x0000000096200000| Untracked 
| 355|0x0000000096300000, 0x0000000096400000, 0x0000000096400000|100%| O|  |TAMS 0x0000000096300000, 0x0000000096300000| Untracked 
| 356|0x0000000096400000, 0x0000000096500000, 0x0000000096500000|100%| O|  |TAMS 0x0000000096400000, 0x0000000096400000| Untracked 
| 357|0x0000000096500000, 0x0000000096600000, 0x0000000096600000|100%| O|  |TAMS 0x0000000096500000, 0x0000000096500000| Untracked 
| 358|0x0000000096600000, 0x0000000096700000, 0x0000000096700000|100%| O|  |TAMS 0x0000000096600000, 0x0000000096600000| Untracked 
| 359|0x0000000096700000, 0x0000000096800000, 0x0000000096800000|100%| O|  |TAMS 0x0000000096700000, 0x0000000096700000| Untracked 
| 360|0x0000000096800000, 0x0000000096900000, 0x0000000096900000|100%| O|  |TAMS 0x0000000096800000, 0x0000000096800000| Untracked 
| 361|0x0000000096900000, 0x0000000096a00000, 0x0000000096a00000|100%| O|  |TAMS 0x0000000096900000, 0x0000000096900000| Untracked 
| 362|0x0000000096a00000, 0x0000000096b00000, 0x0000000096b00000|100%| O|  |TAMS 0x0000000096a00000, 0x0000000096a00000| Untracked 
| 363|0x0000000096b00000, 0x0000000096c00000, 0x0000000096c00000|100%| O|  |TAMS 0x0000000096b00000, 0x0000000096b00000| Untracked 
| 364|0x0000000096c00000, 0x0000000096d00000, 0x0000000096d00000|100%| O|  |TAMS 0x0000000096c00000, 0x0000000096c00000| Untracked 
| 365|0x0000000096d00000, 0x0000000096e00000, 0x0000000096e00000|100%| O|  |TAMS 0x0000000096d00000, 0x0000000096d00000| Untracked 
| 366|0x0000000096e00000, 0x0000000096f00000, 0x0000000096f00000|100%| O|  |TAMS 0x0000000096e00000, 0x0000000096e00000| Untracked 
| 367|0x0000000096f00000, 0x0000000097000000, 0x0000000097000000|100%| O|  |TAMS 0x0000000096f00000, 0x0000000096f00000| Untracked 
| 368|0x0000000097000000, 0x0000000097100000, 0x0000000097100000|100%| O|  |TAMS 0x0000000097000000, 0x0000000097000000| Untracked 
| 369|0x0000000097100000, 0x0000000097200000, 0x0000000097200000|100%| O|  |TAMS 0x0000000097100000, 0x0000000097100000| Untracked 
| 370|0x0000000097200000, 0x0000000097300000, 0x0000000097300000|100%| O|  |TAMS 0x0000000097200000, 0x0000000097200000| Untracked 
| 371|0x0000000097300000, 0x0000000097400000, 0x0000000097400000|100%| O|  |TAMS 0x0000000097300000, 0x0000000097300000| Untracked 
| 372|0x0000000097400000, 0x0000000097500000, 0x0000000097500000|100%| O|  |TAMS 0x0000000097400000, 0x0000000097400000| Untracked 
| 373|0x0000000097500000, 0x0000000097600000, 0x0000000097600000|100%| O|  |TAMS 0x0000000097500000, 0x0000000097500000| Untracked 
| 374|0x0000000097600000, 0x0000000097700000, 0x0000000097700000|100%| O|  |TAMS 0x0000000097600000, 0x0000000097600000| Untracked 
| 375|0x0000000097700000, 0x0000000097800000, 0x0000000097800000|100%| O|  |TAMS 0x0000000097700000, 0x0000000097700000| Untracked 
| 376|0x0000000097800000, 0x0000000097900000, 0x0000000097900000|100%| O|  |TAMS 0x0000000097800000, 0x0000000097800000| Untracked 
| 377|0x0000000097900000, 0x0000000097a00000, 0x0000000097a00000|100%| O|  |TAMS 0x0000000097900000, 0x0000000097900000| Untracked 
| 378|0x0000000097a00000, 0x0000000097b00000, 0x0000000097b00000|100%| O|  |TAMS 0x0000000097a00000, 0x0000000097a00000| Untracked 
| 379|0x0000000097b00000, 0x0000000097c00000, 0x0000000097c00000|100%| O|  |TAMS 0x0000000097b00000, 0x0000000097b00000| Untracked 
| 380|0x0000000097c00000, 0x0000000097d00000, 0x0000000097d00000|100%| O|  |TAMS 0x0000000097c00000, 0x0000000097c00000| Untracked 
| 381|0x0000000097d00000, 0x0000000097e00000, 0x0000000097e00000|100%| O|  |TAMS 0x0000000097d00000, 0x0000000097d00000| Untracked 
| 382|0x0000000097e00000, 0x0000000097f00000, 0x0000000097f00000|100%| O|  |TAMS 0x0000000097e00000, 0x0000000097e00000| Untracked 
| 383|0x0000000097f00000, 0x0000000098000000, 0x0000000098000000|100%| O|  |TAMS 0x0000000097f00000, 0x0000000097f00000| Untracked 
| 384|0x0000000098000000, 0x0000000098100000, 0x0000000098100000|100%| O|  |TAMS 0x0000000098000000, 0x0000000098000000| Untracked 
| 385|0x0000000098100000, 0x0000000098200000, 0x0000000098200000|100%|HS|  |TAMS 0x0000000098100000, 0x0000000098100000| Complete 
| 386|0x0000000098200000, 0x0000000098300000, 0x0000000098300000|100%|HC|  |TAMS 0x0000000098200000, 0x0000000098200000| Complete 
| 387|0x0000000098300000, 0x0000000098400000, 0x0000000098400000|100%|HS|  |TAMS 0x0000000098300000, 0x0000000098300000| Complete 
| 388|0x0000000098400000, 0x0000000098500000, 0x0000000098500000|100%|HC|  |TAMS 0x0000000098400000, 0x0000000098400000| Complete 
| 389|0x0000000098500000, 0x0000000098600000, 0x0000000098600000|100%|HC|  |TAMS 0x0000000098500000, 0x0000000098500000| Complete 
| 390|0x0000000098600000, 0x0000000098700000, 0x0000000098700000|100%|HC|  |TAMS 0x0000000098600000, 0x0000000098600000| Complete 
| 391|0x0000000098700000, 0x0000000098800000, 0x0000000098800000|100%|HC|  |TAMS 0x0000000098700000, 0x0000000098700000| Complete 
| 392|0x0000000098800000, 0x0000000098900000, 0x0000000098900000|100%|HS|  |TAMS 0x0000000098800000, 0x0000000098800000| Complete 
| 393|0x0000000098900000, 0x0000000098a00000, 0x0000000098a00000|100%|HC|  |TAMS 0x0000000098900000, 0x0000000098900000| Complete 
| 394|0x0000000098a00000, 0x0000000098b00000, 0x0000000098b00000|100%|HS|  |TAMS 0x0000000098a00000, 0x0000000098a00000| Complete 
| 395|0x0000000098b00000, 0x0000000098c00000, 0x0000000098c00000|100%|HC|  |TAMS 0x0000000098b00000, 0x0000000098b00000| Complete 
| 396|0x0000000098c00000, 0x0000000098d00000, 0x0000000098d00000|100%|HS|  |TAMS 0x0000000098c00000, 0x0000000098c00000| Complete 
| 397|0x0000000098d00000, 0x0000000098e00000, 0x0000000098e00000|100%|HC|  |TAMS 0x0000000098d00000, 0x0000000098d00000| Complete 
| 398|0x0000000098e00000, 0x0000000098f00000, 0x0000000098f00000|100%|HC|  |TAMS 0x0000000098e00000, 0x0000000098e00000| Complete 
| 399|0x0000000098f00000, 0x0000000099000000, 0x0000000099000000|100%|HC|  |TAMS 0x0000000098f00000, 0x0000000098f00000| Complete 
| 400|0x0000000099000000, 0x0000000099100000, 0x0000000099100000|100%|HC|  |TAMS 0x0000000099000000, 0x0000000099000000| Complete 
| 401|0x0000000099100000, 0x0000000099200000, 0x0000000099200000|100%|HS|  |TAMS 0x0000000099100000, 0x0000000099100000| Complete 
| 402|0x0000000099200000, 0x0000000099300000, 0x0000000099300000|100%|HC|  |TAMS 0x0000000099200000, 0x0000000099200000| Complete 
| 403|0x0000000099300000, 0x0000000099400000, 0x0000000099400000|100%|HC|  |TAMS 0x0000000099300000, 0x0000000099300000| Complete 
| 404|0x0000000099400000, 0x0000000099500000, 0x0000000099500000|100%|HC|  |TAMS 0x0000000099400000, 0x0000000099400000| Complete 
| 405|0x0000000099500000, 0x0000000099600000, 0x0000000099600000|100%|HC|  |TAMS 0x0000000099500000, 0x0000000099500000| Complete 
| 406|0x0000000099600000, 0x0000000099600000, 0x0000000099700000|  0%| F|  |TAMS 0x0000000099600000, 0x0000000099600000| Untracked 
| 407|0x0000000099700000, 0x0000000099700000, 0x0000000099800000|  0%| F|  |TAMS 0x0000000099700000, 0x0000000099700000| Untracked 
| 408|0x0000000099800000, 0x0000000099800000, 0x0000000099900000|  0%| F|  |TAMS 0x0000000099800000, 0x0000000099800000| Untracked 
| 409|0x0000000099900000, 0x0000000099900000, 0x0000000099a00000|  0%| F|  |TAMS 0x0000000099900000, 0x0000000099900000| Untracked 
| 410|0x0000000099a00000, 0x0000000099a00000, 0x0000000099b00000|  0%| F|  |TAMS 0x0000000099a00000, 0x0000000099a00000| Untracked 
| 411|0x0000000099b00000, 0x0000000099b00000, 0x0000000099c00000|  0%| F|  |TAMS 0x0000000099b00000, 0x0000000099b00000| Untracked 
| 412|0x0000000099c00000, 0x0000000099c00000, 0x0000000099d00000|  0%| F|  |TAMS 0x0000000099c00000, 0x0000000099c00000| Untracked 
| 413|0x0000000099d00000, 0x0000000099d00000, 0x0000000099e00000|  0%| F|  |TAMS 0x0000000099d00000, 0x0000000099d00000| Untracked 
| 414|0x0000000099e00000, 0x0000000099e00000, 0x0000000099f00000|  0%| F|  |TAMS 0x0000000099e00000, 0x0000000099e00000| Untracked 
| 415|0x0000000099f00000, 0x0000000099f00000, 0x000000009a000000|  0%| F|  |TAMS 0x0000000099f00000, 0x0000000099f00000| Untracked 
| 416|0x000000009a000000, 0x000000009a000000, 0x000000009a100000|  0%| F|  |TAMS 0x000000009a000000, 0x000000009a000000| Untracked 
| 417|0x000000009a100000, 0x000000009a100000, 0x000000009a200000|  0%| F|  |TAMS 0x000000009a100000, 0x000000009a100000| Untracked 
| 418|0x000000009a200000, 0x000000009a200000, 0x000000009a300000|  0%| F|  |TAMS 0x000000009a200000, 0x000000009a200000| Untracked 
| 419|0x000000009a300000, 0x000000009a300000, 0x000000009a400000|  0%| F|  |TAMS 0x000000009a300000, 0x000000009a300000| Untracked 
| 420|0x000000009a400000, 0x000000009a400000, 0x000000009a500000|  0%| F|  |TAMS 0x000000009a400000, 0x000000009a400000| Untracked 
| 421|0x000000009a500000, 0x000000009a500000, 0x000000009a600000|  0%| F|  |TAMS 0x000000009a500000, 0x000000009a500000| Untracked 
| 422|0x000000009a600000, 0x000000009a600000, 0x000000009a700000|  0%| F|  |TAMS 0x000000009a600000, 0x000000009a600000| Untracked 
| 423|0x000000009a700000, 0x000000009a700000, 0x000000009a800000|  0%| F|  |TAMS 0x000000009a700000, 0x000000009a700000| Untracked 
| 424|0x000000009a800000, 0x000000009a800000, 0x000000009a900000|  0%| F|  |TAMS 0x000000009a800000, 0x000000009a800000| Untracked 
| 425|0x000000009a900000, 0x000000009a900000, 0x000000009aa00000|  0%| F|  |TAMS 0x000000009a900000, 0x000000009a900000| Untracked 
| 426|0x000000009aa00000, 0x000000009aa00000, 0x000000009ab00000|  0%| F|  |TAMS 0x000000009aa00000, 0x000000009aa00000| Untracked 
| 427|0x000000009ab00000, 0x000000009ab00000, 0x000000009ac00000|  0%| F|  |TAMS 0x000000009ab00000, 0x000000009ab00000| Untracked 
| 428|0x000000009ac00000, 0x000000009ac00000, 0x000000009ad00000|  0%| F|  |TAMS 0x000000009ac00000, 0x000000009ac00000| Untracked 
| 429|0x000000009ad00000, 0x000000009ad00000, 0x000000009ae00000|  0%| F|  |TAMS 0x000000009ad00000, 0x000000009ad00000| Untracked 
| 430|0x000000009ae00000, 0x000000009ae00000, 0x000000009af00000|  0%| F|  |TAMS 0x000000009ae00000, 0x000000009ae00000| Untracked 
| 431|0x000000009af00000, 0x000000009af00000, 0x000000009b000000|  0%| F|  |TAMS 0x000000009af00000, 0x000000009af00000| Untracked 
| 432|0x000000009b000000, 0x000000009b000000, 0x000000009b100000|  0%| F|  |TAMS 0x000000009b000000, 0x000000009b000000| Untracked 
| 433|0x000000009b100000, 0x000000009b100000, 0x000000009b200000|  0%| F|  |TAMS 0x000000009b100000, 0x000000009b100000| Untracked 
| 434|0x000000009b200000, 0x000000009b200000, 0x000000009b300000|  0%| F|  |TAMS 0x000000009b200000, 0x000000009b200000| Untracked 
| 435|0x000000009b300000, 0x000000009b300000, 0x000000009b400000|  0%| F|  |TAMS 0x000000009b300000, 0x000000009b300000| Untracked 
| 436|0x000000009b400000, 0x000000009b400000, 0x000000009b500000|  0%| F|  |TAMS 0x000000009b400000, 0x000000009b400000| Untracked 
| 437|0x000000009b500000, 0x000000009b500000, 0x000000009b600000|  0%| F|  |TAMS 0x000000009b500000, 0x000000009b500000| Untracked 
| 438|0x000000009b600000, 0x000000009b600000, 0x000000009b700000|  0%| F|  |TAMS 0x000000009b600000, 0x000000009b600000| Untracked 
| 439|0x000000009b700000, 0x000000009b700000, 0x000000009b800000|  0%| F|  |TAMS 0x000000009b700000, 0x000000009b700000| Untracked 
| 440|0x000000009b800000, 0x000000009b800000, 0x000000009b900000|  0%| F|  |TAMS 0x000000009b800000, 0x000000009b800000| Untracked 
| 441|0x000000009b900000, 0x000000009b900000, 0x000000009ba00000|  0%| F|  |TAMS 0x000000009b900000, 0x000000009b900000| Untracked 
| 442|0x000000009ba00000, 0x000000009ba00000, 0x000000009bb00000|  0%| F|  |TAMS 0x000000009ba00000, 0x000000009ba00000| Untracked 
| 443|0x000000009bb00000, 0x000000009bb00000, 0x000000009bc00000|  0%| F|  |TAMS 0x000000009bb00000, 0x000000009bb00000| Untracked 
| 444|0x000000009bc00000, 0x000000009bc00000, 0x000000009bd00000|  0%| F|  |TAMS 0x000000009bc00000, 0x000000009bc00000| Untracked 
| 445|0x000000009bd00000, 0x000000009bd00000, 0x000000009be00000|  0%| F|  |TAMS 0x000000009bd00000, 0x000000009bd00000| Untracked 
| 446|0x000000009be00000, 0x000000009be00000, 0x000000009bf00000|  0%| F|  |TAMS 0x000000009be00000, 0x000000009be00000| Untracked 
| 447|0x000000009bf00000, 0x000000009bf00000, 0x000000009c000000|  0%| F|  |TAMS 0x000000009bf00000, 0x000000009bf00000| Untracked 
| 448|0x000000009c000000, 0x000000009c000000, 0x000000009c100000|  0%| F|  |TAMS 0x000000009c000000, 0x000000009c000000| Untracked 
| 449|0x000000009c100000, 0x000000009c100000, 0x000000009c200000|  0%| F|  |TAMS 0x000000009c100000, 0x000000009c100000| Untracked 
| 450|0x000000009c200000, 0x000000009c200000, 0x000000009c300000|  0%| F|  |TAMS 0x000000009c200000, 0x000000009c200000| Untracked 
| 451|0x000000009c300000, 0x000000009c300000, 0x000000009c400000|  0%| F|  |TAMS 0x000000009c300000, 0x000000009c300000| Untracked 
| 452|0x000000009c400000, 0x000000009c400000, 0x000000009c500000|  0%| F|  |TAMS 0x000000009c400000, 0x000000009c400000| Untracked 
| 453|0x000000009c500000, 0x000000009c500000, 0x000000009c600000|  0%| F|  |TAMS 0x000000009c500000, 0x000000009c500000| Untracked 
| 454|0x000000009c600000, 0x000000009c600000, 0x000000009c700000|  0%| F|  |TAMS 0x000000009c600000, 0x000000009c600000| Untracked 
| 455|0x000000009c700000, 0x000000009c700000, 0x000000009c800000|  0%| F|  |TAMS 0x000000009c700000, 0x000000009c700000| Untracked 
| 456|0x000000009c800000, 0x000000009c800000, 0x000000009c900000|  0%| F|  |TAMS 0x000000009c800000, 0x000000009c800000| Untracked 
| 457|0x000000009c900000, 0x000000009c900000, 0x000000009ca00000|  0%| F|  |TAMS 0x000000009c900000, 0x000000009c900000| Untracked 
| 458|0x000000009ca00000, 0x000000009ca00000, 0x000000009cb00000|  0%| F|  |TAMS 0x000000009ca00000, 0x000000009ca00000| Untracked 
| 459|0x000000009cb00000, 0x000000009cb00000, 0x000000009cc00000|  0%| F|  |TAMS 0x000000009cb00000, 0x000000009cb00000| Untracked 
| 460|0x000000009cc00000, 0x000000009cc00000, 0x000000009cd00000|  0%| F|  |TAMS 0x000000009cc00000, 0x000000009cc00000| Untracked 
| 461|0x000000009cd00000, 0x000000009cd00000, 0x000000009ce00000|  0%| F|  |TAMS 0x000000009cd00000, 0x000000009cd00000| Untracked 
| 462|0x000000009ce00000, 0x000000009ce00000, 0x000000009cf00000|  0%| F|  |TAMS 0x000000009ce00000, 0x000000009ce00000| Untracked 
| 463|0x000000009cf00000, 0x000000009cf00000, 0x000000009d000000|  0%| F|  |TAMS 0x000000009cf00000, 0x000000009cf00000| Untracked 
| 464|0x000000009d000000, 0x000000009d000000, 0x000000009d100000|  0%| F|  |TAMS 0x000000009d000000, 0x000000009d000000| Untracked 
| 465|0x000000009d100000, 0x000000009d100000, 0x000000009d200000|  0%| F|  |TAMS 0x000000009d100000, 0x000000009d100000| Untracked 
| 466|0x000000009d200000, 0x000000009d200000, 0x000000009d300000|  0%| F|  |TAMS 0x000000009d200000, 0x000000009d200000| Untracked 
| 467|0x000000009d300000, 0x000000009d300000, 0x000000009d400000|  0%| F|  |TAMS 0x000000009d300000, 0x000000009d300000| Untracked 
| 468|0x000000009d400000, 0x000000009d400000, 0x000000009d500000|  0%| F|  |TAMS 0x000000009d400000, 0x000000009d400000| Untracked 
| 469|0x000000009d500000, 0x000000009d500000, 0x000000009d600000|  0%| F|  |TAMS 0x000000009d500000, 0x000000009d500000| Untracked 
| 470|0x000000009d600000, 0x000000009d600000, 0x000000009d700000|  0%| F|  |TAMS 0x000000009d600000, 0x000000009d600000| Untracked 
| 471|0x000000009d700000, 0x000000009d700000, 0x000000009d800000|  0%| F|  |TAMS 0x000000009d700000, 0x000000009d700000| Untracked 
| 472|0x000000009d800000, 0x000000009d800000, 0x000000009d900000|  0%| F|  |TAMS 0x000000009d800000, 0x000000009d800000| Untracked 
| 473|0x000000009d900000, 0x000000009d900000, 0x000000009da00000|  0%| F|  |TAMS 0x000000009d900000, 0x000000009d900000| Untracked 
| 474|0x000000009da00000, 0x000000009da00000, 0x000000009db00000|  0%| F|  |TAMS 0x000000009da00000, 0x000000009da00000| Untracked 
| 475|0x000000009db00000, 0x000000009db00000, 0x000000009dc00000|  0%| F|  |TAMS 0x000000009db00000, 0x000000009db00000| Untracked 
| 476|0x000000009dc00000, 0x000000009dc00000, 0x000000009dd00000|  0%| F|  |TAMS 0x000000009dc00000, 0x000000009dc00000| Untracked 
| 477|0x000000009dd00000, 0x000000009dd00000, 0x000000009de00000|  0%| F|  |TAMS 0x000000009dd00000, 0x000000009dd00000| Untracked 
| 478|0x000000009de00000, 0x000000009de00000, 0x000000009df00000|  0%| F|  |TAMS 0x000000009de00000, 0x000000009de00000| Untracked 
| 479|0x000000009df00000, 0x000000009df00000, 0x000000009e000000|  0%| F|  |TAMS 0x000000009df00000, 0x000000009df00000| Untracked 
| 480|0x000000009e000000, 0x000000009e000000, 0x000000009e100000|  0%| F|  |TAMS 0x000000009e000000, 0x000000009e000000| Untracked 
| 481|0x000000009e100000, 0x000000009e100000, 0x000000009e200000|  0%| F|  |TAMS 0x000000009e100000, 0x000000009e100000| Untracked 
| 482|0x000000009e200000, 0x000000009e200000, 0x000000009e300000|  0%| F|  |TAMS 0x000000009e200000, 0x000000009e200000| Untracked 
| 483|0x000000009e300000, 0x000000009e300000, 0x000000009e400000|  0%| F|  |TAMS 0x000000009e300000, 0x000000009e300000| Untracked 
| 484|0x000000009e400000, 0x000000009e400000, 0x000000009e500000|  0%| F|  |TAMS 0x000000009e400000, 0x000000009e400000| Untracked 
| 485|0x000000009e500000, 0x000000009e500000, 0x000000009e600000|  0%| F|  |TAMS 0x000000009e500000, 0x000000009e500000| Untracked 
| 486|0x000000009e600000, 0x000000009e600000, 0x000000009e700000|  0%| F|  |TAMS 0x000000009e600000, 0x000000009e600000| Untracked 
| 487|0x000000009e700000, 0x000000009e700000, 0x000000009e800000|  0%| F|  |TAMS 0x000000009e700000, 0x000000009e700000| Untracked 
| 488|0x000000009e800000, 0x000000009e800000, 0x000000009e900000|  0%| F|  |TAMS 0x000000009e800000, 0x000000009e800000| Untracked 
| 489|0x000000009e900000, 0x000000009e900000, 0x000000009ea00000|  0%| F|  |TAMS 0x000000009e900000, 0x000000009e900000| Untracked 
| 490|0x000000009ea00000, 0x000000009ea00000, 0x000000009eb00000|  0%| F|  |TAMS 0x000000009ea00000, 0x000000009ea00000| Untracked 
| 491|0x000000009eb00000, 0x000000009eb00000, 0x000000009ec00000|  0%| F|  |TAMS 0x000000009eb00000, 0x000000009eb00000| Untracked 
| 492|0x000000009ec00000, 0x000000009ec00000, 0x000000009ed00000|  0%| F|  |TAMS 0x000000009ec00000, 0x000000009ec00000| Untracked 
| 493|0x000000009ed00000, 0x000000009ed00000, 0x000000009ee00000|  0%| F|  |TAMS 0x000000009ed00000, 0x000000009ed00000| Untracked 
| 494|0x000000009ee00000, 0x000000009ee00000, 0x000000009ef00000|  0%| F|  |TAMS 0x000000009ee00000, 0x000000009ee00000| Untracked 
| 495|0x000000009ef00000, 0x000000009ef00000, 0x000000009f000000|  0%| F|  |TAMS 0x000000009ef00000, 0x000000009ef00000| Untracked 
| 496|0x000000009f000000, 0x000000009f000000, 0x000000009f100000|  0%| F|  |TAMS 0x000000009f000000, 0x000000009f000000| Untracked 
| 497|0x000000009f100000, 0x000000009f100000, 0x000000009f200000|  0%| F|  |TAMS 0x000000009f100000, 0x000000009f100000| Untracked 
| 498|0x000000009f200000, 0x000000009f200000, 0x000000009f300000|  0%| F|  |TAMS 0x000000009f200000, 0x000000009f200000| Untracked 
| 499|0x000000009f300000, 0x000000009f300000, 0x000000009f400000|  0%| F|  |TAMS 0x000000009f300000, 0x000000009f300000| Untracked 
| 500|0x000000009f400000, 0x000000009f400000, 0x000000009f500000|  0%| F|  |TAMS 0x000000009f400000, 0x000000009f400000| Untracked 
| 501|0x000000009f500000, 0x000000009f500000, 0x000000009f600000|  0%| F|  |TAMS 0x000000009f500000, 0x000000009f500000| Untracked 
| 502|0x000000009f600000, 0x000000009f600000, 0x000000009f700000|  0%| F|  |TAMS 0x000000009f600000, 0x000000009f600000| Untracked 
| 503|0x000000009f700000, 0x000000009f700000, 0x000000009f800000|  0%| F|  |TAMS 0x000000009f700000, 0x000000009f700000| Untracked 
| 504|0x000000009f800000, 0x000000009f800000, 0x000000009f900000|  0%| F|  |TAMS 0x000000009f800000, 0x000000009f800000| Untracked 
| 505|0x000000009f900000, 0x000000009f900000, 0x000000009fa00000|  0%| F|  |TAMS 0x000000009f900000, 0x000000009f900000| Untracked 
| 506|0x000000009fa00000, 0x000000009fa00000, 0x000000009fb00000|  0%| F|  |TAMS 0x000000009fa00000, 0x000000009fa00000| Untracked 
| 507|0x000000009fb00000, 0x000000009fb00000, 0x000000009fc00000|  0%| F|  |TAMS 0x000000009fb00000, 0x000000009fb00000| Untracked 
| 508|0x000000009fc00000, 0x000000009fc00000, 0x000000009fd00000|  0%| F|  |TAMS 0x000000009fc00000, 0x000000009fc00000| Untracked 
| 509|0x000000009fd00000, 0x000000009fd00000, 0x000000009fe00000|  0%| F|  |TAMS 0x000000009fd00000, 0x000000009fd00000| Untracked 
| 510|0x000000009fe00000, 0x000000009fe00000, 0x000000009ff00000|  0%| F|  |TAMS 0x000000009fe00000, 0x000000009fe00000| Untracked 
| 511|0x000000009ff00000, 0x000000009ff00000, 0x00000000a0000000|  0%| F|  |TAMS 0x000000009ff00000, 0x000000009ff00000| Untracked 
| 512|0x00000000a0000000, 0x00000000a0000000, 0x00000000a0100000|  0%| F|  |TAMS 0x00000000a0000000, 0x00000000a0000000| Untracked 
| 513|0x00000000a0100000, 0x00000000a0100000, 0x00000000a0200000|  0%| F|  |TAMS 0x00000000a0100000, 0x00000000a0100000| Untracked 
| 514|0x00000000a0200000, 0x00000000a0200000, 0x00000000a0300000|  0%| F|  |TAMS 0x00000000a0200000, 0x00000000a0200000| Untracked 
| 515|0x00000000a0300000, 0x00000000a0300000, 0x00000000a0400000|  0%| F|  |TAMS 0x00000000a0300000, 0x00000000a0300000| Untracked 
| 516|0x00000000a0400000, 0x00000000a0400000, 0x00000000a0500000|  0%| F|  |TAMS 0x00000000a0400000, 0x00000000a0400000| Untracked 
| 517|0x00000000a0500000, 0x00000000a0500000, 0x00000000a0600000|  0%| F|  |TAMS 0x00000000a0500000, 0x00000000a0500000| Untracked 
| 518|0x00000000a0600000, 0x00000000a0600000, 0x00000000a0700000|  0%| F|  |TAMS 0x00000000a0600000, 0x00000000a0600000| Untracked 
| 519|0x00000000a0700000, 0x00000000a0700000, 0x00000000a0800000|  0%| F|  |TAMS 0x00000000a0700000, 0x00000000a0700000| Untracked 
| 520|0x00000000a0800000, 0x00000000a0800000, 0x00000000a0900000|  0%| F|  |TAMS 0x00000000a0800000, 0x00000000a0800000| Untracked 
| 521|0x00000000a0900000, 0x00000000a0900000, 0x00000000a0a00000|  0%| F|  |TAMS 0x00000000a0900000, 0x00000000a0900000| Untracked 
| 522|0x00000000a0a00000, 0x00000000a0a00000, 0x00000000a0b00000|  0%| F|  |TAMS 0x00000000a0a00000, 0x00000000a0a00000| Untracked 
| 523|0x00000000a0b00000, 0x00000000a0b00000, 0x00000000a0c00000|  0%| F|  |TAMS 0x00000000a0b00000, 0x00000000a0b00000| Untracked 
| 524|0x00000000a0c00000, 0x00000000a0c00000, 0x00000000a0d00000|  0%| F|  |TAMS 0x00000000a0c00000, 0x00000000a0c00000| Untracked 
| 525|0x00000000a0d00000, 0x00000000a0d00000, 0x00000000a0e00000|  0%| F|  |TAMS 0x00000000a0d00000, 0x00000000a0d00000| Untracked 
| 526|0x00000000a0e00000, 0x00000000a0e00000, 0x00000000a0f00000|  0%| F|  |TAMS 0x00000000a0e00000, 0x00000000a0e00000| Untracked 
| 527|0x00000000a0f00000, 0x00000000a0f00000, 0x00000000a1000000|  0%| F|  |TAMS 0x00000000a0f00000, 0x00000000a0f00000| Untracked 
| 528|0x00000000a1000000, 0x00000000a1000000, 0x00000000a1100000|  0%| F|  |TAMS 0x00000000a1000000, 0x00000000a1000000| Untracked 
| 529|0x00000000a1100000, 0x00000000a1100000, 0x00000000a1200000|  0%| F|  |TAMS 0x00000000a1100000, 0x00000000a1100000| Untracked 
| 530|0x00000000a1200000, 0x00000000a1200000, 0x00000000a1300000|  0%| F|  |TAMS 0x00000000a1200000, 0x00000000a1200000| Untracked 
| 531|0x00000000a1300000, 0x00000000a1300000, 0x00000000a1400000|  0%| F|  |TAMS 0x00000000a1300000, 0x00000000a1300000| Untracked 
| 532|0x00000000a1400000, 0x00000000a1400000, 0x00000000a1500000|  0%| F|  |TAMS 0x00000000a1400000, 0x00000000a1400000| Untracked 
| 533|0x00000000a1500000, 0x00000000a1500000, 0x00000000a1600000|  0%| F|  |TAMS 0x00000000a1500000, 0x00000000a1500000| Untracked 
| 534|0x00000000a1600000, 0x00000000a1600000, 0x00000000a1700000|  0%| F|  |TAMS 0x00000000a1600000, 0x00000000a1600000| Untracked 
| 535|0x00000000a1700000, 0x00000000a1700000, 0x00000000a1800000|  0%| F|  |TAMS 0x00000000a1700000, 0x00000000a1700000| Untracked 
| 536|0x00000000a1800000, 0x00000000a1800000, 0x00000000a1900000|  0%| F|  |TAMS 0x00000000a1800000, 0x00000000a1800000| Untracked 
| 537|0x00000000a1900000, 0x00000000a1900000, 0x00000000a1a00000|  0%| F|  |TAMS 0x00000000a1900000, 0x00000000a1900000| Untracked 
| 538|0x00000000a1a00000, 0x00000000a1a00000, 0x00000000a1b00000|  0%| F|  |TAMS 0x00000000a1a00000, 0x00000000a1a00000| Untracked 
| 539|0x00000000a1b00000, 0x00000000a1b00000, 0x00000000a1c00000|  0%| F|  |TAMS 0x00000000a1b00000, 0x00000000a1b00000| Untracked 
| 540|0x00000000a1c00000, 0x00000000a1c00000, 0x00000000a1d00000|  0%| F|  |TAMS 0x00000000a1c00000, 0x00000000a1c00000| Untracked 
| 541|0x00000000a1d00000, 0x00000000a1d00000, 0x00000000a1e00000|  0%| F|  |TAMS 0x00000000a1d00000, 0x00000000a1d00000| Untracked 
| 542|0x00000000a1e00000, 0x00000000a1e00000, 0x00000000a1f00000|  0%| F|  |TAMS 0x00000000a1e00000, 0x00000000a1e00000| Untracked 
| 543|0x00000000a1f00000, 0x00000000a1f00000, 0x00000000a2000000|  0%| F|  |TAMS 0x00000000a1f00000, 0x00000000a1f00000| Untracked 
| 544|0x00000000a2000000, 0x00000000a2000000, 0x00000000a2100000|  0%| F|  |TAMS 0x00000000a2000000, 0x00000000a2000000| Untracked 
| 545|0x00000000a2100000, 0x00000000a2100000, 0x00000000a2200000|  0%| F|  |TAMS 0x00000000a2100000, 0x00000000a2100000| Untracked 
| 546|0x00000000a2200000, 0x00000000a2200000, 0x00000000a2300000|  0%| F|  |TAMS 0x00000000a2200000, 0x00000000a2200000| Untracked 
| 547|0x00000000a2300000, 0x00000000a2300000, 0x00000000a2400000|  0%| F|  |TAMS 0x00000000a2300000, 0x00000000a2300000| Untracked 
| 548|0x00000000a2400000, 0x00000000a2400000, 0x00000000a2500000|  0%| F|  |TAMS 0x00000000a2400000, 0x00000000a2400000| Untracked 
| 549|0x00000000a2500000, 0x00000000a2500000, 0x00000000a2600000|  0%| F|  |TAMS 0x00000000a2500000, 0x00000000a2500000| Untracked 
| 550|0x00000000a2600000, 0x00000000a2600000, 0x00000000a2700000|  0%| F|  |TAMS 0x00000000a2600000, 0x00000000a2600000| Untracked 
| 551|0x00000000a2700000, 0x00000000a2700000, 0x00000000a2800000|  0%| F|  |TAMS 0x00000000a2700000, 0x00000000a2700000| Untracked 
| 552|0x00000000a2800000, 0x00000000a2800000, 0x00000000a2900000|  0%| F|  |TAMS 0x00000000a2800000, 0x00000000a2800000| Untracked 
| 553|0x00000000a2900000, 0x00000000a2900000, 0x00000000a2a00000|  0%| F|  |TAMS 0x00000000a2900000, 0x00000000a2900000| Untracked 
| 554|0x00000000a2a00000, 0x00000000a2a00000, 0x00000000a2b00000|  0%| F|  |TAMS 0x00000000a2a00000, 0x00000000a2a00000| Untracked 
| 555|0x00000000a2b00000, 0x00000000a2b00000, 0x00000000a2c00000|  0%| F|  |TAMS 0x00000000a2b00000, 0x00000000a2b00000| Untracked 
| 556|0x00000000a2c00000, 0x00000000a2c00000, 0x00000000a2d00000|  0%| F|  |TAMS 0x00000000a2c00000, 0x00000000a2c00000| Untracked 
| 557|0x00000000a2d00000, 0x00000000a2d00000, 0x00000000a2e00000|  0%| F|  |TAMS 0x00000000a2d00000, 0x00000000a2d00000| Untracked 
| 558|0x00000000a2e00000, 0x00000000a2e00000, 0x00000000a2f00000|  0%| F|  |TAMS 0x00000000a2e00000, 0x00000000a2e00000| Untracked 
| 559|0x00000000a2f00000, 0x00000000a2f00000, 0x00000000a3000000|  0%| F|  |TAMS 0x00000000a2f00000, 0x00000000a2f00000| Untracked 
| 560|0x00000000a3000000, 0x00000000a3000000, 0x00000000a3100000|  0%| F|  |TAMS 0x00000000a3000000, 0x00000000a3000000| Untracked 
| 561|0x00000000a3100000, 0x00000000a3100000, 0x00000000a3200000|  0%| F|  |TAMS 0x00000000a3100000, 0x00000000a3100000| Untracked 
| 562|0x00000000a3200000, 0x00000000a3200000, 0x00000000a3300000|  0%| F|  |TAMS 0x00000000a3200000, 0x00000000a3200000| Untracked 
| 563|0x00000000a3300000, 0x00000000a3300000, 0x00000000a3400000|  0%| F|  |TAMS 0x00000000a3300000, 0x00000000a3300000| Untracked 
| 564|0x00000000a3400000, 0x00000000a3400000, 0x00000000a3500000|  0%| F|  |TAMS 0x00000000a3400000, 0x00000000a3400000| Untracked 
| 565|0x00000000a3500000, 0x00000000a3500000, 0x00000000a3600000|  0%| F|  |TAMS 0x00000000a3500000, 0x00000000a3500000| Untracked 
| 566|0x00000000a3600000, 0x00000000a3600000, 0x00000000a3700000|  0%| F|  |TAMS 0x00000000a3600000, 0x00000000a3600000| Untracked 
| 567|0x00000000a3700000, 0x00000000a3700000, 0x00000000a3800000|  0%| F|  |TAMS 0x00000000a3700000, 0x00000000a3700000| Untracked 
| 568|0x00000000a3800000, 0x00000000a3800000, 0x00000000a3900000|  0%| F|  |TAMS 0x00000000a3800000, 0x00000000a3800000| Untracked 
| 569|0x00000000a3900000, 0x00000000a3900000, 0x00000000a3a00000|  0%| F|  |TAMS 0x00000000a3900000, 0x00000000a3900000| Untracked 
| 570|0x00000000a3a00000, 0x00000000a3a00000, 0x00000000a3b00000|  0%| F|  |TAMS 0x00000000a3a00000, 0x00000000a3a00000| Untracked 
| 571|0x00000000a3b00000, 0x00000000a3b00000, 0x00000000a3c00000|  0%| F|  |TAMS 0x00000000a3b00000, 0x00000000a3b00000| Untracked 
| 572|0x00000000a3c00000, 0x00000000a3c00000, 0x00000000a3d00000|  0%| F|  |TAMS 0x00000000a3c00000, 0x00000000a3c00000| Untracked 
| 573|0x00000000a3d00000, 0x00000000a3d00000, 0x00000000a3e00000|  0%| F|  |TAMS 0x00000000a3d00000, 0x00000000a3d00000| Untracked 
| 574|0x00000000a3e00000, 0x00000000a3e00000, 0x00000000a3f00000|  0%| F|  |TAMS 0x00000000a3e00000, 0x00000000a3e00000| Untracked 
| 575|0x00000000a3f00000, 0x00000000a3f00000, 0x00000000a4000000|  0%| F|  |TAMS 0x00000000a3f00000, 0x00000000a3f00000| Untracked 
| 576|0x00000000a4000000, 0x00000000a4000000, 0x00000000a4100000|  0%| F|  |TAMS 0x00000000a4000000, 0x00000000a4000000| Untracked 
| 577|0x00000000a4100000, 0x00000000a4100000, 0x00000000a4200000|  0%| F|  |TAMS 0x00000000a4100000, 0x00000000a4100000| Untracked 
| 578|0x00000000a4200000, 0x00000000a4200000, 0x00000000a4300000|  0%| F|  |TAMS 0x00000000a4200000, 0x00000000a4200000| Untracked 
| 579|0x00000000a4300000, 0x00000000a4300000, 0x00000000a4400000|  0%| F|  |TAMS 0x00000000a4300000, 0x00000000a4300000| Untracked 
| 580|0x00000000a4400000, 0x00000000a4400000, 0x00000000a4500000|  0%| F|  |TAMS 0x00000000a4400000, 0x00000000a4400000| Untracked 
| 581|0x00000000a4500000, 0x00000000a4500000, 0x00000000a4600000|  0%| F|  |TAMS 0x00000000a4500000, 0x00000000a4500000| Untracked 
| 582|0x00000000a4600000, 0x00000000a4600000, 0x00000000a4700000|  0%| F|  |TAMS 0x00000000a4600000, 0x00000000a4600000| Untracked 
| 583|0x00000000a4700000, 0x00000000a4700000, 0x00000000a4800000|  0%| F|  |TAMS 0x00000000a4700000, 0x00000000a4700000| Untracked 
| 584|0x00000000a4800000, 0x00000000a4800000, 0x00000000a4900000|  0%| F|  |TAMS 0x00000000a4800000, 0x00000000a4800000| Untracked 
| 585|0x00000000a4900000, 0x00000000a4900000, 0x00000000a4a00000|  0%| F|  |TAMS 0x00000000a4900000, 0x00000000a4900000| Untracked 
| 586|0x00000000a4a00000, 0x00000000a4a00000, 0x00000000a4b00000|  0%| F|  |TAMS 0x00000000a4a00000, 0x00000000a4a00000| Untracked 
| 587|0x00000000a4b00000, 0x00000000a4b00000, 0x00000000a4c00000|  0%| F|  |TAMS 0x00000000a4b00000, 0x00000000a4b00000| Untracked 
| 588|0x00000000a4c00000, 0x00000000a4c00000, 0x00000000a4d00000|  0%| F|  |TAMS 0x00000000a4c00000, 0x00000000a4c00000| Untracked 
| 589|0x00000000a4d00000, 0x00000000a4d00000, 0x00000000a4e00000|  0%| F|  |TAMS 0x00000000a4d00000, 0x00000000a4d00000| Untracked 
| 590|0x00000000a4e00000, 0x00000000a4e00000, 0x00000000a4f00000|  0%| F|  |TAMS 0x00000000a4e00000, 0x00000000a4e00000| Untracked 
| 591|0x00000000a4f00000, 0x00000000a4f00000, 0x00000000a5000000|  0%| F|  |TAMS 0x00000000a4f00000, 0x00000000a4f00000| Untracked 
| 592|0x00000000a5000000, 0x00000000a5000000, 0x00000000a5100000|  0%| F|  |TAMS 0x00000000a5000000, 0x00000000a5000000| Untracked 
| 593|0x00000000a5100000, 0x00000000a5100000, 0x00000000a5200000|  0%| F|  |TAMS 0x00000000a5100000, 0x00000000a5100000| Untracked 
| 594|0x00000000a5200000, 0x00000000a5200000, 0x00000000a5300000|  0%| F|  |TAMS 0x00000000a5200000, 0x00000000a5200000| Untracked 
| 595|0x00000000a5300000, 0x00000000a5300000, 0x00000000a5400000|  0%| F|  |TAMS 0x00000000a5300000, 0x00000000a5300000| Untracked 
| 596|0x00000000a5400000, 0x00000000a5400000, 0x00000000a5500000|  0%| F|  |TAMS 0x00000000a5400000, 0x00000000a5400000| Untracked 
| 597|0x00000000a5500000, 0x00000000a5500000, 0x00000000a5600000|  0%| F|  |TAMS 0x00000000a5500000, 0x00000000a5500000| Untracked 
| 598|0x00000000a5600000, 0x00000000a5600000, 0x00000000a5700000|  0%| F|  |TAMS 0x00000000a5600000, 0x00000000a5600000| Untracked 
| 599|0x00000000a5700000, 0x00000000a5700000, 0x00000000a5800000|  0%| F|  |TAMS 0x00000000a5700000, 0x00000000a5700000| Untracked 
| 600|0x00000000a5800000, 0x00000000a5800000, 0x00000000a5900000|  0%| F|  |TAMS 0x00000000a5800000, 0x00000000a5800000| Untracked 
| 601|0x00000000a5900000, 0x00000000a5900000, 0x00000000a5a00000|  0%| F|  |TAMS 0x00000000a5900000, 0x00000000a5900000| Untracked 
| 602|0x00000000a5a00000, 0x00000000a5a00000, 0x00000000a5b00000|  0%| F|  |TAMS 0x00000000a5a00000, 0x00000000a5a00000| Untracked 
| 603|0x00000000a5b00000, 0x00000000a5b00000, 0x00000000a5c00000|  0%| F|  |TAMS 0x00000000a5b00000, 0x00000000a5b00000| Untracked 
| 604|0x00000000a5c00000, 0x00000000a5c00000, 0x00000000a5d00000|  0%| F|  |TAMS 0x00000000a5c00000, 0x00000000a5c00000| Untracked 
| 605|0x00000000a5d00000, 0x00000000a5d00000, 0x00000000a5e00000|  0%| F|  |TAMS 0x00000000a5d00000, 0x00000000a5d00000| Untracked 
| 606|0x00000000a5e00000, 0x00000000a5e00000, 0x00000000a5f00000|  0%| F|  |TAMS 0x00000000a5e00000, 0x00000000a5e00000| Untracked 
| 607|0x00000000a5f00000, 0x00000000a5f00000, 0x00000000a6000000|  0%| F|  |TAMS 0x00000000a5f00000, 0x00000000a5f00000| Untracked 
| 608|0x00000000a6000000, 0x00000000a6000000, 0x00000000a6100000|  0%| F|  |TAMS 0x00000000a6000000, 0x00000000a6000000| Untracked 
| 609|0x00000000a6100000, 0x00000000a6100000, 0x00000000a6200000|  0%| F|  |TAMS 0x00000000a6100000, 0x00000000a6100000| Untracked 
| 610|0x00000000a6200000, 0x00000000a6200000, 0x00000000a6300000|  0%| F|  |TAMS 0x00000000a6200000, 0x00000000a6200000| Untracked 
| 611|0x00000000a6300000, 0x00000000a6300000, 0x00000000a6400000|  0%| F|  |TAMS 0x00000000a6300000, 0x00000000a6300000| Untracked 
| 612|0x00000000a6400000, 0x00000000a6400000, 0x00000000a6500000|  0%| F|  |TAMS 0x00000000a6400000, 0x00000000a6400000| Untracked 
| 613|0x00000000a6500000, 0x00000000a6500000, 0x00000000a6600000|  0%| F|  |TAMS 0x00000000a6500000, 0x00000000a6500000| Untracked 
| 614|0x00000000a6600000, 0x00000000a6600000, 0x00000000a6700000|  0%| F|  |TAMS 0x00000000a6600000, 0x00000000a6600000| Untracked 
| 615|0x00000000a6700000, 0x00000000a6700000, 0x00000000a6800000|  0%| F|  |TAMS 0x00000000a6700000, 0x00000000a6700000| Untracked 
| 616|0x00000000a6800000, 0x00000000a6800000, 0x00000000a6900000|  0%| F|  |TAMS 0x00000000a6800000, 0x00000000a6800000| Untracked 
| 617|0x00000000a6900000, 0x00000000a6900000, 0x00000000a6a00000|  0%| F|  |TAMS 0x00000000a6900000, 0x00000000a6900000| Untracked 
| 618|0x00000000a6a00000, 0x00000000a6a00000, 0x00000000a6b00000|  0%| F|  |TAMS 0x00000000a6a00000, 0x00000000a6a00000| Untracked 
| 619|0x00000000a6b00000, 0x00000000a6b00000, 0x00000000a6c00000|  0%| F|  |TAMS 0x00000000a6b00000, 0x00000000a6b00000| Untracked 
| 620|0x00000000a6c00000, 0x00000000a6c00000, 0x00000000a6d00000|  0%| F|  |TAMS 0x00000000a6c00000, 0x00000000a6c00000| Untracked 
| 621|0x00000000a6d00000, 0x00000000a6d00000, 0x00000000a6e00000|  0%| F|  |TAMS 0x00000000a6d00000, 0x00000000a6d00000| Untracked 
| 622|0x00000000a6e00000, 0x00000000a6e00000, 0x00000000a6f00000|  0%| F|  |TAMS 0x00000000a6e00000, 0x00000000a6e00000| Untracked 
| 623|0x00000000a6f00000, 0x00000000a6f00000, 0x00000000a7000000|  0%| F|  |TAMS 0x00000000a6f00000, 0x00000000a6f00000| Untracked 
| 624|0x00000000a7000000, 0x00000000a7000000, 0x00000000a7100000|  0%| F|  |TAMS 0x00000000a7000000, 0x00000000a7000000| Untracked 
| 625|0x00000000a7100000, 0x00000000a7100000, 0x00000000a7200000|  0%| F|  |TAMS 0x00000000a7100000, 0x00000000a7100000| Untracked 
| 626|0x00000000a7200000, 0x00000000a7200000, 0x00000000a7300000|  0%| F|  |TAMS 0x00000000a7200000, 0x00000000a7200000| Untracked 
| 627|0x00000000a7300000, 0x00000000a7300000, 0x00000000a7400000|  0%| F|  |TAMS 0x00000000a7300000, 0x00000000a7300000| Untracked 
| 628|0x00000000a7400000, 0x00000000a7400000, 0x00000000a7500000|  0%| F|  |TAMS 0x00000000a7400000, 0x00000000a7400000| Untracked 
| 629|0x00000000a7500000, 0x00000000a7500000, 0x00000000a7600000|  0%| F|  |TAMS 0x00000000a7500000, 0x00000000a7500000| Untracked 
| 630|0x00000000a7600000, 0x00000000a7600000, 0x00000000a7700000|  0%| F|  |TAMS 0x00000000a7600000, 0x00000000a7600000| Untracked 
| 631|0x00000000a7700000, 0x00000000a7700000, 0x00000000a7800000|  0%| F|  |TAMS 0x00000000a7700000, 0x00000000a7700000| Untracked 
| 632|0x00000000a7800000, 0x00000000a7800000, 0x00000000a7900000|  0%| F|  |TAMS 0x00000000a7800000, 0x00000000a7800000| Untracked 
| 633|0x00000000a7900000, 0x00000000a7900000, 0x00000000a7a00000|  0%| F|  |TAMS 0x00000000a7900000, 0x00000000a7900000| Untracked 
| 634|0x00000000a7a00000, 0x00000000a7a00000, 0x00000000a7b00000|  0%| F|  |TAMS 0x00000000a7a00000, 0x00000000a7a00000| Untracked 
| 635|0x00000000a7b00000, 0x00000000a7b00000, 0x00000000a7c00000|  0%| F|  |TAMS 0x00000000a7b00000, 0x00000000a7b00000| Untracked 
| 636|0x00000000a7c00000, 0x00000000a7c00000, 0x00000000a7d00000|  0%| F|  |TAMS 0x00000000a7c00000, 0x00000000a7c00000| Untracked 
| 637|0x00000000a7d00000, 0x00000000a7d00000, 0x00000000a7e00000|  0%| F|  |TAMS 0x00000000a7d00000, 0x00000000a7d00000| Untracked 
| 638|0x00000000a7e00000, 0x00000000a7e00000, 0x00000000a7f00000|  0%| F|  |TAMS 0x00000000a7e00000, 0x00000000a7e00000| Untracked 
| 639|0x00000000a7f00000, 0x00000000a7f00000, 0x00000000a8000000|  0%| F|  |TAMS 0x00000000a7f00000, 0x00000000a7f00000| Untracked 
| 640|0x00000000a8000000, 0x00000000a8000000, 0x00000000a8100000|  0%| F|  |TAMS 0x00000000a8000000, 0x00000000a8000000| Untracked 
| 641|0x00000000a8100000, 0x00000000a8100000, 0x00000000a8200000|  0%| F|  |TAMS 0x00000000a8100000, 0x00000000a8100000| Untracked 
| 642|0x00000000a8200000, 0x00000000a8200000, 0x00000000a8300000|  0%| F|  |TAMS 0x00000000a8200000, 0x00000000a8200000| Untracked 
| 643|0x00000000a8300000, 0x00000000a8300000, 0x00000000a8400000|  0%| F|  |TAMS 0x00000000a8300000, 0x00000000a8300000| Untracked 
| 644|0x00000000a8400000, 0x00000000a8400000, 0x00000000a8500000|  0%| F|  |TAMS 0x00000000a8400000, 0x00000000a8400000| Untracked 
| 645|0x00000000a8500000, 0x00000000a8500000, 0x00000000a8600000|  0%| F|  |TAMS 0x00000000a8500000, 0x00000000a8500000| Untracked 
| 646|0x00000000a8600000, 0x00000000a8600000, 0x00000000a8700000|  0%| F|  |TAMS 0x00000000a8600000, 0x00000000a8600000| Untracked 
| 647|0x00000000a8700000, 0x00000000a8700000, 0x00000000a8800000|  0%| F|  |TAMS 0x00000000a8700000, 0x00000000a8700000| Untracked 
| 648|0x00000000a8800000, 0x00000000a8800000, 0x00000000a8900000|  0%| F|  |TAMS 0x00000000a8800000, 0x00000000a8800000| Untracked 
| 649|0x00000000a8900000, 0x00000000a8900000, 0x00000000a8a00000|  0%| F|  |TAMS 0x00000000a8900000, 0x00000000a8900000| Untracked 
| 650|0x00000000a8a00000, 0x00000000a8a00000, 0x00000000a8b00000|  0%| F|  |TAMS 0x00000000a8a00000, 0x00000000a8a00000| Untracked 
| 651|0x00000000a8b00000, 0x00000000a8b00000, 0x00000000a8c00000|  0%| F|  |TAMS 0x00000000a8b00000, 0x00000000a8b00000| Untracked 
| 652|0x00000000a8c00000, 0x00000000a8c00000, 0x00000000a8d00000|  0%| F|  |TAMS 0x00000000a8c00000, 0x00000000a8c00000| Untracked 
| 653|0x00000000a8d00000, 0x00000000a8d00000, 0x00000000a8e00000|  0%| F|  |TAMS 0x00000000a8d00000, 0x00000000a8d00000| Untracked 
| 654|0x00000000a8e00000, 0x00000000a8e00000, 0x00000000a8f00000|  0%| F|  |TAMS 0x00000000a8e00000, 0x00000000a8e00000| Untracked 
| 655|0x00000000a8f00000, 0x00000000a8f00000, 0x00000000a9000000|  0%| F|  |TAMS 0x00000000a8f00000, 0x00000000a8f00000| Untracked 
| 656|0x00000000a9000000, 0x00000000a9000000, 0x00000000a9100000|  0%| F|  |TAMS 0x00000000a9000000, 0x00000000a9000000| Untracked 
| 657|0x00000000a9100000, 0x00000000a9100000, 0x00000000a9200000|  0%| F|  |TAMS 0x00000000a9100000, 0x00000000a9100000| Untracked 
| 658|0x00000000a9200000, 0x00000000a9200000, 0x00000000a9300000|  0%| F|  |TAMS 0x00000000a9200000, 0x00000000a9200000| Untracked 
| 659|0x00000000a9300000, 0x00000000a9300000, 0x00000000a9400000|  0%| F|  |TAMS 0x00000000a9300000, 0x00000000a9300000| Untracked 
| 660|0x00000000a9400000, 0x00000000a9400000, 0x00000000a9500000|  0%| F|  |TAMS 0x00000000a9400000, 0x00000000a9400000| Untracked 
| 661|0x00000000a9500000, 0x00000000a9500000, 0x00000000a9600000|  0%| F|  |TAMS 0x00000000a9500000, 0x00000000a9500000| Untracked 
| 662|0x00000000a9600000, 0x00000000a9600000, 0x00000000a9700000|  0%| F|  |TAMS 0x00000000a9600000, 0x00000000a9600000| Untracked 
| 663|0x00000000a9700000, 0x00000000a9700000, 0x00000000a9800000|  0%| F|  |TAMS 0x00000000a9700000, 0x00000000a9700000| Untracked 
| 664|0x00000000a9800000, 0x00000000a9800000, 0x00000000a9900000|  0%| F|  |TAMS 0x00000000a9800000, 0x00000000a9800000| Untracked 
| 665|0x00000000a9900000, 0x00000000a9900000, 0x00000000a9a00000|  0%| F|  |TAMS 0x00000000a9900000, 0x00000000a9900000| Untracked 
| 666|0x00000000a9a00000, 0x00000000a9a00000, 0x00000000a9b00000|  0%| F|  |TAMS 0x00000000a9a00000, 0x00000000a9a00000| Untracked 
| 667|0x00000000a9b00000, 0x00000000a9b00000, 0x00000000a9c00000|  0%| F|  |TAMS 0x00000000a9b00000, 0x00000000a9b00000| Untracked 
| 668|0x00000000a9c00000, 0x00000000a9c00000, 0x00000000a9d00000|  0%| F|  |TAMS 0x00000000a9c00000, 0x00000000a9c00000| Untracked 
| 669|0x00000000a9d00000, 0x00000000a9d00000, 0x00000000a9e00000|  0%| F|  |TAMS 0x00000000a9d00000, 0x00000000a9d00000| Untracked 
| 670|0x00000000a9e00000, 0x00000000a9e00000, 0x00000000a9f00000|  0%| F|  |TAMS 0x00000000a9e00000, 0x00000000a9e00000| Untracked 
| 671|0x00000000a9f00000, 0x00000000a9f00000, 0x00000000aa000000|  0%| F|  |TAMS 0x00000000a9f00000, 0x00000000a9f00000| Untracked 
| 672|0x00000000aa000000, 0x00000000aa000000, 0x00000000aa100000|  0%| F|  |TAMS 0x00000000aa000000, 0x00000000aa000000| Untracked 
| 673|0x00000000aa100000, 0x00000000aa100000, 0x00000000aa200000|  0%| F|  |TAMS 0x00000000aa100000, 0x00000000aa100000| Untracked 
| 674|0x00000000aa200000, 0x00000000aa200000, 0x00000000aa300000|  0%| F|  |TAMS 0x00000000aa200000, 0x00000000aa200000| Untracked 
| 675|0x00000000aa300000, 0x00000000aa300000, 0x00000000aa400000|  0%| F|  |TAMS 0x00000000aa300000, 0x00000000aa300000| Untracked 
| 676|0x00000000aa400000, 0x00000000aa400000, 0x00000000aa500000|  0%| F|  |TAMS 0x00000000aa400000, 0x00000000aa400000| Untracked 
| 677|0x00000000aa500000, 0x00000000aa500000, 0x00000000aa600000|  0%| F|  |TAMS 0x00000000aa500000, 0x00000000aa500000| Untracked 
| 678|0x00000000aa600000, 0x00000000aa600000, 0x00000000aa700000|  0%| F|  |TAMS 0x00000000aa600000, 0x00000000aa600000| Untracked 
| 679|0x00000000aa700000, 0x00000000aa700000, 0x00000000aa800000|  0%| F|  |TAMS 0x00000000aa700000, 0x00000000aa700000| Untracked 
| 680|0x00000000aa800000, 0x00000000aa800000, 0x00000000aa900000|  0%| F|  |TAMS 0x00000000aa800000, 0x00000000aa800000| Untracked 
| 681|0x00000000aa900000, 0x00000000aa900000, 0x00000000aaa00000|  0%| F|  |TAMS 0x00000000aa900000, 0x00000000aa900000| Untracked 
| 682|0x00000000aaa00000, 0x00000000aaa00000, 0x00000000aab00000|  0%| F|  |TAMS 0x00000000aaa00000, 0x00000000aaa00000| Untracked 
| 683|0x00000000aab00000, 0x00000000aab00000, 0x00000000aac00000|  0%| F|  |TAMS 0x00000000aab00000, 0x00000000aab00000| Untracked 
| 684|0x00000000aac00000, 0x00000000aac00000, 0x00000000aad00000|  0%| F|  |TAMS 0x00000000aac00000, 0x00000000aac00000| Untracked 
| 685|0x00000000aad00000, 0x00000000aad00000, 0x00000000aae00000|  0%| F|  |TAMS 0x00000000aad00000, 0x00000000aad00000| Untracked 
| 686|0x00000000aae00000, 0x00000000aae00000, 0x00000000aaf00000|  0%| F|  |TAMS 0x00000000aae00000, 0x00000000aae00000| Untracked 
| 687|0x00000000aaf00000, 0x00000000aaf00000, 0x00000000ab000000|  0%| F|  |TAMS 0x00000000aaf00000, 0x00000000aaf00000| Untracked 
| 688|0x00000000ab000000, 0x00000000ab000000, 0x00000000ab100000|  0%| F|  |TAMS 0x00000000ab000000, 0x00000000ab000000| Untracked 
| 689|0x00000000ab100000, 0x00000000ab100000, 0x00000000ab200000|  0%| F|  |TAMS 0x00000000ab100000, 0x00000000ab100000| Untracked 
| 690|0x00000000ab200000, 0x00000000ab200000, 0x00000000ab300000|  0%| F|  |TAMS 0x00000000ab200000, 0x00000000ab200000| Untracked 
| 691|0x00000000ab300000, 0x00000000ab400000, 0x00000000ab400000|100%| S|CS|TAMS 0x00000000ab300000, 0x00000000ab300000| Complete 
| 692|0x00000000ab400000, 0x00000000ab500000, 0x00000000ab500000|100%| S|CS|TAMS 0x00000000ab400000, 0x00000000ab400000| Complete 
| 693|0x00000000ab500000, 0x00000000ab600000, 0x00000000ab600000|100%| S|CS|TAMS 0x00000000ab500000, 0x00000000ab500000| Complete 
| 694|0x00000000ab600000, 0x00000000ab700000, 0x00000000ab700000|100%| S|CS|TAMS 0x00000000ab600000, 0x00000000ab600000| Complete 
| 695|0x00000000ab700000, 0x00000000ab800000, 0x00000000ab800000|100%| S|CS|TAMS 0x00000000ab700000, 0x00000000ab700000| Complete 
| 696|0x00000000ab800000, 0x00000000ab900000, 0x00000000ab900000|100%| S|CS|TAMS 0x00000000ab800000, 0x00000000ab800000| Complete 
| 697|0x00000000ab900000, 0x00000000aba00000, 0x00000000aba00000|100%| S|CS|TAMS 0x00000000ab900000, 0x00000000ab900000| Complete 
| 698|0x00000000aba00000, 0x00000000abb00000, 0x00000000abb00000|100%| S|CS|TAMS 0x00000000aba00000, 0x00000000aba00000| Complete 
| 699|0x00000000abb00000, 0x00000000abc00000, 0x00000000abc00000|100%| S|CS|TAMS 0x00000000abb00000, 0x00000000abb00000| Complete 
| 700|0x00000000abc00000, 0x00000000abd00000, 0x00000000abd00000|100%| S|CS|TAMS 0x00000000abc00000, 0x00000000abc00000| Complete 
| 701|0x00000000abd00000, 0x00000000abe00000, 0x00000000abe00000|100%| S|CS|TAMS 0x00000000abd00000, 0x00000000abd00000| Complete 
| 702|0x00000000abe00000, 0x00000000abf00000, 0x00000000abf00000|100%| S|CS|TAMS 0x00000000abe00000, 0x00000000abe00000| Complete 
| 703|0x00000000abf00000, 0x00000000ac000000, 0x00000000ac000000|100%| S|CS|TAMS 0x00000000abf00000, 0x00000000abf00000| Complete 
| 704|0x00000000ac000000, 0x00000000ac100000, 0x00000000ac100000|100%| S|CS|TAMS 0x00000000ac000000, 0x00000000ac000000| Complete 
| 705|0x00000000ac100000, 0x00000000ac200000, 0x00000000ac200000|100%| S|CS|TAMS 0x00000000ac100000, 0x00000000ac100000| Complete 
| 706|0x00000000ac200000, 0x00000000ac300000, 0x00000000ac300000|100%| S|CS|TAMS 0x00000000ac200000, 0x00000000ac200000| Complete 
| 707|0x00000000ac300000, 0x00000000ac400000, 0x00000000ac400000|100%| S|CS|TAMS 0x00000000ac300000, 0x00000000ac300000| Complete 
| 708|0x00000000ac400000, 0x00000000ac500000, 0x00000000ac500000|100%| S|CS|TAMS 0x00000000ac400000, 0x00000000ac400000| Complete 
| 709|0x00000000ac500000, 0x00000000ac600000, 0x00000000ac600000|100%| S|CS|TAMS 0x00000000ac500000, 0x00000000ac500000| Complete 
| 710|0x00000000ac600000, 0x00000000ac700000, 0x00000000ac700000|100%| S|CS|TAMS 0x00000000ac600000, 0x00000000ac600000| Complete 
| 711|0x00000000ac700000, 0x00000000ac800000, 0x00000000ac800000|100%| S|CS|TAMS 0x00000000ac700000, 0x00000000ac700000| Complete 
| 712|0x00000000ac800000, 0x00000000ac900000, 0x00000000ac900000|100%| S|CS|TAMS 0x00000000ac800000, 0x00000000ac800000| Complete 
| 713|0x00000000ac900000, 0x00000000aca00000, 0x00000000aca00000|100%| S|CS|TAMS 0x00000000ac900000, 0x00000000ac900000| Complete 
| 714|0x00000000aca00000, 0x00000000acb00000, 0x00000000acb00000|100%| S|CS|TAMS 0x00000000aca00000, 0x00000000aca00000| Complete 
| 715|0x00000000acb00000, 0x00000000acc00000, 0x00000000acc00000|100%| S|CS|TAMS 0x00000000acb00000, 0x00000000acb00000| Complete 
| 716|0x00000000acc00000, 0x00000000acd00000, 0x00000000acd00000|100%| S|CS|TAMS 0x00000000acc00000, 0x00000000acc00000| Complete 
| 717|0x00000000acd00000, 0x00000000ace00000, 0x00000000ace00000|100%| S|CS|TAMS 0x00000000acd00000, 0x00000000acd00000| Complete 
| 718|0x00000000ace00000, 0x00000000acf00000, 0x00000000acf00000|100%| S|CS|TAMS 0x00000000ace00000, 0x00000000ace00000| Complete 
| 719|0x00000000acf00000, 0x00000000ad000000, 0x00000000ad000000|100%| S|CS|TAMS 0x00000000acf00000, 0x00000000acf00000| Complete 
| 720|0x00000000ad000000, 0x00000000ad100000, 0x00000000ad100000|100%| S|CS|TAMS 0x00000000ad000000, 0x00000000ad000000| Complete 
| 721|0x00000000ad100000, 0x00000000ad100000, 0x00000000ad200000|  0%| F|  |TAMS 0x00000000ad100000, 0x00000000ad100000| Untracked 
| 722|0x00000000ad200000, 0x00000000ad200000, 0x00000000ad300000|  0%| F|  |TAMS 0x00000000ad200000, 0x00000000ad200000| Untracked 
| 723|0x00000000ad300000, 0x00000000ad300000, 0x00000000ad400000|  0%| F|  |TAMS 0x00000000ad300000, 0x00000000ad300000| Untracked 
| 724|0x00000000ad400000, 0x00000000ad400000, 0x00000000ad500000|  0%| F|  |TAMS 0x00000000ad400000, 0x00000000ad400000| Untracked 
| 725|0x00000000ad500000, 0x00000000ad500000, 0x00000000ad600000|  0%| F|  |TAMS 0x00000000ad500000, 0x00000000ad500000| Untracked 
| 726|0x00000000ad600000, 0x00000000ad600000, 0x00000000ad700000|  0%| F|  |TAMS 0x00000000ad600000, 0x00000000ad600000| Untracked 
| 727|0x00000000ad700000, 0x00000000ad700000, 0x00000000ad800000|  0%| F|  |TAMS 0x00000000ad700000, 0x00000000ad700000| Untracked 
| 728|0x00000000ad800000, 0x00000000ad800000, 0x00000000ad900000|  0%| F|  |TAMS 0x00000000ad800000, 0x00000000ad800000| Untracked 
| 729|0x00000000ad900000, 0x00000000ad900000, 0x00000000ada00000|  0%| F|  |TAMS 0x00000000ad900000, 0x00000000ad900000| Untracked 
| 730|0x00000000ada00000, 0x00000000ada00000, 0x00000000adb00000|  0%| F|  |TAMS 0x00000000ada00000, 0x00000000ada00000| Untracked 
| 731|0x00000000adb00000, 0x00000000adb00000, 0x00000000adc00000|  0%| F|  |TAMS 0x00000000adb00000, 0x00000000adb00000| Untracked 
| 732|0x00000000adc00000, 0x00000000adc00000, 0x00000000add00000|  0%| F|  |TAMS 0x00000000adc00000, 0x00000000adc00000| Untracked 
| 733|0x00000000add00000, 0x00000000add00000, 0x00000000ade00000|  0%| F|  |TAMS 0x00000000add00000, 0x00000000add00000| Untracked 
| 734|0x00000000ade00000, 0x00000000ade00000, 0x00000000adf00000|  0%| F|  |TAMS 0x00000000ade00000, 0x00000000ade00000| Untracked 
| 735|0x00000000adf00000, 0x00000000adf00000, 0x00000000ae000000|  0%| F|  |TAMS 0x00000000adf00000, 0x00000000adf00000| Untracked 
| 736|0x00000000ae000000, 0x00000000ae000000, 0x00000000ae100000|  0%| F|  |TAMS 0x00000000ae000000, 0x00000000ae000000| Untracked 
| 737|0x00000000ae100000, 0x00000000ae100000, 0x00000000ae200000|  0%| F|  |TAMS 0x00000000ae100000, 0x00000000ae100000| Untracked 
| 738|0x00000000ae200000, 0x00000000ae200000, 0x00000000ae300000|  0%| F|  |TAMS 0x00000000ae200000, 0x00000000ae200000| Untracked 
| 739|0x00000000ae300000, 0x00000000ae300000, 0x00000000ae400000|  0%| F|  |TAMS 0x00000000ae300000, 0x00000000ae300000| Untracked 
| 740|0x00000000ae400000, 0x00000000ae400000, 0x00000000ae500000|  0%| F|  |TAMS 0x00000000ae400000, 0x00000000ae400000| Untracked 
| 741|0x00000000ae500000, 0x00000000ae500000, 0x00000000ae600000|  0%| F|  |TAMS 0x00000000ae500000, 0x00000000ae500000| Untracked 
| 742|0x00000000ae600000, 0x00000000ae600000, 0x00000000ae700000|  0%| F|  |TAMS 0x00000000ae600000, 0x00000000ae600000| Untracked 
| 743|0x00000000ae700000, 0x00000000ae700000, 0x00000000ae800000|  0%| F|  |TAMS 0x00000000ae700000, 0x00000000ae700000| Untracked 
| 744|0x00000000ae800000, 0x00000000ae800000, 0x00000000ae900000|  0%| F|  |TAMS 0x00000000ae800000, 0x00000000ae800000| Untracked 
| 745|0x00000000ae900000, 0x00000000ae900000, 0x00000000aea00000|  0%| F|  |TAMS 0x00000000ae900000, 0x00000000ae900000| Untracked 
| 746|0x00000000aea00000, 0x00000000aea00000, 0x00000000aeb00000|  0%| F|  |TAMS 0x00000000aea00000, 0x00000000aea00000| Untracked 
| 747|0x00000000aeb00000, 0x00000000aeb00000, 0x00000000aec00000|  0%| F|  |TAMS 0x00000000aeb00000, 0x00000000aeb00000| Untracked 
| 748|0x00000000aec00000, 0x00000000aec00000, 0x00000000aed00000|  0%| F|  |TAMS 0x00000000aec00000, 0x00000000aec00000| Untracked 
| 749|0x00000000aed00000, 0x00000000aed00000, 0x00000000aee00000|  0%| F|  |TAMS 0x00000000aed00000, 0x00000000aed00000| Untracked 
| 750|0x00000000aee00000, 0x00000000aee00000, 0x00000000aef00000|  0%| F|  |TAMS 0x00000000aee00000, 0x00000000aee00000| Untracked 
| 751|0x00000000aef00000, 0x00000000aef00000, 0x00000000af000000|  0%| F|  |TAMS 0x00000000aef00000, 0x00000000aef00000| Untracked 
| 752|0x00000000af000000, 0x00000000af000000, 0x00000000af100000|  0%| F|  |TAMS 0x00000000af000000, 0x00000000af000000| Untracked 
| 753|0x00000000af100000, 0x00000000af100000, 0x00000000af200000|  0%| F|  |TAMS 0x00000000af100000, 0x00000000af100000| Untracked 
| 754|0x00000000af200000, 0x00000000af200000, 0x00000000af300000|  0%| F|  |TAMS 0x00000000af200000, 0x00000000af200000| Untracked 
| 755|0x00000000af300000, 0x00000000af300000, 0x00000000af400000|  0%| F|  |TAMS 0x00000000af300000, 0x00000000af300000| Untracked 
| 756|0x00000000af400000, 0x00000000af400000, 0x00000000af500000|  0%| F|  |TAMS 0x00000000af400000, 0x00000000af400000| Untracked 
| 757|0x00000000af500000, 0x00000000af500000, 0x00000000af600000|  0%| F|  |TAMS 0x00000000af500000, 0x00000000af500000| Untracked 
| 758|0x00000000af600000, 0x00000000af600000, 0x00000000af700000|  0%| F|  |TAMS 0x00000000af600000, 0x00000000af600000| Untracked 
| 759|0x00000000af700000, 0x00000000af700000, 0x00000000af800000|  0%| F|  |TAMS 0x00000000af700000, 0x00000000af700000| Untracked 
| 760|0x00000000af800000, 0x00000000af800000, 0x00000000af900000|  0%| F|  |TAMS 0x00000000af800000, 0x00000000af800000| Untracked 
| 761|0x00000000af900000, 0x00000000af900000, 0x00000000afa00000|  0%| F|  |TAMS 0x00000000af900000, 0x00000000af900000| Untracked 
| 762|0x00000000afa00000, 0x00000000afa00000, 0x00000000afb00000|  0%| F|  |TAMS 0x00000000afa00000, 0x00000000afa00000| Untracked 
| 763|0x00000000afb00000, 0x00000000afb00000, 0x00000000afc00000|  0%| F|  |TAMS 0x00000000afb00000, 0x00000000afb00000| Untracked 
| 764|0x00000000afc00000, 0x00000000afc00000, 0x00000000afd00000|  0%| F|  |TAMS 0x00000000afc00000, 0x00000000afc00000| Untracked 
| 765|0x00000000afd00000, 0x00000000afd00000, 0x00000000afe00000|  0%| F|  |TAMS 0x00000000afd00000, 0x00000000afd00000| Untracked 
| 766|0x00000000afe00000, 0x00000000afe00000, 0x00000000aff00000|  0%| F|  |TAMS 0x00000000afe00000, 0x00000000afe00000| Untracked 
| 767|0x00000000aff00000, 0x00000000aff00000, 0x00000000b0000000|  0%| F|  |TAMS 0x00000000aff00000, 0x00000000aff00000| Untracked 
| 768|0x00000000b0000000, 0x00000000b0000000, 0x00000000b0100000|  0%| F|  |TAMS 0x00000000b0000000, 0x00000000b0000000| Untracked 
| 769|0x00000000b0100000, 0x00000000b0100000, 0x00000000b0200000|  0%| F|  |TAMS 0x00000000b0100000, 0x00000000b0100000| Untracked 
| 770|0x00000000b0200000, 0x00000000b0200000, 0x00000000b0300000|  0%| F|  |TAMS 0x00000000b0200000, 0x00000000b0200000| Untracked 
| 771|0x00000000b0300000, 0x00000000b0300000, 0x00000000b0400000|  0%| F|  |TAMS 0x00000000b0300000, 0x00000000b0300000| Untracked 
| 772|0x00000000b0400000, 0x00000000b0400000, 0x00000000b0500000|  0%| F|  |TAMS 0x00000000b0400000, 0x00000000b0400000| Untracked 
| 773|0x00000000b0500000, 0x00000000b0500000, 0x00000000b0600000|  0%| F|  |TAMS 0x00000000b0500000, 0x00000000b0500000| Untracked 
| 774|0x00000000b0600000, 0x00000000b0600000, 0x00000000b0700000|  0%| F|  |TAMS 0x00000000b0600000, 0x00000000b0600000| Untracked 
| 775|0x00000000b0700000, 0x00000000b0700000, 0x00000000b0800000|  0%| F|  |TAMS 0x00000000b0700000, 0x00000000b0700000| Untracked 
| 776|0x00000000b0800000, 0x00000000b0800000, 0x00000000b0900000|  0%| F|  |TAMS 0x00000000b0800000, 0x00000000b0800000| Untracked 
| 777|0x00000000b0900000, 0x00000000b0900000, 0x00000000b0a00000|  0%| F|  |TAMS 0x00000000b0900000, 0x00000000b0900000| Untracked 
| 778|0x00000000b0a00000, 0x00000000b0a00000, 0x00000000b0b00000|  0%| F|  |TAMS 0x00000000b0a00000, 0x00000000b0a00000| Untracked 
| 779|0x00000000b0b00000, 0x00000000b0b00000, 0x00000000b0c00000|  0%| F|  |TAMS 0x00000000b0b00000, 0x00000000b0b00000| Untracked 
| 780|0x00000000b0c00000, 0x00000000b0c00000, 0x00000000b0d00000|  0%| F|  |TAMS 0x00000000b0c00000, 0x00000000b0c00000| Untracked 
| 781|0x00000000b0d00000, 0x00000000b0e00000, 0x00000000b0e00000|100%| E|  |TAMS 0x00000000b0d00000, 0x00000000b0d00000| Complete 
| 782|0x00000000b0e00000, 0x00000000b0f00000, 0x00000000b0f00000|100%| E|CS|TAMS 0x00000000b0e00000, 0x00000000b0e00000| Complete 
| 783|0x00000000b0f00000, 0x00000000b1000000, 0x00000000b1000000|100%| E|CS|TAMS 0x00000000b0f00000, 0x00000000b0f00000| Complete 
| 784|0x00000000b1000000, 0x00000000b1100000, 0x00000000b1100000|100%| E|CS|TAMS 0x00000000b1000000, 0x00000000b1000000| Complete 
| 785|0x00000000b1100000, 0x00000000b1200000, 0x00000000b1200000|100%| E|CS|TAMS 0x00000000b1100000, 0x00000000b1100000| Complete 
| 786|0x00000000b1200000, 0x00000000b1300000, 0x00000000b1300000|100%| E|CS|TAMS 0x00000000b1200000, 0x00000000b1200000| Complete 
| 787|0x00000000b1300000, 0x00000000b1400000, 0x00000000b1400000|100%| E|CS|TAMS 0x00000000b1300000, 0x00000000b1300000| Complete 
| 788|0x00000000b1400000, 0x00000000b1500000, 0x00000000b1500000|100%| E|CS|TAMS 0x00000000b1400000, 0x00000000b1400000| Complete 
| 789|0x00000000b1500000, 0x00000000b1600000, 0x00000000b1600000|100%| E|CS|TAMS 0x00000000b1500000, 0x00000000b1500000| Complete 
| 790|0x00000000b1600000, 0x00000000b1700000, 0x00000000b1700000|100%| E|CS|TAMS 0x00000000b1600000, 0x00000000b1600000| Complete 
| 791|0x00000000b1700000, 0x00000000b1800000, 0x00000000b1800000|100%| E|CS|TAMS 0x00000000b1700000, 0x00000000b1700000| Complete 
| 792|0x00000000b1800000, 0x00000000b1900000, 0x00000000b1900000|100%| E|CS|TAMS 0x00000000b1800000, 0x00000000b1800000| Complete 
| 793|0x00000000b1900000, 0x00000000b1a00000, 0x00000000b1a00000|100%| E|CS|TAMS 0x00000000b1900000, 0x00000000b1900000| Complete 
| 794|0x00000000b1a00000, 0x00000000b1b00000, 0x00000000b1b00000|100%| E|CS|TAMS 0x00000000b1a00000, 0x00000000b1a00000| Complete 
| 795|0x00000000b1b00000, 0x00000000b1c00000, 0x00000000b1c00000|100%| E|CS|TAMS 0x00000000b1b00000, 0x00000000b1b00000| Complete 
| 796|0x00000000b1c00000, 0x00000000b1d00000, 0x00000000b1d00000|100%| E|CS|TAMS 0x00000000b1c00000, 0x00000000b1c00000| Complete 
| 797|0x00000000b1d00000, 0x00000000b1e00000, 0x00000000b1e00000|100%| E|CS|TAMS 0x00000000b1d00000, 0x00000000b1d00000| Complete 
| 798|0x00000000b1e00000, 0x00000000b1f00000, 0x00000000b1f00000|100%| E|CS|TAMS 0x00000000b1e00000, 0x00000000b1e00000| Complete 
| 799|0x00000000b1f00000, 0x00000000b2000000, 0x00000000b2000000|100%| E|CS|TAMS 0x00000000b1f00000, 0x00000000b1f00000| Complete 
| 800|0x00000000b2000000, 0x00000000b2100000, 0x00000000b2100000|100%| E|CS|TAMS 0x00000000b2000000, 0x00000000b2000000| Complete 
| 801|0x00000000b2100000, 0x00000000b2200000, 0x00000000b2200000|100%| E|CS|TAMS 0x00000000b2100000, 0x00000000b2100000| Complete 
| 802|0x00000000b2200000, 0x00000000b2300000, 0x00000000b2300000|100%| E|CS|TAMS 0x00000000b2200000, 0x00000000b2200000| Complete 
| 803|0x00000000b2300000, 0x00000000b2400000, 0x00000000b2400000|100%| E|CS|TAMS 0x00000000b2300000, 0x00000000b2300000| Complete 
| 804|0x00000000b2400000, 0x00000000b2500000, 0x00000000b2500000|100%| E|CS|TAMS 0x00000000b2400000, 0x00000000b2400000| Complete 
| 805|0x00000000b2500000, 0x00000000b2600000, 0x00000000b2600000|100%| E|CS|TAMS 0x00000000b2500000, 0x00000000b2500000| Complete 
| 806|0x00000000b2600000, 0x00000000b2700000, 0x00000000b2700000|100%| E|CS|TAMS 0x00000000b2600000, 0x00000000b2600000| Complete 
| 807|0x00000000b2700000, 0x00000000b2800000, 0x00000000b2800000|100%| E|CS|TAMS 0x00000000b2700000, 0x00000000b2700000| Complete 
| 808|0x00000000b2800000, 0x00000000b2900000, 0x00000000b2900000|100%| E|CS|TAMS 0x00000000b2800000, 0x00000000b2800000| Complete 
| 809|0x00000000b2900000, 0x00000000b2a00000, 0x00000000b2a00000|100%| E|CS|TAMS 0x00000000b2900000, 0x00000000b2900000| Complete 
| 810|0x00000000b2a00000, 0x00000000b2b00000, 0x00000000b2b00000|100%| E|CS|TAMS 0x00000000b2a00000, 0x00000000b2a00000| Complete 
| 811|0x00000000b2b00000, 0x00000000b2c00000, 0x00000000b2c00000|100%| E|CS|TAMS 0x00000000b2b00000, 0x00000000b2b00000| Complete 
| 812|0x00000000b2c00000, 0x00000000b2d00000, 0x00000000b2d00000|100%| E|CS|TAMS 0x00000000b2c00000, 0x00000000b2c00000| Complete 
| 813|0x00000000b2d00000, 0x00000000b2e00000, 0x00000000b2e00000|100%| E|CS|TAMS 0x00000000b2d00000, 0x00000000b2d00000| Complete 
| 814|0x00000000b2e00000, 0x00000000b2f00000, 0x00000000b2f00000|100%| E|CS|TAMS 0x00000000b2e00000, 0x00000000b2e00000| Complete 
| 815|0x00000000b2f00000, 0x00000000b3000000, 0x00000000b3000000|100%| E|CS|TAMS 0x00000000b2f00000, 0x00000000b2f00000| Complete 
| 816|0x00000000b3000000, 0x00000000b3100000, 0x00000000b3100000|100%| E|CS|TAMS 0x00000000b3000000, 0x00000000b3000000| Complete 
| 817|0x00000000b3100000, 0x00000000b3200000, 0x00000000b3200000|100%| E|CS|TAMS 0x00000000b3100000, 0x00000000b3100000| Complete 
| 818|0x00000000b3200000, 0x00000000b3300000, 0x00000000b3300000|100%| E|CS|TAMS 0x00000000b3200000, 0x00000000b3200000| Complete 
| 819|0x00000000b3300000, 0x00000000b3400000, 0x00000000b3400000|100%| E|CS|TAMS 0x00000000b3300000, 0x00000000b3300000| Complete 
| 820|0x00000000b3400000, 0x00000000b3500000, 0x00000000b3500000|100%| E|CS|TAMS 0x00000000b3400000, 0x00000000b3400000| Complete 
| 821|0x00000000b3500000, 0x00000000b3600000, 0x00000000b3600000|100%| E|CS|TAMS 0x00000000b3500000, 0x00000000b3500000| Complete 
| 822|0x00000000b3600000, 0x00000000b3700000, 0x00000000b3700000|100%| E|CS|TAMS 0x00000000b3600000, 0x00000000b3600000| Complete 
| 823|0x00000000b3700000, 0x00000000b3800000, 0x00000000b3800000|100%| E|CS|TAMS 0x00000000b3700000, 0x00000000b3700000| Complete 
| 824|0x00000000b3800000, 0x00000000b3900000, 0x00000000b3900000|100%| E|  |TAMS 0x00000000b3800000, 0x00000000b3800000| Complete 
| 825|0x00000000b3900000, 0x00000000b3a00000, 0x00000000b3a00000|100%| E|CS|TAMS 0x00000000b3900000, 0x00000000b3900000| Complete 
| 826|0x00000000b3a00000, 0x00000000b3b00000, 0x00000000b3b00000|100%| E|CS|TAMS 0x00000000b3a00000, 0x00000000b3a00000| Complete 
| 827|0x00000000b3b00000, 0x00000000b3c00000, 0x00000000b3c00000|100%| E|CS|TAMS 0x00000000b3b00000, 0x00000000b3b00000| Complete 
| 828|0x00000000b3c00000, 0x00000000b3d00000, 0x00000000b3d00000|100%| E|CS|TAMS 0x00000000b3c00000, 0x00000000b3c00000| Complete 
| 829|0x00000000b3d00000, 0x00000000b3e00000, 0x00000000b3e00000|100%| E|CS|TAMS 0x00000000b3d00000, 0x00000000b3d00000| Complete 
| 830|0x00000000b3e00000, 0x00000000b3f00000, 0x00000000b3f00000|100%| E|CS|TAMS 0x00000000b3e00000, 0x00000000b3e00000| Complete 
| 831|0x00000000b3f00000, 0x00000000b4000000, 0x00000000b4000000|100%| E|CS|TAMS 0x00000000b3f00000, 0x00000000b3f00000| Complete 
| 832|0x00000000b4000000, 0x00000000b4100000, 0x00000000b4100000|100%| E|CS|TAMS 0x00000000b4000000, 0x00000000b4000000| Complete 
| 833|0x00000000b4100000, 0x00000000b4200000, 0x00000000b4200000|100%| E|CS|TAMS 0x00000000b4100000, 0x00000000b4100000| Complete 
| 834|0x00000000b4200000, 0x00000000b4300000, 0x00000000b4300000|100%| E|CS|TAMS 0x00000000b4200000, 0x00000000b4200000| Complete 
| 835|0x00000000b4300000, 0x00000000b4400000, 0x00000000b4400000|100%| E|CS|TAMS 0x00000000b4300000, 0x00000000b4300000| Complete 
| 836|0x00000000b4400000, 0x00000000b4500000, 0x00000000b4500000|100%| E|CS|TAMS 0x00000000b4400000, 0x00000000b4400000| Complete 
| 837|0x00000000b4500000, 0x00000000b4600000, 0x00000000b4600000|100%| E|CS|TAMS 0x00000000b4500000, 0x00000000b4500000| Complete 
| 838|0x00000000b4600000, 0x00000000b4700000, 0x00000000b4700000|100%| E|CS|TAMS 0x00000000b4600000, 0x00000000b4600000| Complete 
| 839|0x00000000b4700000, 0x00000000b4800000, 0x00000000b4800000|100%| E|CS|TAMS 0x00000000b4700000, 0x00000000b4700000| Complete 
| 840|0x00000000b4800000, 0x00000000b4900000, 0x00000000b4900000|100%| E|CS|TAMS 0x00000000b4800000, 0x00000000b4800000| Complete 
| 841|0x00000000b4900000, 0x00000000b4a00000, 0x00000000b4a00000|100%| E|CS|TAMS 0x00000000b4900000, 0x00000000b4900000| Complete 
| 842|0x00000000b4a00000, 0x00000000b4b00000, 0x00000000b4b00000|100%| E|CS|TAMS 0x00000000b4a00000, 0x00000000b4a00000| Complete 
| 843|0x00000000b4b00000, 0x00000000b4c00000, 0x00000000b4c00000|100%| E|CS|TAMS 0x00000000b4b00000, 0x00000000b4b00000| Complete 
| 844|0x00000000b4c00000, 0x00000000b4d00000, 0x00000000b4d00000|100%| E|CS|TAMS 0x00000000b4c00000, 0x00000000b4c00000| Complete 
| 845|0x00000000b4d00000, 0x00000000b4e00000, 0x00000000b4e00000|100%| E|CS|TAMS 0x00000000b4d00000, 0x00000000b4d00000| Complete 
| 846|0x00000000b4e00000, 0x00000000b4f00000, 0x00000000b4f00000|100%| E|CS|TAMS 0x00000000b4e00000, 0x00000000b4e00000| Complete 
| 847|0x00000000b4f00000, 0x00000000b5000000, 0x00000000b5000000|100%| E|CS|TAMS 0x00000000b4f00000, 0x00000000b4f00000| Complete 
| 848|0x00000000b5000000, 0x00000000b5100000, 0x00000000b5100000|100%| E|CS|TAMS 0x00000000b5000000, 0x00000000b5000000| Complete 
| 849|0x00000000b5100000, 0x00000000b5200000, 0x00000000b5200000|100%| E|CS|TAMS 0x00000000b5100000, 0x00000000b5100000| Complete 
| 850|0x00000000b5200000, 0x00000000b5300000, 0x00000000b5300000|100%| E|CS|TAMS 0x00000000b5200000, 0x00000000b5200000| Complete 
| 851|0x00000000b5300000, 0x00000000b5400000, 0x00000000b5400000|100%| E|CS|TAMS 0x00000000b5300000, 0x00000000b5300000| Complete 
| 852|0x00000000b5400000, 0x00000000b5500000, 0x00000000b5500000|100%| E|CS|TAMS 0x00000000b5400000, 0x00000000b5400000| Complete 
| 853|0x00000000b5500000, 0x00000000b5600000, 0x00000000b5600000|100%| E|CS|TAMS 0x00000000b5500000, 0x00000000b5500000| Complete 
| 854|0x00000000b5600000, 0x00000000b5700000, 0x00000000b5700000|100%| E|CS|TAMS 0x00000000b5600000, 0x00000000b5600000| Complete 
| 855|0x00000000b5700000, 0x00000000b5800000, 0x00000000b5800000|100%| E|CS|TAMS 0x00000000b5700000, 0x00000000b5700000| Complete 
| 856|0x00000000b5800000, 0x00000000b5900000, 0x00000000b5900000|100%| E|CS|TAMS 0x00000000b5800000, 0x00000000b5800000| Complete 
| 857|0x00000000b5900000, 0x00000000b5a00000, 0x00000000b5a00000|100%| E|CS|TAMS 0x00000000b5900000, 0x00000000b5900000| Complete 
| 858|0x00000000b5a00000, 0x00000000b5b00000, 0x00000000b5b00000|100%| E|CS|TAMS 0x00000000b5a00000, 0x00000000b5a00000| Complete 
| 859|0x00000000b5b00000, 0x00000000b5c00000, 0x00000000b5c00000|100%| E|CS|TAMS 0x00000000b5b00000, 0x00000000b5b00000| Complete 
| 860|0x00000000b5c00000, 0x00000000b5d00000, 0x00000000b5d00000|100%| E|CS|TAMS 0x00000000b5c00000, 0x00000000b5c00000| Complete 
| 861|0x00000000b5d00000, 0x00000000b5e00000, 0x00000000b5e00000|100%| E|CS|TAMS 0x00000000b5d00000, 0x00000000b5d00000| Complete 
| 862|0x00000000b5e00000, 0x00000000b5f00000, 0x00000000b5f00000|100%| E|CS|TAMS 0x00000000b5e00000, 0x00000000b5e00000| Complete 
| 863|0x00000000b5f00000, 0x00000000b6000000, 0x00000000b6000000|100%| E|CS|TAMS 0x00000000b5f00000, 0x00000000b5f00000| Complete 
| 864|0x00000000b6000000, 0x00000000b6100000, 0x00000000b6100000|100%| E|CS|TAMS 0x00000000b6000000, 0x00000000b6000000| Complete 
| 865|0x00000000b6100000, 0x00000000b6200000, 0x00000000b6200000|100%| E|CS|TAMS 0x00000000b6100000, 0x00000000b6100000| Complete 
| 866|0x00000000b6200000, 0x00000000b6300000, 0x00000000b6300000|100%| E|CS|TAMS 0x00000000b6200000, 0x00000000b6200000| Complete 
| 867|0x00000000b6300000, 0x00000000b6400000, 0x00000000b6400000|100%| E|CS|TAMS 0x00000000b6300000, 0x00000000b6300000| Complete 
| 868|0x00000000b6400000, 0x00000000b6500000, 0x00000000b6500000|100%| E|CS|TAMS 0x00000000b6400000, 0x00000000b6400000| Complete 
| 869|0x00000000b6500000, 0x00000000b6600000, 0x00000000b6600000|100%| E|CS|TAMS 0x00000000b6500000, 0x00000000b6500000| Complete 
| 870|0x00000000b6600000, 0x00000000b6700000, 0x00000000b6700000|100%| E|CS|TAMS 0x00000000b6600000, 0x00000000b6600000| Complete 
| 871|0x00000000b6700000, 0x00000000b6800000, 0x00000000b6800000|100%| E|CS|TAMS 0x00000000b6700000, 0x00000000b6700000| Complete 
| 872|0x00000000b6800000, 0x00000000b6900000, 0x00000000b6900000|100%| E|CS|TAMS 0x00000000b6800000, 0x00000000b6800000| Complete 
| 873|0x00000000b6900000, 0x00000000b6a00000, 0x00000000b6a00000|100%| E|CS|TAMS 0x00000000b6900000, 0x00000000b6900000| Complete 
| 874|0x00000000b6a00000, 0x00000000b6b00000, 0x00000000b6b00000|100%| E|CS|TAMS 0x00000000b6a00000, 0x00000000b6a00000| Complete 
| 875|0x00000000b6b00000, 0x00000000b6c00000, 0x00000000b6c00000|100%| E|CS|TAMS 0x00000000b6b00000, 0x00000000b6b00000| Complete 
| 876|0x00000000b6c00000, 0x00000000b6d00000, 0x00000000b6d00000|100%| E|CS|TAMS 0x00000000b6c00000, 0x00000000b6c00000| Complete 
| 877|0x00000000b6d00000, 0x00000000b6e00000, 0x00000000b6e00000|100%| E|CS|TAMS 0x00000000b6d00000, 0x00000000b6d00000| Complete 
| 878|0x00000000b6e00000, 0x00000000b6f00000, 0x00000000b6f00000|100%| E|CS|TAMS 0x00000000b6e00000, 0x00000000b6e00000| Complete 
| 879|0x00000000b6f00000, 0x00000000b7000000, 0x00000000b7000000|100%| E|CS|TAMS 0x00000000b6f00000, 0x00000000b6f00000| Complete 
| 880|0x00000000b7000000, 0x00000000b7100000, 0x00000000b7100000|100%| E|CS|TAMS 0x00000000b7000000, 0x00000000b7000000| Complete 
| 881|0x00000000b7100000, 0x00000000b7200000, 0x00000000b7200000|100%| E|CS|TAMS 0x00000000b7100000, 0x00000000b7100000| Complete 
| 882|0x00000000b7200000, 0x00000000b7300000, 0x00000000b7300000|100%| E|CS|TAMS 0x00000000b7200000, 0x00000000b7200000| Complete 
| 883|0x00000000b7300000, 0x00000000b7400000, 0x00000000b7400000|100%| E|CS|TAMS 0x00000000b7300000, 0x00000000b7300000| Complete 
| 884|0x00000000b7400000, 0x00000000b7500000, 0x00000000b7500000|100%| E|CS|TAMS 0x00000000b7400000, 0x00000000b7400000| Complete 
| 885|0x00000000b7500000, 0x00000000b7600000, 0x00000000b7600000|100%| E|CS|TAMS 0x00000000b7500000, 0x00000000b7500000| Complete 
| 886|0x00000000b7600000, 0x00000000b7700000, 0x00000000b7700000|100%| E|CS|TAMS 0x00000000b7600000, 0x00000000b7600000| Complete 
| 887|0x00000000b7700000, 0x00000000b7800000, 0x00000000b7800000|100%| E|CS|TAMS 0x00000000b7700000, 0x00000000b7700000| Complete 
| 888|0x00000000b7800000, 0x00000000b7900000, 0x00000000b7900000|100%| E|CS|TAMS 0x00000000b7800000, 0x00000000b7800000| Complete 
| 889|0x00000000b7900000, 0x00000000b7a00000, 0x00000000b7a00000|100%| E|CS|TAMS 0x00000000b7900000, 0x00000000b7900000| Complete 
| 890|0x00000000b7a00000, 0x00000000b7b00000, 0x00000000b7b00000|100%| E|CS|TAMS 0x00000000b7a00000, 0x00000000b7a00000| Complete 
| 891|0x00000000b7b00000, 0x00000000b7c00000, 0x00000000b7c00000|100%| E|CS|TAMS 0x00000000b7b00000, 0x00000000b7b00000| Complete 
| 892|0x00000000b7c00000, 0x00000000b7d00000, 0x00000000b7d00000|100%| E|CS|TAMS 0x00000000b7c00000, 0x00000000b7c00000| Complete 
| 893|0x00000000b7d00000, 0x00000000b7e00000, 0x00000000b7e00000|100%| E|CS|TAMS 0x00000000b7d00000, 0x00000000b7d00000| Complete 
| 894|0x00000000b7e00000, 0x00000000b7f00000, 0x00000000b7f00000|100%| E|CS|TAMS 0x00000000b7e00000, 0x00000000b7e00000| Complete 
| 895|0x00000000b7f00000, 0x00000000b8000000, 0x00000000b8000000|100%| E|CS|TAMS 0x00000000b7f00000, 0x00000000b7f00000| Complete 
| 896|0x00000000b8000000, 0x00000000b8100000, 0x00000000b8100000|100%| E|CS|TAMS 0x00000000b8000000, 0x00000000b8000000| Complete 
| 897|0x00000000b8100000, 0x00000000b8200000, 0x00000000b8200000|100%| E|CS|TAMS 0x00000000b8100000, 0x00000000b8100000| Complete 
| 898|0x00000000b8200000, 0x00000000b8300000, 0x00000000b8300000|100%| E|CS|TAMS 0x00000000b8200000, 0x00000000b8200000| Complete 
| 899|0x00000000b8300000, 0x00000000b8400000, 0x00000000b8400000|100%| E|CS|TAMS 0x00000000b8300000, 0x00000000b8300000| Complete 
| 900|0x00000000b8400000, 0x00000000b8500000, 0x00000000b8500000|100%| E|CS|TAMS 0x00000000b8400000, 0x00000000b8400000| Complete 
| 901|0x00000000b8500000, 0x00000000b8600000, 0x00000000b8600000|100%| E|CS|TAMS 0x00000000b8500000, 0x00000000b8500000| Complete 
| 902|0x00000000b8600000, 0x00000000b8700000, 0x00000000b8700000|100%| E|CS|TAMS 0x00000000b8600000, 0x00000000b8600000| Complete 
| 903|0x00000000b8700000, 0x00000000b8800000, 0x00000000b8800000|100%| E|CS|TAMS 0x00000000b8700000, 0x00000000b8700000| Complete 
| 904|0x00000000b8800000, 0x00000000b8900000, 0x00000000b8900000|100%| E|CS|TAMS 0x00000000b8800000, 0x00000000b8800000| Complete 
| 905|0x00000000b8900000, 0x00000000b8a00000, 0x00000000b8a00000|100%| E|CS|TAMS 0x00000000b8900000, 0x00000000b8900000| Complete 
| 906|0x00000000b8a00000, 0x00000000b8b00000, 0x00000000b8b00000|100%| E|CS|TAMS 0x00000000b8a00000, 0x00000000b8a00000| Complete 
| 907|0x00000000b8b00000, 0x00000000b8c00000, 0x00000000b8c00000|100%| E|CS|TAMS 0x00000000b8b00000, 0x00000000b8b00000| Complete 
| 908|0x00000000b8c00000, 0x00000000b8d00000, 0x00000000b8d00000|100%| E|CS|TAMS 0x00000000b8c00000, 0x00000000b8c00000| Complete 
| 909|0x00000000b8d00000, 0x00000000b8e00000, 0x00000000b8e00000|100%| E|CS|TAMS 0x00000000b8d00000, 0x00000000b8d00000| Complete 
| 910|0x00000000b8e00000, 0x00000000b8f00000, 0x00000000b8f00000|100%| E|CS|TAMS 0x00000000b8e00000, 0x00000000b8e00000| Complete 
| 911|0x00000000b8f00000, 0x00000000b9000000, 0x00000000b9000000|100%| E|CS|TAMS 0x00000000b8f00000, 0x00000000b8f00000| Complete 
| 912|0x00000000b9000000, 0x00000000b9100000, 0x00000000b9100000|100%| E|CS|TAMS 0x00000000b9000000, 0x00000000b9000000| Complete 
| 913|0x00000000b9100000, 0x00000000b9200000, 0x00000000b9200000|100%| E|CS|TAMS 0x00000000b9100000, 0x00000000b9100000| Complete 
| 914|0x00000000b9200000, 0x00000000b9300000, 0x00000000b9300000|100%| E|CS|TAMS 0x00000000b9200000, 0x00000000b9200000| Complete 
| 915|0x00000000b9300000, 0x00000000b9400000, 0x00000000b9400000|100%| E|CS|TAMS 0x00000000b9300000, 0x00000000b9300000| Complete 
| 916|0x00000000b9400000, 0x00000000b9500000, 0x00000000b9500000|100%| E|CS|TAMS 0x00000000b9400000, 0x00000000b9400000| Complete 
| 917|0x00000000b9500000, 0x00000000b9600000, 0x00000000b9600000|100%| E|CS|TAMS 0x00000000b9500000, 0x00000000b9500000| Complete 
| 918|0x00000000b9600000, 0x00000000b9700000, 0x00000000b9700000|100%| E|CS|TAMS 0x00000000b9600000, 0x00000000b9600000| Complete 
| 919|0x00000000b9700000, 0x00000000b9800000, 0x00000000b9800000|100%| E|CS|TAMS 0x00000000b9700000, 0x00000000b9700000| Complete 
| 920|0x00000000b9800000, 0x00000000b9900000, 0x00000000b9900000|100%| E|CS|TAMS 0x00000000b9800000, 0x00000000b9800000| Complete 
| 921|0x00000000b9900000, 0x00000000b9a00000, 0x00000000b9a00000|100%| E|CS|TAMS 0x00000000b9900000, 0x00000000b9900000| Complete 
| 922|0x00000000b9a00000, 0x00000000b9b00000, 0x00000000b9b00000|100%| E|CS|TAMS 0x00000000b9a00000, 0x00000000b9a00000| Complete 
| 923|0x00000000b9b00000, 0x00000000b9c00000, 0x00000000b9c00000|100%| E|CS|TAMS 0x00000000b9b00000, 0x00000000b9b00000| Complete 
| 924|0x00000000b9c00000, 0x00000000b9d00000, 0x00000000b9d00000|100%| E|CS|TAMS 0x00000000b9c00000, 0x00000000b9c00000| Complete 
| 925|0x00000000b9d00000, 0x00000000b9e00000, 0x00000000b9e00000|100%| E|CS|TAMS 0x00000000b9d00000, 0x00000000b9d00000| Complete 
| 926|0x00000000b9e00000, 0x00000000b9f00000, 0x00000000b9f00000|100%| E|CS|TAMS 0x00000000b9e00000, 0x00000000b9e00000| Complete 
| 927|0x00000000b9f00000, 0x00000000ba000000, 0x00000000ba000000|100%| E|CS|TAMS 0x00000000b9f00000, 0x00000000b9f00000| Complete 
| 928|0x00000000ba000000, 0x00000000ba100000, 0x00000000ba100000|100%| E|CS|TAMS 0x00000000ba000000, 0x00000000ba000000| Complete 
| 929|0x00000000ba100000, 0x00000000ba200000, 0x00000000ba200000|100%| E|CS|TAMS 0x00000000ba100000, 0x00000000ba100000| Complete 
| 930|0x00000000ba200000, 0x00000000ba300000, 0x00000000ba300000|100%| E|CS|TAMS 0x00000000ba200000, 0x00000000ba200000| Complete 
| 931|0x00000000ba300000, 0x00000000ba400000, 0x00000000ba400000|100%| E|CS|TAMS 0x00000000ba300000, 0x00000000ba300000| Complete 
| 932|0x00000000ba400000, 0x00000000ba500000, 0x00000000ba500000|100%| E|CS|TAMS 0x00000000ba400000, 0x00000000ba400000| Complete 
| 933|0x00000000ba500000, 0x00000000ba600000, 0x00000000ba600000|100%| E|CS|TAMS 0x00000000ba500000, 0x00000000ba500000| Complete 

Card table byte_map: [0x0000026918140000,0x0000026918540000] _byte_map_base: 0x0000026917d40000

Marking Bits (Prev, Next): (CMBitMap*) 0x000002697dae3098, (CMBitMap*) 0x000002697dae30d0
 Prev Bits: [0x0000026918940000, 0x000002691a940000)
 Next Bits: [0x000002691a940000, 0x000002691c940000)

Polling page: 0x0000026900000000

Metaspace:

Usage:
  Non-class:    144.98 MB capacity,   139.12 MB ( 96%) used,     4.68 MB (  3%) free+waste,     1.18 MB ( <1%) overhead. 
      Class:     27.76 MB capacity,    22.85 MB ( 82%) used,     4.27 MB ( 15%) free+waste,   654.12 KB (  2%) overhead. 
       Both:    172.74 MB capacity,   161.98 MB ( 94%) used,     8.95 MB (  5%) free+waste,     1.82 MB (  1%) overhead. 

Virtual space:
  Non-class space:      146.00 MB reserved,     145.03 MB (>99%) committed 
      Class space:        1.00 GB reserved,      27.82 MB (  3%) committed 
             Both:        1.14 GB reserved,     172.86 MB ( 15%) committed 

Chunk freelists:
   Non-Class:  0 bytes
       Class:  22.00 KB
        Both:  22.00 KB

MaxMetaspaceSize: 17179869184.00 GB
CompressedClassSpaceSize: 1.00 GB
Initial GC threshold: 20.80 MB
Current GC threshold: 286.43 MB
CDS: on

CodeHeap 'non-profiled nmethods': size=120064Kb used=15669Kb max_used=15669Kb free=104395Kb
 bounds [0x00000269101d0000, 0x0000026911120000, 0x0000026917710000]
CodeHeap 'profiled nmethods': size=120000Kb used=43187Kb max_used=43187Kb free=76812Kb
 bounds [0x0000026908ca0000, 0x000002690b6e0000, 0x00000269101d0000]
CodeHeap 'non-nmethods': size=5696Kb used=1742Kb max_used=1807Kb free=3954Kb
 bounds [0x0000026908710000, 0x0000026908980000, 0x0000026908ca0000]
 total_blobs=21541 nmethods=20413 adapters=1035
 compilation: enabled
              stopped_count=0, restarted_count=0
 full_count=0

Compilation events (20 events):
Event: 73.519 Thread 0x000002691efae000 22455       1       java.security.Permission::getName (5 bytes)
Event: 73.519 Thread 0x000002691efae000 nmethod 22455 0x0000026911115410 code [0x00000269111155c0, 0x0000026911115698]
Event: 73.524 Thread 0x000002691efae000 22456       3       org.apache.spark.rdd.RDD$$Lambda$1587/0x0000000840c15040::apply (8 bytes)
Event: 73.525 Thread 0x000002691efae000 nmethod 22456 0x000002690b6cd190 code [0x000002690b6cd380, 0x000002690b6cd898]
Event: 73.525 Thread 0x000002691efae000 22457       3       org.apache.spark.storage.RDDInfo$$$Lambda$1595/0x0000000840c1a840::apply (8 bytes)
Event: 73.525 Thread 0x000002691efae000 nmethod 22457 0x000002690b6cda10 code [0x000002690b6cdc00, 0x000002690b6ce0d8]
Event: 73.528 Thread 0x000002691efae000 22458       1       org.apache.spark.scheduler.SparkListenerJobStart::jobId (5 bytes)
Event: 73.528 Thread 0x000002691efae000 nmethod 22458 0x0000026911115710 code [0x00000269111158c0, 0x0000026911115998]
Event: 73.528 Thread 0x000002691efae000 22459       3       org.apache.spark.status.LiveEntity::<init> (12 bytes)
Event: 73.528 Thread 0x000002691efae000 nmethod 22459 0x000002690b6ce290 code [0x000002690b6ce440, 0x000002690b6ce5b8]
Event: 73.550 Thread 0x000002691efae000 22460       3       org.apache.spark.serializer.JavaSerializerInstance::serialize (33 bytes)
Event: 73.551 Thread 0x000002691efae000 nmethod 22460 0x000002690b6ce690 code [0x000002690b6ce9e0, 0x000002690b6cfa78]
Event: 73.552 Thread 0x000002691efae000 22461       3       org.apache.spark.util.ByteBufferOutputStream::close (18 bytes)
Event: 73.552 Thread 0x000002691efae000 nmethod 22461 0x000002690b6d0290 code [0x000002690b6d0440, 0x000002690b6d0618]
Event: 73.556 Thread 0x000002691efae000 22462   !   3       jdk.internal.reflect.GeneratedSerializationConstructorAccessor61::newInstance (49 bytes)
Event: 73.557 Thread 0x000002691efae000 nmethod 22462 0x000002690b6d0710 code [0x000002690b6d09a0, 0x000002690b6d1428]
Event: 73.557 Thread 0x000002691efae000 22463       3       scala.collection.immutable.Map$EmptyMap$::readResolve (4 bytes)
Event: 73.557 Thread 0x000002691efae000 nmethod 22463 0x000002690b6d1910 code [0x000002690b6d1ac0, 0x000002690b6d1bf8]
Event: 73.568 Thread 0x000002691efae000 22464       1       com.fasterxml.jackson.core.JsonParser$Feature::getMask (5 bytes)
Event: 73.568 Thread 0x000002691efae000 nmethod 22464 0x0000026911115a10 code [0x0000026911115bc0, 0x0000026911115c98]

GC Heap History (20 events):
Event: 64.399 GC heap before
{Heap before GC invocations=117 (full 0):
 garbage-first heap   total 346112K, used 279602K [0x0000000080000000, 0x0000000100000000)
  region size 1024K, 137 young (140288K), 20 survivors (20480K)
 Metaspace       used 165221K, capacity 176080K, committed 176236K, reserved 1198080K
  class space    used 23370K, capacity 28379K, committed 28492K, reserved 1048576K
}
Event: 64.450 GC heap after
{Heap after GC invocations=118 (full 0):
 garbage-first heap   total 474112K, used 176640K [0x0000000080000000, 0x0000000100000000)
  region size 1024K, 17 young (17408K), 17 survivors (17408K)
 Metaspace       used 165221K, capacity 176080K, committed 176236K, reserved 1198080K
  class space    used 23370K, capacity 28379K, committed 28492K, reserved 1048576K
}
Event: 65.800 GC heap before
{Heap before GC invocations=118 (full 0):
 garbage-first heap   total 474112K, used 371200K [0x0000000080000000, 0x0000000100000000)
  region size 1024K, 187 young (191488K), 17 survivors (17408K)
 Metaspace       used 165594K, capacity 176464K, committed 176748K, reserved 1198080K
  class space    used 23383K, capacity 28401K, committed 28492K, reserved 1048576K
}
Event: 65.847 GC heap after
{Heap after GC invocations=119 (full 0):
 garbage-first heap   total 474112K, used 195072K [0x0000000080000000, 0x0000000100000000)
  region size 1024K, 18 young (18432K), 18 survivors (18432K)
 Metaspace       used 165594K, capacity 176464K, committed 176748K, reserved 1198080K
  class space    used 23383K, capacity 28401K, committed 28492K, reserved 1048576K
}
Event: 66.868 GC heap before
{Heap before GC invocations=119 (full 0):
 garbage-first heap   total 474112K, used 361984K [0x0000000080000000, 0x0000000100000000)
  region size 1024K, 181 young (185344K), 18 survivors (18432K)
 Metaspace       used 165600K, capacity 176464K, committed 176748K, reserved 1198080K
  class space    used 23383K, capacity 28401K, committed 28492K, reserved 1048576K
}
Event: 66.920 GC heap after
{Heap after GC invocations=120 (full 0):
 garbage-first heap   total 474112K, used 221184K [0x0000000080000000, 0x0000000100000000)
  region size 1024K, 23 young (23552K), 23 survivors (23552K)
 Metaspace       used 165600K, capacity 176464K, committed 176748K, reserved 1198080K
  class space    used 23383K, capacity 28401K, committed 28492K, reserved 1048576K
}
Event: 67.213 GC heap before
{Heap before GC invocations=120 (full 0):
 garbage-first heap   total 474112K, used 371712K [0x0000000080000000, 0x0000000100000000)
  region size 1024K, 170 young (174080K), 23 survivors (23552K)
 Metaspace       used 165600K, capacity 176464K, committed 176748K, reserved 1198080K
  class space    used 23383K, capacity 28401K, committed 28492K, reserved 1048576K
}
Event: 67.291 GC heap after
{Heap after GC invocations=121 (full 0):
 garbage-first heap   total 474112K, used 247808K [0x0000000080000000, 0x0000000100000000)
  region size 1024K, 22 young (22528K), 22 survivors (22528K)
 Metaspace       used 165600K, capacity 176464K, committed 176748K, reserved 1198080K
  class space    used 23383K, capacity 28401K, committed 28492K, reserved 1048576K
}
Event: 67.589 GC heap before
{Heap before GC invocations=121 (full 0):
 garbage-first heap   total 474112K, used 378880K [0x0000000080000000, 0x0000000100000000)
  region size 1024K, 150 young (153600K), 22 survivors (22528K)
 Metaspace       used 165600K, capacity 176464K, committed 176748K, reserved 1198080K
  class space    used 23383K, capacity 28401K, committed 28492K, reserved 1048576K
}
Event: 67.676 GC heap after
{Heap after GC invocations=122 (full 0):
 garbage-first heap   total 673792K, used 270336K [0x0000000080000000, 0x0000000100000000)
  region size 1024K, 19 young (19456K), 19 survivors (19456K)
 Metaspace       used 165600K, capacity 176464K, committed 176748K, reserved 1198080K
  class space    used 23383K, capacity 28401K, committed 28492K, reserved 1048576K
}
Event: 68.409 GC heap before
{Heap before GC invocations=122 (full 0):
 garbage-first heap   total 673792K, used 461824K [0x0000000080000000, 0x0000000100000000)
  region size 1024K, 205 young (209920K), 19 survivors (19456K)
 Metaspace       used 165600K, capacity 176465K, committed 176748K, reserved 1198080K
  class space    used 23383K, capacity 28401K, committed 28492K, reserved 1048576K
}
Event: 68.603 GC heap after
{Heap after GC invocations=123 (full 0):
 garbage-first heap   total 673792K, used 304640K [0x0000000080000000, 0x0000000100000000)
  region size 1024K, 26 young (26624K), 26 survivors (26624K)
 Metaspace       used 165600K, capacity 176465K, committed 176748K, reserved 1198080K
  class space    used 23383K, capacity 28401K, committed 28492K, reserved 1048576K
}
Event: 70.894 GC heap before
{Heap before GC invocations=123 (full 0):
 garbage-first heap   total 673792K, used 509440K [0x0000000080000000, 0x0000000100000000)
  region size 1024K, 205 young (209920K), 26 survivors (26624K)
 Metaspace       used 165790K, capacity 176805K, committed 177004K, reserved 1198080K
  class space    used 23400K, capacity 28424K, committed 28492K, reserved 1048576K
}
Event: 70.953 GC heap after
{Heap after GC invocations=124 (full 0):
 garbage-first heap   total 673792K, used 326656K [0x0000000080000000, 0x0000000100000000)
  region size 1024K, 20 young (20480K), 20 survivors (20480K)
 Metaspace       used 165790K, capacity 176805K, committed 177004K, reserved 1198080K
  class space    used 23400K, capacity 28424K, committed 28492K, reserved 1048576K
}
Event: 71.500 GC heap before
{Heap before GC invocations=124 (full 0):
 garbage-first heap   total 673792K, used 506880K [0x0000000080000000, 0x0000000100000000)
  region size 1024K, 196 young (200704K), 20 survivors (20480K)
 Metaspace       used 165792K, capacity 176805K, committed 177004K, reserved 1198080K
  class space    used 23400K, capacity 28424K, committed 28492K, reserved 1048576K
}
Event: 71.556 GC heap after
{Heap after GC invocations=125 (full 0):
 garbage-first heap   total 673792K, used 356352K [0x0000000080000000, 0x0000000100000000)
  region size 1024K, 25 young (25600K), 25 survivors (25600K)
 Metaspace       used 165792K, capacity 176805K, committed 177004K, reserved 1198080K
  class space    used 23400K, capacity 28424K, committed 28492K, reserved 1048576K
}
Event: 71.881 GC heap before
{Heap before GC invocations=125 (full 0):
 garbage-first heap   total 673792K, used 524288K [0x0000000080000000, 0x0000000100000000)
  region size 1024K, 189 young (193536K), 25 survivors (25600K)
 Metaspace       used 165792K, capacity 176805K, committed 177004K, reserved 1198080K
  class space    used 23400K, capacity 28424K, committed 28492K, reserved 1048576K
}
Event: 71.952 GC heap after
{Heap after GC invocations=126 (full 0):
 garbage-first heap   total 956416K, used 386048K [0x0000000080000000, 0x0000000100000000)
  region size 1024K, 24 young (24576K), 24 survivors (24576K)
 Metaspace       used 165792K, capacity 176805K, committed 177004K, reserved 1198080K
  class space    used 23400K, capacity 28424K, committed 28492K, reserved 1048576K
}
Event: 72.602 GC heap before
{Heap before GC invocations=126 (full 0):
 garbage-first heap   total 956416K, used 605184K [0x0000000080000000, 0x0000000100000000)
  region size 1024K, 237 young (242688K), 24 survivors (24576K)
 Metaspace       used 165797K, capacity 176807K, committed 177004K, reserved 1198080K
  class space    used 23400K, capacity 28424K, committed 28492K, reserved 1048576K
}
Event: 72.713 GC heap after
{Heap after GC invocations=127 (full 0):
 garbage-first heap   total 956416K, used 424960K [0x0000000080000000, 0x0000000100000000)
  region size 1024K, 30 young (30720K), 30 survivors (30720K)
 Metaspace       used 165797K, capacity 176807K, committed 177004K, reserved 1198080K
  class space    used 23400K, capacity 28424K, committed 28492K, reserved 1048576K
}

Deoptimization events (20 events):
Event: 70.436 Thread 0x0000026923254800 DEOPT PACKING pc=0x0000026910f15040 sp=0x000000c0447fb990
Event: 70.436 Thread 0x0000026923254800 DEOPT UNPACKING pc=0x000002690875a1af sp=0x000000c0447fb8d0 mode 2
Event: 70.436 Thread 0x0000026923254800 Uncommon trap: trap_request=0xffffffc6 fr.pc=0x0000026910f16fb8 relative=0x0000000000000598
Event: 70.436 Thread 0x0000026923254800 Uncommon trap: reason=bimorphic_or_optimized_type_check action=maybe_recompile pc=0x0000026910f16fb8 method=scala.collection.TraversableOnce$reducer$1.apply(Ljava/lang/Object;)V @ 28 c2
Event: 70.436 Thread 0x0000026923254800 DEOPT PACKING pc=0x0000026910f16fb8 sp=0x000000c0447fb900
Event: 70.436 Thread 0x0000026923254800 DEOPT UNPACKING pc=0x000002690875a1af sp=0x000000c0447fb8b8 mode 2
Event: 70.548 Thread 0x00000269238a3800 Uncommon trap: trap_request=0xffffffd6 fr.pc=0x0000026910f193ec relative=0x00000000000007ac
Event: 70.548 Thread 0x00000269238a3800 Uncommon trap: reason=array_check action=maybe_recompile pc=0x0000026910f193ec method=java.util.TimSort.binarySort([Ljava/lang/Object;IIILjava/util/Comparator;)V @ 193 c2
Event: 70.548 Thread 0x00000269238a3800 DEOPT PACKING pc=0x0000026910f193ec sp=0x000000c046af9400
Event: 70.548 Thread 0x00000269238a3800 DEOPT UNPACKING pc=0x000002690875a1af sp=0x000000c046af93a8 mode 2
Event: 70.589 Thread 0x000002692c82d000 Uncommon trap: trap_request=0xffffffde fr.pc=0x00000269103f3ac8 relative=0x0000000000000e48
Event: 70.589 Thread 0x000002692c82d000 Uncommon trap: reason=class_check action=maybe_recompile pc=0x00000269103f3ac8 method=org.apache.spark.sql.catalyst.StructFilters.<init>(Lscala/collection/Seq;Lorg/apache/spark/sql/types/StructType;)V @ 22 c2
Event: 70.589 Thread 0x000002692c82d000 DEOPT PACKING pc=0x00000269103f3ac8 sp=0x000000c0504fdd60
Event: 70.589 Thread 0x000002692c82d000 DEOPT UNPACKING pc=0x000002690875a1af sp=0x000000c0504fdd48 mode 2
Event: 73.458 Thread 0x0000026923254800 DEOPT PACKING pc=0x000002690acdba5a sp=0x000000c0447fbb40
Event: 73.458 Thread 0x0000026923254800 DEOPT UNPACKING pc=0x000002690875a95e sp=0x000000c0447fb008 mode 0
Event: 73.566 Thread 0x000002692c82d000 Uncommon trap: trap_request=0xffffffde fr.pc=0x00000269103f3ac8 relative=0x0000000000000e48
Event: 73.566 Thread 0x000002692c82d000 Uncommon trap: reason=class_check action=maybe_recompile pc=0x00000269103f3ac8 method=org.apache.spark.sql.catalyst.StructFilters.<init>(Lscala/collection/Seq;Lorg/apache/spark/sql/types/StructType;)V @ 22 c2
Event: 73.566 Thread 0x000002692c82d000 DEOPT PACKING pc=0x00000269103f3ac8 sp=0x000000c0504fdec0
Event: 73.566 Thread 0x000002692c82d000 DEOPT UNPACKING pc=0x000002690875a1af sp=0x000000c0504fdea8 mode 2

Classes redefined (0 events):
No events

Internal exceptions (20 events):
Event: 46.808 Thread 0x000002692c82d000 Exception <a 'java/lang/NoSuchMethodError'{0x00000000928bf1a8}: 'java.lang.Object java.lang.invoke.DelegatingMethodHandle$Holder.reinvoke_L(java.lang.Object, java.lang.Object, int, java.lang.Object, java.lang.Object, java.lang.Object, java.lang.Object)'> (0x00000000928bf1a8) thrown at [s\src\hotspot\share\interpreter\linkResolver.cpp, line 773]
Event: 47.225 Thread 0x000002692c832800 Implicit null exception at 0x0000026910a16159 to 0x0000026910a16cb0
Event: 47.231 Thread 0x00000269222ff800 Implicit null exception at 0x0000026910a13103 to 0x0000026910a13576
Event: 47.231 Thread 0x000002692c811800 Implicit null exception at 0x0000026910a13103 to 0x0000026910a13576
Event: 48.132 Thread 0x000002692c832800 Implicit null exception at 0x0000026910ca1afc to 0x0000026910ca1fa8
Event: 48.132 Thread 0x000002692c82d000 Implicit null exception at 0x0000026910ca1afc to 0x0000026910ca1fa8
Event: 48.132 Thread 0x000002692c811800 Implicit null exception at 0x0000026910ca1afc to 0x0000026910ca1fa8
Event: 48.132 Thread 0x00000269222ff800 Implicit null exception at 0x0000026910ca1afc to 0x0000026910ca1fa8
Event: 52.977 Thread 0x000002692c837800 Implicit null exception at 0x0000026910df371d to 0x0000026910df7f68
Event: 52.988 Thread 0x000002692c837800 Implicit null exception at 0x0000026910debb7b to 0x0000026910decb90
Event: 53.983 Thread 0x0000026923254800 Exception <a 'java/lang/NoSuchMethodError'{0x00000000924d28f0}: 'java.lang.Object java.lang.invoke.DirectMethodHandle$Holder.invokeSpecial(java.lang.Object, java.lang.Object, long, java.lang.Object, java.lang.Object)'> (0x00000000924d28f0) thrown at [s\src\hotspot\share\interpreter\linkResolver.cpp, line 773]
Event: 54.144 Thread 0x0000026923254800 Exception <a 'org/apache/hadoop/io/nativeio/NativeIOException'{0x0000000091c44a68}> (0x0000000091c44a68) thrown at [s\src\hotspot\share\prims\jni.cpp, line 617]
Event: 54.147 Thread 0x0000026923254800 Exception <a 'org/apache/hadoop/io/nativeio/NativeIOException'{0x0000000091c4d700}> (0x0000000091c4d700) thrown at [s\src\hotspot\share\prims\jni.cpp, line 617]
Event: 54.675 Thread 0x0000026923254800 Exception <a 'java/lang/reflect/InvocationTargetException'{0x0000000091baf970}> (0x0000000091baf970) thrown at [s\src\hotspot\share\runtime\reflection.cpp, line 1245]
Event: 54.676 Thread 0x0000026923254800 Exception <a 'java/lang/NoSuchMethodError'{0x0000000091bb6400}: 'java.lang.Object java.lang.invoke.DirectMethodHandle$Holder.invokeSpecial(java.lang.Object, java.lang.Object, java.lang.Object, long, java.lang.Object, java.lang.Object)'> (0x0000000091bb6400) thrown at [s\src\hotspot\share\interpreter\linkResolver.cpp, line 773]
Event: 54.676 Thread 0x0000026923254800 Exception <a 'java/lang/NoSuchMethodError'{0x0000000091bb9b48}: 'java.lang.Object java.lang.invoke.Invokers$Holder.linkToTargetMethod(java.lang.Object, long, java.lang.Object, java.lang.Object, java.lang.Object)'> (0x0000000091bb9b48) thrown at [s\src\hotspot\share\interpreter\linkResolver.cpp, line 773]
Event: 60.888 Thread 0x0000026923254800 Exception <a 'java/lang/NoSuchMethodError'{0x0000000094518470}: 'java.lang.Object java.lang.invoke.DirectMethodHandle$Holder.invokeStatic(java.lang.Object, int, java.lang.Object, int)'> (0x0000000094518470) thrown at [s\src\hotspot\share\interpreter\linkResolver.cpp, line 773]
Event: 60.889 Thread 0x0000026923254800 Exception <a 'java/lang/NoSuchMethodError'{0x000000009451bcb8}: 'java.lang.Object java.lang.invoke.DirectMethodHandle$Holder.invokeSpecial(java.lang.Object, java.lang.Object, int, java.lang.Object, int)'> (0x000000009451bcb8) thrown at [s\src\hotspot\share\interpreter\linkResolver.cpp, line 773]
Event: 60.889 Thread 0x0000026923254800 Exception <a 'java/lang/NoSuchMethodError'{0x000000009451eed0}: 'java.lang.Object java.lang.invoke.Invokers$Holder.linkToTargetMethod(int, java.lang.Object, int, java.lang.Object)'> (0x000000009451eed0) thrown at [s\src\hotspot\share\interpreter\linkResolver.cpp, line 773]
Event: 70.548 Thread 0x00000269238a3800 Exception <a 'java/lang/NoSuchMethodError'{0x00000000a3517a98}: <clinit>> (0x00000000a3517a98) thrown at [s\src\hotspot\share\prims\jni.cpp, line 1372]

Events (20 events):
Event: 70.961 Thread 0x000002692ea50800 Thread added: 0x000002692ea50800
Event: 70.964 Thread 0x000002692ea4b000 Thread added: 0x000002692ea4b000
Event: 71.500 Executing VM operation: G1CollectForAllocation
Event: 71.556 Executing VM operation: G1CollectForAllocation done
Event: 71.881 Executing VM operation: G1CollectForAllocation
Event: 71.952 Executing VM operation: G1CollectForAllocation done
Event: 72.602 Executing VM operation: G1CollectForAllocation
Event: 72.713 Executing VM operation: G1CollectForAllocation done
Event: 73.145 Thread 0x000002692ea51800 Thread added: 0x000002692ea51800
Event: 73.149 Executing VM operation: BulkRevokeBias
Event: 73.160 Executing VM operation: BulkRevokeBias done
Event: 73.174 Executing VM operation: RevokeBias
Event: 73.174 Executing VM operation: RevokeBias done
Event: 73.310 Executing VM operation: BulkRevokeBias
Event: 73.415 Executing VM operation: BulkRevokeBias done
Event: 73.417 Thread 0x00000269289e0000 Thread added: 0x00000269289e0000
Event: 73.526 Executing VM operation: RevokeBias
Event: 73.526 Executing VM operation: RevokeBias done
Event: 73.527 Executing VM operation: RevokeBias
Event: 73.528 Executing VM operation: RevokeBias done


Dynamic libraries:
0x00007ff6bc0d0000 - 0x00007ff6bc0de000 	C:\Program Files\Microsoft\jdk-11.0.30.7-hotspot\bin\java.exe
0x00007ffc44af0000 - 0x00007ffc44ce8000 	C:\Windows\SYSTEM32\ntdll.dll
0x00007ffc449e0000 - 0x00007ffc44aa2000 	C:\Windows\System32\KERNEL32.DLL
0x00007ffc42700000 - 0x00007ffc429f6000 	C:\Windows\System32\KERNELBASE.dll
0x00007ffc42180000 - 0x00007ffc42280000 	C:\Windows\System32\ucrtbase.dll
0x00007ffc25420000 - 0x00007ffc25438000 	C:\Program Files\Microsoft\jdk-11.0.30.7-hotspot\bin\jli.dll
0x00007ffc1d570000 - 0x00007ffc1d58e000 	C:\Program Files\Microsoft\jdk-11.0.30.7-hotspot\bin\VCRUNTIME140.dll
0x00007ffc44450000 - 0x00007ffc445f1000 	C:\Windows\System32\USER32.dll
0x00007ffc2ca20000 - 0x00007ffc2ccbb000 	C:\Windows\WinSxS\amd64_microsoft.windows.common-controls_6595b64144ccf1df_6.0.19041.6456_none_60b8a6cb71f64256\COMCTL32.dll
0x00007ffc426d0000 - 0x00007ffc426f2000 	C:\Windows\System32\win32u.dll
0x00007ffc43bc0000 - 0x00007ffc43c5e000 	C:\Windows\System32\msvcrt.dll
0x00007ffc43350000 - 0x00007ffc4337b000 	C:\Windows\System32\GDI32.dll
0x00007ffc42360000 - 0x00007ffc42479000 	C:\Windows\System32\gdi32full.dll
0x00007ffc425e0000 - 0x00007ffc4267d000 	C:\Windows\System32\msvcp_win.dll
0x00007ffc43460000 - 0x00007ffc4348f000 	C:\Windows\System32\IMM32.DLL
0x00007ffc255d0000 - 0x00007ffc255dc000 	C:\Program Files\Microsoft\jdk-11.0.30.7-hotspot\bin\vcruntime140_1.dll
0x00007ffc01bf0000 - 0x00007ffc01c7d000 	C:\Program Files\Microsoft\jdk-11.0.30.7-hotspot\bin\msvcp140.dll
0x00007ffb63d30000 - 0x00007ffb64906000 	C:\Program Files\Microsoft\jdk-11.0.30.7-hotspot\bin\server\jvm.dll
0x00007ffc43290000 - 0x00007ffc43341000 	C:\Windows\System32\ADVAPI32.dll
0x00007ffc43d80000 - 0x00007ffc43e1f000 	C:\Windows\System32\sechost.dll
0x00007ffc43970000 - 0x00007ffc43a90000 	C:\Windows\System32\RPCRT4.dll
0x00007ffc42330000 - 0x00007ffc42357000 	C:\Windows\System32\bcrypt.dll
0x00007ffc43860000 - 0x00007ffc438cb000 	C:\Windows\System32\WS2_32.dll
0x00007ffc2daf0000 - 0x00007ffc2db17000 	C:\Windows\SYSTEM32\WINMM.dll
0x00007ffc39de0000 - 0x00007ffc39dea000 	C:\Windows\SYSTEM32\VERSION.dll
0x00007ffc409c0000 - 0x00007ffc409d2000 	C:\Windows\SYSTEM32\kernel.appcore.dll
0x00007ffc25410000 - 0x00007ffc25420000 	C:\Program Files\Microsoft\jdk-11.0.30.7-hotspot\bin\verify.dll
0x00007ffc40640000 - 0x00007ffc40841000 	C:\Windows\SYSTEM32\DBGHELP.DLL
0x00007ffc326c0000 - 0x00007ffc326f4000 	C:\Windows\SYSTEM32\dbgcore.DLL
0x00007ffc42a00000 - 0x00007ffc42a82000 	C:\Windows\System32\bcryptPrimitives.dll
0x00007ffc18570000 - 0x00007ffc1859a000 	C:\Program Files\Microsoft\jdk-11.0.30.7-hotspot\bin\java.dll
0x00007ffc1f3e0000 - 0x00007ffc1f3ea000 	C:\Program Files\Microsoft\jdk-11.0.30.7-hotspot\bin\jimage.dll
0x00007ffc1d0b0000 - 0x00007ffc1d0c8000 	C:\Program Files\Microsoft\jdk-11.0.30.7-hotspot\bin\zip.dll
0x00007ffc42b10000 - 0x00007ffc43280000 	C:\Windows\System32\SHELL32.dll
0x00007ffc3fdc0000 - 0x00007ffc40565000 	C:\Windows\SYSTEM32\windows.storage.dll
0x00007ffc43490000 - 0x00007ffc437e4000 	C:\Windows\System32\combase.dll
0x00007ffc41ad0000 - 0x00007ffc41afb000 	C:\Windows\SYSTEM32\Wldp.dll
0x00007ffc43af0000 - 0x00007ffc43bbd000 	C:\Windows\System32\OLEAUT32.dll
0x00007ffc442f0000 - 0x00007ffc4439d000 	C:\Windows\System32\SHCORE.dll
0x00007ffc43800000 - 0x00007ffc4385b000 	C:\Windows\System32\shlwapi.dll
0x00007ffc420b0000 - 0x00007ffc420d4000 	C:\Windows\SYSTEM32\profapi.dll
0x00007ffc17eb0000 - 0x00007ffc17ecb000 	C:\Program Files\Microsoft\jdk-11.0.30.7-hotspot\bin\net.dll
0x00007ffc314e0000 - 0x00007ffc315ea000 	C:\Windows\SYSTEM32\WINHTTP.dll
0x00007ffc41830000 - 0x00007ffc4189a000 	C:\Windows\system32\mswsock.dll
0x00007ffc17370000 - 0x00007ffc17383000 	C:\Program Files\Microsoft\jdk-11.0.30.7-hotspot\bin\nio.dll
0x00007ffc1d540000 - 0x00007ffc1d54a000 	C:\Program Files\Microsoft\jdk-11.0.30.7-hotspot\bin\management.dll
0x00007ffc1d4f0000 - 0x00007ffc1d4fc000 	C:\Program Files\Microsoft\jdk-11.0.30.7-hotspot\bin\management_ext.dll
0x00007ffc437f0000 - 0x00007ffc437f8000 	C:\Windows\System32\PSAPI.DLL
0x00007ffc39ad0000 - 0x00007ffc39ae7000 	C:\Windows\system32\napinsp.dll
0x00007ffc32710000 - 0x00007ffc3272b000 	C:\Windows\system32\pnrpnsp.dll
0x00007ffc3c5b0000 - 0x00007ffc3c5cd000 	C:\Windows\system32\wshbth.dll
0x00007ffc39910000 - 0x00007ffc3992d000 	C:\Windows\system32\NLAapi.dll
0x00007ffc41510000 - 0x00007ffc4154b000 	C:\Windows\SYSTEM32\IPHLPAPI.DLL
0x00007ffc41550000 - 0x00007ffc4161a000 	C:\Windows\SYSTEM32\DNSAPI.dll
0x00007ffc43280000 - 0x00007ffc43288000 	C:\Windows\System32\NSI.dll
0x00007ffc30eb0000 - 0x00007ffc30ec2000 	C:\Windows\System32\winrnr.dll
0x0000000054090000 - 0x00000000540b6000 	C:\Program Files\Bonjour\mdnsNSP.dll
0x00007ffc2f170000 - 0x00007ffc2f17a000 	C:\Windows\System32\rasadhlp.dll
0x00007ffc2d4e0000 - 0x00007ffc2d560000 	C:\Windows\System32\fwpuclnt.dll
0x00007ffc41a20000 - 0x00007ffc41a38000 	C:\Windows\SYSTEM32\CRYPTSP.dll
0x00007ffc41150000 - 0x00007ffc41188000 	C:\Windows\system32\rsaenh.dll
0x00007ffc42070000 - 0x00007ffc4209e000 	C:\Windows\SYSTEM32\USERENV.dll
0x00007ffc41a40000 - 0x00007ffc41a4c000 	C:\Windows\SYSTEM32\CRYPTBASE.dll
0x00007ffc31d50000 - 0x00007ffc31d67000 	C:\Windows\SYSTEM32\dhcpcsvc6.DLL
0x00007ffc32230000 - 0x00007ffc3224d000 	C:\Windows\SYSTEM32\dhcpcsvc.DLL
0x00007ffc17350000 - 0x00007ffc17367000 	C:\hadoop\bin\hadoop.dll
0x00007ffc40e70000 - 0x00007ffc40ebf000 	C:\Windows\SYSTEM32\AUTHZ.dll
0x00007ffc2be20000 - 0x00007ffc2be39000 	C:\Windows\SYSTEM32\NETAPI32.dll
0x00007ffc2bd10000 - 0x00007ffc2bd29000 	C:\Windows\SYSTEM32\SAMCLI.DLL
0x00007ffc41620000 - 0x00007ffc4162c000 	C:\Windows\SYSTEM32\NETUTILS.DLL
0x00007ffc1d170000 - 0x00007ffc1d179000 	C:\Program Files\Microsoft\jdk-11.0.30.7-hotspot\bin\jaas.dll
0x00007ffc413a0000 - 0x00007ffc413d3000 	C:\Windows\SYSTEM32\ntmarta.dll
0x0000000066f40000 - 0x0000000066fc4000 	C:\Users\koffi\AppData\Local\Temp\liblz4-java-17956764888677769720.so
0x0000000070fc0000 - 0x000000007108d000 	C:\Users\koffi\AppData\Local\Temp\snappy-1.1.10-1b1332bc-7f78-4ba4-b5b7-bbeb26106a53-snappyjava.dll

dbghelp: loaded successfully - version: 4.0.5 - missing functions: none
symbol engine: initialized successfully - sym options: 0x614 - pdb path: .;C:\Program Files\Microsoft\jdk-11.0.30.7-hotspot\bin;C:\Windows\SYSTEM32;C:\Windows\WinSxS\amd64_microsoft.windows.common-controls_6595b64144ccf1df_6.0.19041.6456_none_60b8a6cb71f64256;C:\Program Files\Microsoft\jdk-11.0.30.7-hotspot\bin\server;C:\Program Files\Bonjour;C:\hadoop\bin;C:\Users\koffi\AppData\Local\Temp

VM Arguments:
jvm_args: -Xmx2g -Djava.library.path=C:/hadoop/bin -Dhadoop.home.dir=C:/hadoop -XX:+IgnoreUnrecognizedVMOptions --add-opens=java.base/java.lang=ALL-UNNAMED --add-opens=java.base/java.lang.invoke=ALL-UNNAMED --add-opens=java.base/java.lang.reflect=ALL-UNNAMED --add-opens=java.base/java.io=ALL-UNNAMED --add-opens=java.base/java.net=ALL-UNNAMED --add-opens=java.base/java.nio=ALL-UNNAMED --add-opens=java.base/java.util=ALL-UNNAMED --add-opens=java.base/java.util.concurrent=ALL-UNNAMED --add-opens=java.base/java.util.concurrent.atomic=ALL-UNNAMED --add-opens=java.base/jdk.internal.ref=ALL-UNNAMED --add-opens=java.base/sun.nio.ch=ALL-UNNAMED --add-opens=java.base/sun.nio.cs=ALL-UNNAMED --add-opens=java.base/sun.security.action=ALL-UNNAMED --add-opens=java.base/sun.util.calendar=ALL-UNNAMED --add-opens=java.security.jgss/sun.security.krb5=ALL-UNNAMED -Djdk.reflect.useDirectMethodHandle=false 
java_command: org.apache.spark.deploy.SparkSubmit --conf spark.executor.memory=1g --conf spark.master=local[*] --conf spark.driver.memory=2g --conf spark.jars.packages=io.delta:delta-spark_2.12:3.1.0 --conf spark.sql.catalog.spark_catalog=org.apache.spark.sql.delta.catalog.DeltaCatalog --conf spark.app.name=axa-claims-lakehouse --conf spark.memory.storageFraction=0.3 --conf spark.executor.cores=2 --conf spark.sql.shuffle.partitions=4 --conf spark.hadoop.io.native.lib.available=false --conf spark.sql.extensions=io.delta.sql.DeltaSparkSessionExtension --conf spark.kryo.registrationRequired=false --conf spark.default.parallelism=4 --conf spark.databricks.delta.optimizeWrite.enabled=true --conf spark.sql.adaptive.enabled=true --conf spark.sql.autoBroadcastJoinThreshold=10m --conf spark.sql.adaptive.coalescePartitions.enabled=true --conf spark.serializer=org.apache.spark.serializer.KryoSerializer --conf spark.memory.fraction=0.6 --conf spark.executor.extraJavaOptions=-Djava.library.path=C:/hadoop/bin -Dhadoop.home.dir=C:/hadoop --conf spark.databricks.delta.schema.autoMerge.enabled=true --conf spark.sql.adaptive.skewJoin.enabled=true --conf spark.driver.extraJavaOptions=-Djava.library.path=C:/hadoop/bin -Dhadoop.home.dir=C:/hadoop pyspark-shell
java_class_path (initial): C:\Users\koffi\anaconda3\Lib\site-packages\pyspark\bin\..\conf;C:\Users\koffi\anaconda3\Lib\site-packages\pyspark\bin\..\jars\activation-1.1.1.jar;C:\Users\koffi\anaconda3\Lib\site-packages\pyspark\bin\..\jars\aircompressor-0.26.jar;C:\Users\koffi\anaconda3\Lib\site-packages\pyspark\bin\..\jars\algebra_2.12-2.0.1.jar;C:\Users\koffi\anaconda3\Lib\site-packages\pyspark\bin\..\jars\annotations-17.0.0.jar;C:\Users\koffi\anaconda3\Lib\site-packages\pyspark\bin\..\jars\antlr-runtime-3.5.2.jar;C:\Users\koffi\anaconda3\Lib\site-packages\pyspark\bin\..\jars\antlr4-runtime-4.9.3.jar;C:\Users\koffi\anaconda3\Lib\site-packages\pyspark\bin\..\jars\aopalliance-repackaged-2.6.1.jar;C:\Users\koffi\anaconda3\Lib\site-packages\pyspark\bin\..\jars\arpack-3.0.3.jar;C:\Users\koffi\anaconda3\Lib\site-packages\pyspark\bin\..\jars\arpack_combined_all-0.1.jar;C:\Users\koffi\anaconda3\Lib\site-packages\pyspark\bin\..\jars\arrow-format-12.0.1.jar;C:\Users\koffi\anaconda3\Lib\site-packages\pyspark\bin\..\jars\arrow-memory-core-12.0.1.jar;C:\Users\koffi\anaconda3\Lib\site-packages\pyspark\bin\..\jars\arrow-memory-netty-12.0.1.jar;C:\Users\koffi\anaconda3\Lib\site-packages\pyspark\bin\..\jars\arrow-vector-12.0.1.jar;C:\Users\koffi\anaconda3\Lib\site-packages\pyspark\bin\..\jars\audience-annotations-0.5.0.jar;C:\Users\koffi\anaconda3\Lib\site-packages\pyspark\bin\..\jars\avro-1.11.2.jar;C:\Users\koffi\anaconda3\Lib\site-packages\pyspark\bin\..\jars\avro-ipc-1.11.2.jar;C:\Users\koffi\anaconda3\Lib\site-packages\pyspark\bin\..\jars\avro-mapred-1.11.2.jar;C:\Users\koffi\anaconda3\Lib\site-packages\pyspark\bin\..\jars\blas-3.0.3.jar;C:\Users\koffi\anaconda3\Lib\site-packages\pyspark\bin\..\jars\bonecp-0.8.0.RELEASE.jar;C:\Users\koffi\anaconda3\Lib\site-packages\pyspark\bin\..\jars\breeze-macros_2.12-2.1.0.jar;C:\Users\koffi\anaconda3\Lib\site-packages\pyspark\bin\..\jars\breeze_2.12-2.1.0.jar;C:\Users\koffi\anaconda3\Lib\site-packages\pyspark\bin\..\jars\cats-kernel_2.12-
Launcher Type: SUN_STANDARD

[Global flags]
     intx CICompilerCount                          = 3                                         {product} {ergonomic}
     uint ConcGCThreads                            = 1                                         {product} {ergonomic}
     uint G1ConcRefinementThreads                  = 4                                         {product} {ergonomic}
   size_t G1HeapRegionSize                         = 1048576                                   {product} {ergonomic}
    uintx GCDrainStackTargetSize                   = 64                                        {product} {ergonomic}
     bool IgnoreUnrecognizedVMOptions              = true                                      {product} {command line}
   size_t InitialHeapSize                          = 134217728                                 {product} {ergonomic}
   size_t MarkStackSize                            = 4194304                                   {product} {ergonomic}
   size_t MaxHeapSize                              = 2147483648                                {product} {command line}
   size_t MaxNewSize                               = 1287651328                                {product} {ergonomic}
   size_t MinHeapDeltaBytes                        = 1048576                                   {product} {ergonomic}
    uintx NonNMethodCodeHeapSize                   = 5830732                                {pd product} {ergonomic}
    uintx NonProfiledCodeHeapSize                  = 122913754                              {pd product} {ergonomic}
    uintx ProfiledCodeHeapSize                     = 122913754                              {pd product} {ergonomic}
    uintx ReservedCodeCacheSize                    = 251658240                              {pd product} {ergonomic}
     bool SegmentedCodeCache                       = true                                      {product} {ergonomic}
     bool UseCompressedClassPointers               = true                                 {lp64_product} {ergonomic}
     bool UseCompressedOops                        = true                                 {lp64_product} {ergonomic}
     bool UseG1GC                                  = true                                      {product} {ergonomic}
     bool UseLargePagesIndividualAllocation        = false                                  {pd product} {ergonomic}

Logging:
Log output configuration:
 #0: stdout all=warning uptime,level,tags
 #1: stderr all=off uptime,level,tags

Environment Variables:
JAVA_HOME=C:\Program Files\Microsoft\jdk-11.0.30.7-hotspot
PATH=C:\hadoop\bin;C:\Users\koffi\anaconda3;C:\Users\koffi\anaconda3\Library\mingw-w64\bin;C:\Users\koffi\anaconda3\Library\usr\bin;C:\Users\koffi\anaconda3\Library\bin;C:\Users\koffi\anaconda3\Scripts;C:\Users\koffi\anaconda3\bin;C:\Users\koffi\anaconda3\condabin;C:\Program Files\Microsoft\jdk-11.0.30.7-hotspot\bin;C:\Windows\system32;C:\Windows;C:\Windows\System32\Wbem;C:\Windows\System32\WindowsPowerShell\v1.0;C:\Windows\System32\OpenSSH;C:\Program Files\Git\cmd;C:\Users\koffi\AppData\Local\Microsoft\WindowsApps;C:\Users\koffi\bg\blp\DAPI;C:\Users\koffi\bg\blp\DAPI\DDE;C:\Users\koffi\AppData\Local\Programs\Antigravity\bin;C:\Users\koffi\AppData\Local\Python\bin;C:\Program Files\Microsoft\jdk-11.0.30.7-hotspot\bin
USERNAME=koffi
OS=Windows_NT
PROCESSOR_IDENTIFIER=Intel64 Family 6 Model 78 Stepping 3, GenuineIntel
TMP=C:\Users\koffi\AppData\Local\Temp
TEMP=C:\Users\koffi\AppData\Local\Temp



---------------  S Y S T E M  ---------------

OS: Windows 10 , 64 bit Build 19041 (10.0.19041.5915)
OS uptime: 103 days 23:18 hours

CPU:total 4 (initial active 4) (2 cores per cpu, 2 threads per core) family 6 model 78 stepping 3 microcode 0xf0, cmov, cx8, fxsr, mmx, sse, sse2, sse3, ssse3, sse4.1, sse4.2, popcnt, avx, avx2, aes, clmul, erms, rtm, 3dnowpref, lzcnt, ht, tsc, tscinvbit, bmi1, bmi2, adx, fma

Memory: 4k page, system-wide physical 8087M (415M free)
TotalPageFile size 23242M (AvailPageFile size 4M)
current process WorkingSet (physical memory assigned to process): 913M, peak: 1002M
current process commit charge ("private bytes"): 1414M, peak: 1415M

vm_info: OpenJDK 64-Bit Server VM (11.0.30+7-LTS) for windows-amd64 JRE (11.0.30+7-LTS), built on Jan 14 2026 18:06:18 by "MicrosoftCorporation" with unknown MS VC++:1943

END.
